NtryRef;AcctIBAN;BookgDt;ValDt;Amt;Ccy;CdtDbtInd;BkTxCd;CdtrDbtrNm;CdtrDbtrIBAN;RmtInf;AddtlNtryInf;MCC
URS-000000;CH1200778010203040506;2023-09-01;2023-09-01;2650.00;CHF;DBIT;PMNT-ICDT-STDO;Allgemeine Baugenossenschaft Luzern;;;Dauerauftrag Miete Haldenstrasse;
URS-000001;CH1200778010203040506;2023-09-01;2023-09-01;900.00;CHF;DBIT;PMNT-ICDT-STDO;Zimmermann Laura;;;Dauerauftrag Unterhalt Laura;
URS-000002;CH1200778010203040506;2023-09-04;2023-09-04;83.75;CHF;DBIT;PMNT-CCRD-POSD;Avia Tankstelle;;;Einkauf Avia Tankstelle Luzern Karte xxxx 4821;5541
URS-000003;CH1200778010203040506;2023-09-04;2023-09-04;49.25;CHF;DBIT;PMNT-CCRD-POSD;Coop;;;Einkauf Coop Luzern Karte xxxx 4821;5411
URS-000004;CH1200778010203040506;2023-09-04;2023-09-04;137.15;CHF;CRDT;PMNT-RCDT-DMCT;Marktkasse Wochenmarkt Luzern;;;Gutschrift Marktkasse Wochenmarkt Luzern Käseverkauf;
URS-000005;CH1200778010203040506;2023-09-04;2023-09-04;144.25;CHF;CRDT;PMNT-RCDT-DMCT;Marktkasse Wochenmarkt Luzern;;;Gutschrift Marktkasse Wochenmarkt Luzern Käseverkauf;
URS-000006;CH1200778010203040506;2023-09-05;2023-09-05;518.00;CHF;DBIT;PMNT-IDDT-ESDD;Sanitas Grundversicherungen AG;;;LSV Prämie Grundversicherung;
URS-000007;CH1200778010203040506;2023-09-05;2023-09-05;60.85;CHF;DBIT;PMNT-CCRD-POSD;Manor Food;;;Einkauf Manor Food Luzern Karte xxxx 4821;5411
URS-000008;CH1200778010203040506;2023-09-06;2023-09-06;161.95;CHF;DBIT;PMNT-CCRD-POSD;Coop;;;Einkauf Coop Luzern Karte xxxx 4821;5411
URS-000009;CH1200778010203040506;2023-09-06;2023-09-06;53.95;CHF;DBIT;PMNT-CCRD-POSD;Tankstelle Hafen Luzern;;;Einkauf Tankstelle Hafen Luzern Bootsbenzin Karte xxxx 2210;
URS-000010;CH1200778010203040506;2023-09-07;2023-09-07;99.40;CHF;DBIT;PMNT-CCRD-POSD;Old Swiss House;;;Einkauf Old Swiss House Luzern Karte xxxx 4821;5812
URS-000011;CH1200778010203040506;2023-09-07;2023-09-07;84.00;CHF;DBIT;PMNT-CCRD-POSD;Fantasywelt Luzern;;;Einkauf Fantasywelt Luzern Luzern Karte xxxx 4821;5945
URS-000012;CH1200778010203040506;2023-09-08;2023-09-08;108.95;CHF;DBIT;PMNT-CCRD-POSD;Migros;;;Einkauf Migros Luzern Karte xxxx 4821;5411
URS-000013;CH1200778010203040506;2023-09-08;2023-09-08;65.00;CHF;DBIT;PMNT-IDDT-ESDD;Salt Mobile SA;;;LSV Salt Abo;
URS-000014;CH1200778010203040506;2023-09-08;2023-09-08;33.15;CHF;DBIT;PMNT-CCRD-POSD;Coop;;;Einkauf Coop Luzern Karte xxxx 4821;5411
URS-000015;CH1200778010203040506;2023-09-11;2023-09-11;49.00;CHF;DBIT;PMNT-IDDT-ESDD;Swisscom (Schweiz) AG;;;LSV blue TV;
URS-000016;CH1200778010203040506;2023-09-14;2023-09-14;282.95;CHF;DBIT;PMNT-ICDT-DMCT;Himalaya Käse Import GmbH;;;Zahlung Rechnung Yak-Käse Lieferung;
URS-000017;CH1200778010203040506;2023-09-14;2023-09-14;124.25;CHF;DBIT;PMNT-CCRD-POSD;Shell;;;Einkauf Shell Luzern Karte xxxx 4821;5541
URS-000018;CH1200778010203040506;2023-09-14;2023-09-14;31.10;CHF;DBIT;PMNT-CCRD-POSD;Old Swiss House;;;Einkauf Old Swiss House Luzern Karte xxxx 4821;5812
URS-000019;CH1200778010203040506;2023-09-14;2023-09-14;101.00;CHF;CRDT;PMNT-RCDT-ESCT;;;;TWINT *Empfangen von Beat Wicki;
URS-000020;CH1200778010203040506;2023-09-15;2023-09-15;100.30;CHF;DBIT;PMNT-CCRD-POSD;BP Tankstelle;;;Einkauf BP Tankstelle Luzern Karte xxxx 4821;5541
URS-000021;CH1200778010203040506;2023-09-15;2023-09-15;86.70;CHF;DBIT;PMNT-CCRD-POSD;Avia Tankstelle;;;Einkauf Avia Tankstelle Luzern Karte xxxx 4821;5541
URS-000022;CH1200778010203040506;2023-09-18;2023-09-18;160.00;CHF;DBIT;PMNT-CCRD-CWDL;;;;Bargeldbezug Postomat Luzern Bahnhof Karte xxxx 4821;6011
URS-000023;CH1200778010203040506;2023-09-18;2023-09-18;158.05;CHF;DBIT;PMNT-CCRD-POSD;Fantasywelt Luzern;;;Einkauf Fantasywelt Luzern Luzern Karte xxxx 4821;5945
URS-000024;CH1200778010203040506;2023-09-18;2023-09-18;52.55;CHF;DBIT;PMNT-CCRD-POSD;Jelmoli;;;Einkauf Jelmoli Luzern Karte xxxx 4821;5651
URS-000025;CH1200778010203040506;2023-09-18;2023-09-18;42.20;CHF;DBIT;PMNT-CCRD-POSD;Migros;;;Einkauf Migros Luzern Karte xxxx 4821;5411
URS-000026;CH1200778010203040506;2023-09-18;2023-09-18;77.85;CHF;CRDT;PMNT-RCDT-ESCT;;;;TWINT *Empfangen von Laura Zimmermann;
URS-000027;CH1200778010203040506;2023-09-20;2023-09-20;188.80;CHF;CRDT;PMNT-RCDT-DMCT;Marktkasse Wochenmarkt Luzern;;;Gutschrift Marktkasse Wochenmarkt Luzern Käseverkauf;
URS-000028;CH1200778010203040506;2023-09-21;2023-09-21;62.60;CHF;DBIT;PMNT-CCRD-POSD;Coop;;;Einkauf Coop Luzern Karte xxxx 4821;5411
URS-000029;CH1200778010203040506;2023-09-22;2023-09-22;92.30;CHF;DBIT;PMNT-CCRD-POSD;Tankstelle Hafen Luzern;;;Einkauf Tankstelle Hafen Luzern Bootsbenzin Karte xxxx 2210;
URS-000030;CH1200778010203040506;2023-09-25;2023-09-25;180.00;CHF;DBIT;PMNT-CCRD-CWDL;;;;Bargeldbezug Postomat Luzern Bahnhof Karte xxxx 4821;6011
URS-000031;CH1200778010203040506;2023-09-25;2023-09-25;123.05;CHF;DBIT;PMNT-CCRD-POSD;Avia Tankstelle;;;Einkauf Avia Tankstelle Luzern Karte xxxx 4821;5541
URS-000032;CH1200778010203040506;2023-09-25;2023-09-25;55.40;CHF;DBIT;PMNT-CCRD-POSD;Coop;;;Einkauf Coop Luzern Karte xxxx 4821;5411
URS-000033;CH1200778010203040506;2023-09-25;2023-09-25;27.85;CHF;DBIT;PMNT-CCRD-POSD;Globus Delicatessa;;;Einkauf Globus Delicatessa Luzern Karte xxxx 4821;5411
URS-000034;CH1200778010203040506;2023-09-25;2023-09-25;268.35;CHF;CRDT;PMNT-RCDT-DMCT;Marktkasse Wochenmarkt Luzern;;;Gutschrift Marktkasse Wochenmarkt Luzern Käseverkauf;
URS-000035;CH1200778010203040506;2023-09-25;2023-09-25;10433.84;CHF;CRDT;PMNT-RCDT-SALA;Schindler Aufzüge AG;CH9300762011623852333;;Gutschrift Salär September 2023;
URS-000036;CH1200778010203040506;2023-09-26;2023-09-26;1000.00;CHF;DBIT;PMNT-ICDT-BOOK;;CH3400778010203040599;;Übertrag Sparkonto;
URS-000037;CH3400778010203040599;2023-09-26;2023-09-26;1000.00;CHF;CRDT;PMNT-RCDT-BOOK;;CH1200778010203040506;;Übertrag Sparkonto;
URS-000038;CH1200778010203040506;2023-09-27;2023-09-27;605.00;CHF;DBIT;PMNT-ICDT-STDO;Frankly Vorsorgestiftung 3a;;;Dauerauftrag Säule 3a;
URS-000039;CH1200778010203040506;2023-09-27;2023-09-27;131.10;CHF;DBIT;PMNT-CCRD-POSD;BP Tankstelle;;;Einkauf BP Tankstelle Luzern Karte xxxx 4821;5541
URS-000040;CH1200778010203040506;2023-09-27;2023-09-27;118.50;CHF;DBIT;PMNT-CCRD-POSD;Old Swiss House;;;Einkauf Old Swiss House Luzern Karte xxxx 4821;5812
URS-000041;CH1200778010203040506;2023-09-27;2023-09-27;102.80;CHF;DBIT;PMNT-CCRD-POSD;Tankstelle Hafen Luzern;;;Einkauf Tankstelle Hafen Luzern Bootsbenzin Karte xxxx 2210;
URS-000042;CH1200778010203040506;2023-09-27;2023-09-27;78.80;CHF;DBIT;PMNT-ICDT-ESCT;;;;TWINT *Sende an Beat Wicki;
URS-000043;CH1200778010203040506;2023-09-28;2023-09-28;2300.00;CHF;DBIT;PMNT-ICDT-STDO;Steueramt der Stadt Luzern;;;Dauerauftrag Steuern Rate;
URS-000044;CH1200778010203040506;2023-09-28;2023-09-28;484.05;CHF;CRDT;PMNT-RCDT-DMCT;Hofladen Sörenberg GmbH;;;Gutschrift Hofladen Sörenberg GmbH Käseverkauf;
URS-000045;CH1200778010203040506;2023-10-02;2023-10-02;2650.00;CHF;DBIT;PMNT-ICDT-STDO;Allgemeine Baugenossenschaft Luzern;;;Dauerauftrag Miete Haldenstrasse;
URS-000046;CH1200778010203040506;2023-10-02;2023-10-02;900.00;CHF;DBIT;PMNT-ICDT-STDO;Zimmermann Laura;;;Dauerauftrag Unterhalt Laura;
URS-000047;CH1200778010203040506;2023-10-04;2023-10-04;79.25;CHF;DBIT;PMNT-CCRD-POSD;Fantasywelt Luzern;;;Einkauf Fantasywelt Luzern Luzern Karte xxxx 4821;5945
URS-000048;CH1200778010203040506;2023-10-04;2023-10-04;176.15;CHF;CRDT;PMNT-RCDT-DMCT;Hofladen Sörenberg GmbH;;;Gutschrift Hofladen Sörenberg GmbH Käseverkauf;
URS-000049;CH1200778010203040506;2023-10-05;2023-10-05;518.00;CHF;DBIT;PMNT-IDDT-ESDD;Sanitas Grundversicherungen AG;;;LSV Prämie Grundversicherung;
URS-000050;CH1200778010203040506;2023-10-05;2023-10-05;105.40;CHF;DBIT;PMNT-CCRD-POSD;Migros;;;Einkauf Migros Luzern Karte xxxx 4821;5411
URS-000051;CH1200778010203040506;2023-10-05;2023-10-05;87.65;CHF;DBIT;PMNT-CCRD-POSD;Old Swiss House;;;Einkauf Old Swiss House Luzern Karte xxxx 4821;5812
URS-000052;CH1200778010203040506;2023-10-06;2023-10-06;46.05;CHF;DBIT;PMNT-CCRD-POSD;Manor Food;;;Einkauf Manor Food Luzern Karte xxxx 4821;5411
URS-000053;CH1200778010203040506;2023-10-09;2023-10-09;176.55;CHF;DBIT;PMNT-CCRD-POSD;Fantasywelt Luzern;;;Einkauf Fantasywelt Luzern Luzern Karte xxxx 4821;5945
URS-000054;CH1200778010203040506;2023-10-09;2023-10-09;118.60;CHF;DBIT;PMNT-CCRD-POSD;Games Workshop Luzern;;;Einkauf Games Workshop Luzern Luzern Karte xxxx 4821;5945
URS-000055;CH1200778010203040506;2023-10-09;2023-10-09;89.60;CHF;DBIT;PMNT-CCRD-POSD;Manor Food;;;Einkauf Manor Food Luzern Karte xxxx 4821;5411
URS-000056;CH1200778010203040506;2023-10-09;2023-10-09;65.00;CHF;DBIT;PMNT-IDDT-ESDD;Salt Mobile SA;;;LSV Salt Abo;
URS-000057;CH1200778010203040506;2023-10-09;2023-10-09;49.00;CHF;DBIT;PMNT-IDDT-ESDD;Swisscom (Schweiz) AG;;;LSV blue TV;
URS-000058;CH1200778010203040506;2023-10-11;2023-10-11;130.20;CHF;DBIT;PMNT-CCRD-POSD;Avia Tankstelle;;;Einkauf Avia Tankstelle Luzern Karte xxxx 4821;5541
URS-000059;CH1200778010203040506;2023-10-11;2023-10-11;22.60;CHF;DBIT;PMNT-CCRD-POSD;Globus Delicatessa;;;Einkauf Globus Delicatessa Luzern Karte xxxx 4821;5411
URS-000060;CH1200778010203040506;2023-10-12;2023-10-12;300.00;CHF;DBIT;PMNT-CCRD-CWDL;;;;Bargeldbezug Postomat Luzern Bahnhof Karte xxxx 4821;6011
URS-000061;CH1200778010203040506;2023-10-12;2023-10-12;115.55;CHF;DBIT;PMNT-CCRD-POSD;Avia Tankstelle;;;Einkauf Avia Tankstelle Luzern Karte xxxx 4821;5541
URS-000062;CH1200778010203040506;2023-10-13;2023-10-13;200.00;CHF;DBIT;PMNT-CCRD-CWDL;;;;Bargeldbezug Bancomat LUKB Schwanenplatz Karte xxxx 4821;6011
URS-000063;CH1200778010203040506;2023-10-13;2023-10-13;97.00;CHF;DBIT;PMNT-CCRD-POSD;Jelmoli;;;Einkauf Jelmoli Luzern Karte xxxx 4821;5651
URS-000064;CH1200778010203040506;2023-10-16;2023-10-16;327.90;CHF;DBIT;PMNT-ICDT-DMCT;Himalaya Käse Import GmbH;;;Zahlung Rechnung Yak-Käse Lieferung;
URS-000065;CH1200778010203040506;2023-10-16;2023-10-16;88.45;CHF;DBIT;PMNT-CCRD-POSD;Coop;;;Einkauf Coop Luzern Karte xxxx 4821;5411
URS-000066;CH1200778010203040506;2023-10-16;2023-10-16;79.60;CHF;DBIT;PMNT-CCRD-POSD;Globus Delicatessa;;;Einkauf Globus Delicatessa Luzern Karte xxxx 4821;5411
URS-000067;CH1200778010203040506;2023-10-16;2023-10-16;61.50;CHF;DBIT;PMNT-CCRD-POSD;Wirtshaus Galliker;;;Einkauf Wirtshaus Galliker Luzern Karte xxxx 4821;5812
URS-000068;CH1200778010203040506;2023-10-16;2023-10-16;56.05;CHF;DBIT;PMNT-ICDT-ESCT;;;;TWINT *Sende an Laura Zimmermann;
URS-000069;CH1200778010203040506;2023-10-16;2023-10-16;49.65;CHF;DBIT;PMNT-CCRD-POSD;Old Swiss House;;;Einkauf Old Swiss House Luzern Karte xxxx 4821;5812
URS-000070;CH1200778010203040506;2023-10-16;2023-10-16;38.55;CHF;DBIT;PMNT-CCRD-POSD;Coop;;;Einkauf Coop Luzern Karte xxxx 4821;5411
URS-000071;CH1200778010203040506;2023-10-17;2023-10-17;114.70;CHF;DBIT;PMNT-CCRD-POSD;Avia Tankstelle;;;Einkauf Avia Tankstelle Luzern Karte xxxx 4821;5541
URS-000072;CH1200778010203040506;2023-10-18;2023-10-18;373.20;CHF;DBIT;PMNT-IDDT-ESDD;Swisscard AECS GmbH;;;Lastschrift Swisscard AECS GmbH Monatsrechnung 09/2023;
URS-000073;CH1200778010203040506;2023-10-18;2023-10-18;38.50;CHF;DBIT;PMNT-CCRD-POSD;Old Swiss House;;;Einkauf Old Swiss House Luzern Karte xxxx 4821;5812
URS-000074;CH1200778010203040506;2023-10-19;2023-10-19;96.80;CHF;DBIT;PMNT-CCRD-POSD;Old Swiss House;;;Einkauf Old Swiss House Luzern Karte xxxx 4821;5812
URS-000075;CH1200778010203040506;2023-10-20;2023-10-20;1900.00;CHF;DBIT;PMNT-ICDT-DMCT;Bootswerft Kehrsiten AG;;;Zahlung Rechnung Winterlager Boot;
URS-000076;CH1200778010203040506;2023-10-20;2023-10-20;132.00;CHF;DBIT;PMNT-IDDT-ESDD;ewl energie wasser luzern;;;LSV Energie;
URS-000077;CH1200778010203040506;2023-10-20;2023-10-20;122.90;CHF;DBIT;PMNT-CCRD-POSD;Avia Tankstelle;;;Einkauf Avia Tankstelle Luzern Karte xxxx 4821;5541
URS-000078;CH1200778010203040506;2023-10-23;2023-10-23;155.45;CHF;DBIT;PMNT-CCRD-POSD;Jelmoli;;;Einkauf Jelmoli Luzern Karte xxxx 4821;5651
URS-000079;CH1200778010203040506;2023-10-23;2023-10-23;94.60;CHF;DBIT;PMNT-CCRD-POSD;Old Swiss House;;;Einkauf Old Swiss House Luzern Karte xxxx 4821;5812
URS-000080;CH1200778010203040506;2023-10-23;2023-10-23;31.20;CHF;DBIT;PMNT-CCRD-POSD;Globus;;;Einkauf Globus Luzern Karte xxxx 4821;5651
URS-000081;CH1200778010203040506;2023-10-23;2023-10-23;38.70;CHF;CRDT;PMNT-RCDT-ESCT;;;;TWINT *Empfangen von Beat Wicki;
URS-000082;CH1200778010203040506;2023-10-24;2023-10-24;50.65;CHF;DBIT;PMNT-CCRD-POSD;Globus Delicatessa;;;Einkauf Globus Delicatessa Luzern Karte xxxx 4821;5411
URS-000083;CH1200778010203040506;2023-10-24;2023-10-24;39.55;CHF;DBIT;PMNT-CCRD-POSD;Old Swiss House;;;Einkauf Old Swiss House Luzern Karte xxxx 4821;5812
URS-000084;CH1200778010203040506;2023-10-24;2023-10-24;32.80;CHF;DBIT;PMNT-CCRD-POSD;Migros;;;Einkauf Migros Luzern Karte xxxx 4821;5411
URS-000085;CH1200778010203040506;2023-10-25;2023-10-25;90.75;CHF;DBIT;PMNT-CCRD-POSD;Old Swiss House;;;Einkauf Old Swiss House Luzern Karte xxxx 4821;5812
URS-000086;CH1200778010203040506;2023-10-25;2023-10-25;10433.84;CHF;CRDT;PMNT-RCDT-SALA;Schindler Aufzüge AG;CH9300762011623852333;;Gutschrift Salär Oktober 2023;
URS-000087;CH1200778010203040506;2023-10-26;2023-10-26;1000.00;CHF;DBIT;PMNT-ICDT-BOOK;;CH3400778010203040599;;Übertrag Sparkonto;
URS-000088;CH1200778010203040506;2023-10-26;2023-10-26;46.20;CHF;DBIT;PMNT-CCRD-POSD;Migros;;;Einkauf Migros Luzern Karte xxxx 4821;5411
URS-000089;CH1200778010203040506;2023-10-26;2023-10-26;36.50;CHF;DBIT;PMNT-CCRD-POSD;Games Workshop Luzern;;;Einkauf Games Workshop Luzern Luzern Karte xxxx 4821;5945
URS-000090;CH3400778010203040599;2023-10-26;2023-10-26;1000.00;CHF;CRDT;PMNT-RCDT-BOOK;;CH1200778010203040506;;Übertrag Sparkonto;
URS-000091;CH1200778010203040506;2023-10-27;2023-10-27;605.00;CHF;DBIT;PMNT-ICDT-STDO;Frankly Vorsorgestiftung 3a;;;Dauerauftrag Säule 3a;
URS-000092;CH1200778010203040506;2023-10-27;2023-10-27;140.00;CHF;DBIT;PMNT-CCRD-CWDL;;;;Bargeldbezug Bancomat LUKB Schwanenplatz Karte xxxx 4821;6011
URS-000093;CH1200778010203040506;2023-10-30;2023-10-30;2300.00;CHF;DBIT;PMNT-ICDT-STDO;Steueramt der Stadt Luzern;;;Dauerauftrag Steuern Rate;
URS-000094;CH1200778010203040506;2023-10-30;2023-10-30;193.80;CHF;CRDT;PMNT-RCDT-DMCT;Marktkasse Wochenmarkt Luzern;;;Gutschrift Marktkasse Wochenmarkt Luzern Käseverkauf;
URS-000095;CH1200778010203040506;2023-11-01;2023-11-01;2650.00;CHF;DBIT;PMNT-ICDT-STDO;Allgemeine Baugenossenschaft Luzern;;;Dauerauftrag Miete Haldenstrasse;
URS-000096;CH1200778010203040506;2023-11-01;2023-11-01;900.00;CHF;DBIT;PMNT-ICDT-STDO;Zimmermann Laura;;;Dauerauftrag Unterhalt Laura;
URS-000097;CH1200778010203040506;2023-11-01;2023-11-01;230.25;CHF;DBIT;PMNT-CCRD-POSD;Galaxus;;;Einkauf Galaxus Luzern Karte xxxx 4821;5651
URS-000098;CH1200778010203040506;2023-11-01;2023-11-01;65.30;CHF;DBIT;PMNT-CCRD-POSD;Hotel Schweizerhof Restaurant;;;Einkauf Hotel Schweizerhof Restaurant Luzern Karte xxxx 4821;5812
URS-000099;CH1200778010203040506;2023-11-03;2023-11-03;300.00;CHF;DBIT;PMNT-CCRD-CWDL;;;;Bargeldbezug Postomat Luzern Bahnhof Karte xxxx 4821;6011
URS-000100;CH1200778010203040506;2023-11-03;2023-11-03;38.70;CHF;DBIT;PMNT-ICDT-ESCT;;;;TWINT *Sende an Beat Wicki;
URS-000101;CH1200778010203040506;2023-11-06;2023-11-06;518.00;CHF;DBIT;PMNT-IDDT-ESDD;Sanitas Grundversicherungen AG;;;LSV Prämie Grundversicherung;
URS-000102;CH1200778010203040506;2023-11-06;2023-11-06;109.20;CHF;DBIT;PMNT-CCRD-POSD;Avia Tankstelle;;;Einkauf Avia Tankstelle Luzern Karte xxxx 4821;5541
URS-000103;CH1200778010203040506;2023-11-06;2023-11-06;39.05;CHF;DBIT;PMNT-CCRD-POSD;Hotel Schweizerhof Restaurant;;;Einkauf Hotel Schweizerhof Restaurant Luzern Karte xxxx 4821;5812
URS-000104;CH1200778010203040506;2023-11-06;2023-11-06;29.85;CHF;DBIT;PMNT-CCRD-POSD;Manor Food;;;Einkauf Manor Food Luzern Karte xxxx 4821;5411
URS-000105;CH1200778010203040506;2023-11-06;2023-11-06;22.65;CHF;DBIT;PMNT-CCRD-POSD;Manor Food;;;Einkauf Manor Food Luzern Karte xxxx 4821;5411
URS-000106;CH1200778010203040506;2023-11-06;2023-11-06;123.70;CHF;CRDT;PMNT-RCDT-DMCT;Hofladen Sörenberg GmbH;;;Gutschrift Hofladen Sörenberg GmbH Käseverkauf;
URS-000107;CH1200778010203040506;2023-11-06;2023-11-06;175.30;CHF;CRDT;PMNT-RCDT-DMCT;Hofladen Sörenberg GmbH;;;Gutschrift Hofladen Sörenberg GmbH Käseverkauf;
URS-000108;CH1200778010203040506;2023-11-08;2023-11-08;67.70;CHF;DBIT;PMNT-CCRD-POSD;Wirtshaus Galliker;;;Einkauf Wirtshaus Galliker Luzern Karte xxxx 4821;5812
URS-000109;CH1200778010203040506;2023-11-08;2023-11-08;65.00;CHF;DBIT;PMNT-IDDT-ESDD;Salt Mobile SA;;;LSV Salt Abo;
URS-000110;CH1200778010203040506;2023-11-09;2023-11-09;91.95;CHF;DBIT;PMNT-CCRD-POSD;Hotel Schweizerhof Restaurant;;;Einkauf Hotel Schweizerhof Restaurant Luzern Karte xxxx 4821;5812
URS-000111;CH1200778010203040506;2023-11-09;2023-11-09;49.00;CHF;DBIT;PMNT-IDDT-ESDD;Swisscom (Schweiz) AG;;;LSV blue TV;
URS-000112;CH1200778010203040506;2023-11-09;2023-11-09;27.15;CHF;DBIT;PMNT-CCRD-POSD;Wirtshaus Galliker;;;Einkauf Wirtshaus Galliker Luzern Karte xxxx 4821;5812
URS-000113;CH1200778010203040506;2023-11-09;2023-11-09;49.45;CHF;CRDT;PMNT-RCDT-ESCT;;;;TWINT *Empfangen von Beat Wicki;
URS-000114;CH1200778010203040506;2023-11-10;2023-11-10;79.10;CHF;DBIT;PMNT-CCRD-POSD;Games Workshop Luzern;;;Einkauf Games Workshop Luzern Luzern Karte xxxx 4821;5945
URS-000115;CH1200778010203040506;2023-11-13;2023-11-13;126.60;CHF;DBIT;PMNT-CCRD-POSD;Manor Food;;;Einkauf Manor Food Luzern Karte xxxx 4821;5411
URS-000116;CH1200778010203040506;2023-11-13;2023-11-13;115.15;CHF;DBIT;PMNT-CCRD-POSD;BP Tankstelle;;;Einkauf BP Tankstelle Luzern Karte xxxx 4821;5541
URS-000117;CH1200778010203040506;2023-11-13;2023-11-13;95.00;CHF;DBIT;PMNT-CCRD-POSD;Hotel Schweizerhof Restaurant;;;Einkauf Hotel Schweizerhof Restaurant Luzern Karte xxxx 4821;5812
URS-000118;CH1200778010203040506;2023-11-13;2023-11-13;88.45;CHF;DBIT;PMNT-ICDT-ESCT;;;;TWINT *Sende an Laura Zimmermann;
URS-000119;CH1200778010203040506;2023-11-13;2023-11-13;78.20;CHF;DBIT;PMNT-CCRD-POSD;Old Swiss House;;;Einkauf Old Swiss House Luzern Karte xxxx 4821;5812
URS-000120;CH1200778010203040506;2023-11-13;2023-11-13;60.10;CHF;DBIT;PMNT-CCRD-POSD;Migros;;;Einkauf Migros Luzern Karte xxxx 4821;5411
URS-000121;CH1200778010203040506;2023-11-13;2023-11-13;59.90;CHF;DBIT;PMNT-CCRD-POSD;Games Workshop Luzern;;;Einkauf Games Workshop Luzern Luzern Karte xxxx 4821;5945
URS-000122;CH1200778010203040506;2023-11-13;2023-11-13;228.20;CHF;CRDT;PMNT-RCDT-DMCT;Hofladen Sörenberg GmbH;;;Gutschrift Hofladen Sörenberg GmbH Käseverkauf;
URS-000123;CH1200778010203040506;2023-11-14;2023-11-14;471.35;CHF;DBIT;PMNT-ICDT-DMCT;Himalaya Käse Import GmbH;;;Zahlung Rechnung Yak-Käse Lieferung;
URS-000124;CH1200778010203040506;2023-11-16;2023-11-16;96.95;CHF;DBIT;PMNT-CCRD-POSD;Manor Food;;;Einkauf Manor Food Luzern Karte xxxx 4821;5411
URS-000125;CH1200778010203040506;2023-11-16;2023-11-16;92.25;CHF;DBIT;PMNT-CCRD-POSD;Wirtshaus Galliker;;;Einkauf Wirtshaus Galliker Luzern Karte xxxx 4821;5812
URS-000126;CH1200778010203040506;2023-11-17;2023-11-17;385.25;CHF;DBIT;PMNT-CCRD-POSD;Jelmoli;;;Einkauf Jelmoli Luzern Karte xxxx 4821;5651
URS-000127;CH1200778010203040506;2023-11-17;2023-11-17;72.50;CHF;DBIT;PMNT-CCRD-POSD;Globus;;;Einkauf Globus Luzern Karte xxxx 4821;5651
URS-000128;CH1200778010203040506;2023-11-20;2023-11-20;180.00;CHF;DBIT;PMNT-CCRD-CWDL;;;;Bargeldbezug Postomat Luzern Bahnhof Karte xxxx 4821;6011
URS-000129;CH1200778010203040506;2023-11-20;2023-11-20;138.00;CHF;DBIT;PMNT-CCRD-POSD;Migros;;;Einkauf Migros Luzern Karte xxxx 4821;5411
URS-000130;CH1200778010203040506;2023-11-20;2023-11-20;51.30;CHF;DBIT;PMNT-ICDT-ESCT;;;;TWINT *Sende an Beat Wicki;
URS-000131;CH1200778010203040506;2023-11-23;2023-11-23;152.45;CHF;CRDT;PMNT-RCDT-DMCT;Marktkasse Wochenmarkt Luzern;;;Gutschrift Marktkasse Wochenmarkt Luzern Käseverkauf;
URS-000132;CH1200778010203040506;2023-11-24;2023-11-24;159.25;CHF;DBIT;PMNT-CCRD-POSD;Wirtshaus Galliker;;;Einkauf Wirtshaus Galliker Luzern Karte xxxx 4821;5812
URS-000133;CH1200778010203040506;2023-11-24;2023-11-24;266.85;CHF;CRDT;PMNT-RCDT-DMCT;Hofladen Sörenberg GmbH;;;Gutschrift Hofladen Sörenberg GmbH Käseverkauf;
URS-000134;CH1200778010203040506;2023-11-27;2023-11-27;1000.00;CHF;DBIT;PMNT-ICDT-BOOK;;CH3400778010203040599;;Übertrag Sparkonto;
URS-000135;CH1200778010203040506;2023-11-27;2023-11-27;605.00;CHF;DBIT;PMNT-ICDT-STDO;Frankly Vorsorgestiftung 3a;;;Dauerauftrag Säule 3a;
URS-000136;CH1200778010203040506;2023-11-27;2023-11-27;138.30;CHF;CRDT;PMNT-RCDT-DMCT;Marktkasse Wochenmarkt Luzern;;;Gutschrift Marktkasse Wochenmarkt Luzern Käseverkauf;
URS-000137;CH1200778010203040506;2023-11-27;2023-11-27;151.30;CHF;CRDT;PMNT-RCDT-DMCT;Hofladen Sörenberg GmbH;;;Gutschrift Hofladen Sörenberg GmbH Käseverkauf;
URS-000138;CH1200778010203040506;2023-11-27;2023-11-27;10433.84;CHF;CRDT;PMNT-RCDT-SALA;Schindler Aufzüge AG;CH9300762011623852333;;Gutschrift Salär November 2023;
URS-000139;CH3400778010203040599;2023-11-27;2023-11-27;1000.00;CHF;CRDT;PMNT-RCDT-BOOK;;CH1200778010203040506;;Übertrag Sparkonto;
URS-000140;CH1200778010203040506;2023-11-28;2023-11-28;2300.00;CHF;DBIT;PMNT-ICDT-STDO;Steueramt der Stadt Luzern;;;Dauerauftrag Steuern Rate;
URS-000141;CH1200778010203040506;2023-12-01;2023-12-01;2650.00;CHF;DBIT;PMNT-ICDT-STDO;Allgemeine Baugenossenschaft Luzern;;;Dauerauftrag Miete Haldenstrasse;
URS-000142;CH1200778010203040506;2023-12-01;2023-12-01;900.00;CHF;DBIT;PMNT-ICDT-STDO;Zimmermann Laura;;;Dauerauftrag Unterhalt Laura;
URS-000143;CH1200778010203040506;2023-12-01;2023-12-01;202.40;CHF;CRDT;PMNT-RCDT-DMCT;Marktkasse Wochenmarkt Luzern;;;Gutschrift Marktkasse Wochenmarkt Luzern Käseverkauf;
URS-000144;CH1200778010203040506;2023-12-04;2023-12-04;99.10;CHF;DBIT;PMNT-CCRD-POSD;Hotel Schweizerhof Restaurant;;;Einkauf Hotel Schweizerhof Restaurant Luzern Karte xxxx 4821;5812
URS-000145;CH1200778010203040506;2023-12-04;2023-12-04;69.65;CHF;DBIT;PMNT-CCRD-POSD;Galaxus;;;Einkauf Galaxus Luzern Karte xxxx 4821;5651
URS-000146;CH1200778010203040506;2023-12-04;2023-12-04;33.00;CHF;DBIT;PMNT-CCRD-POSD;Games Workshop Luzern;;;Einkauf Games Workshop Luzern Luzern Karte xxxx 4821;5945
URS-000147;CH1200778010203040506;2023-12-04;2023-12-04;175.15;CHF;CRDT;PMNT-RCDT-DMCT;Hofladen Sörenberg GmbH;;;Gutschrift Hofladen Sörenberg GmbH Käseverkauf;
URS-000148;CH1200778010203040506;2023-12-05;2023-12-05;518.00;CHF;DBIT;PMNT-IDDT-ESDD;Sanitas Grundversicherungen AG;;;LSV Prämie Grundversicherung;
URS-000149;CH1200778010203040506;2023-12-05;2023-12-05;62.55;CHF;DBIT;PMNT-CCRD-POSD;Globus;;;Einkauf Globus Luzern Karte xxxx 4821;5651
URS-000150;CH1200778010203040506;2023-12-06;2023-12-06;85.75;CHF;DBIT;PMNT-CCRD-POSD;Coop;;;Einkauf Coop Luzern Karte xxxx 4821;5411
URS-000151;CH1200778010203040506;2023-12-08;2023-12-08;112.30;CHF;DBIT;PMNT-CCRD-POSD;Manor Food;;;Einkauf Manor Food Luzern Karte xxxx 4821;5411
URS-000152;CH1200778010203040506;2023-12-08;2023-12-08;65.00;CHF;DBIT;PMNT-IDDT-ESDD;Salt Mobile SA;;;LSV Salt Abo;
URS-000153;CH1200778010203040506;2023-12-08;2023-12-08;53.10;CHF;DBIT;PMNT-CCRD-POSD;Coop;;;Einkauf Coop Luzern Karte xxxx 4821;5411
URS-000154;CH1200778010203040506;2023-12-11;2023-12-11;154.20;CHF;DBIT;PMNT-CCRD-POSD;Globus Delicatessa;;;Einkauf Globus Delicatessa Luzern Karte xxxx 4821;5411
URS-000155;CH1200778010203040506;2023-12-11;2023-12-11;150.70;CHF;DBIT;PMNT-CCRD-POSD;Wirtshaus Galliker;;;Einkauf Wirtshaus Galliker Luzern Karte xxxx 4821;5812
URS-000156;CH1200778010203040506;2023-12-11;2023-12-11;122.80;CHF;DBIT;PMNT-CCRD-POSD;Globus Delicatessa;;;Einkauf Globus Delicatessa Luzern Karte xxxx 4821;5411
URS-000157;CH1200778010203040506;2023-12-11;2023-12-11;98.60;CHF;DBIT;PMNT-CCRD-POSD;BP Tankstelle;;;Einkauf BP Tankstelle Luzern Karte xxxx 4821;5541
URS-000158;CH1200778010203040506;2023-12-11;2023-12-11;49.00;CHF;DBIT;PMNT-IDDT-ESDD;Swisscom (Schweiz) AG;;;LSV blue TV;
URS-000159;CH1200778010203040506;2023-12-12;2023-12-12;120.00;CHF;DBIT;PMNT-CCRD-CWDL;;;;Bargeldbezug Postomat Luzern Bahnhof Karte xxxx 4821;6011
URS-000160;CH1200778010203040506;2023-12-12;2023-12-12;39.50;CHF;DBIT;PMNT-CCRD-POSD;Manor Food;;;Einkauf Manor Food Luzern Karte xxxx 4821;5411
URS-000161;CH1200778010203040506;2023-12-13;2023-12-13;48.90;CHF;CRDT;PMNT-RCDT-DMCT;Hofladen Sörenberg GmbH;;;Gutschrift Hofladen Sörenberg GmbH Käseverkauf;
URS-000162;CH1200778010203040506;2023-12-14;2023-12-14;440.75;CHF;DBIT;PMNT-ICDT-DMCT;Himalaya Käse Import GmbH;;;Zahlung Rechnung Yak-Käse Lieferung;
URS-000163;CH1200778010203040506;2023-12-14;2023-12-14;102.45;CHF;DBIT;PMNT-CCRD-POSD;Fantasywelt Luzern;;;Einkauf Fantasywelt Luzern Luzern Karte xxxx 4821;5945
URS-000164;CH1200778010203040506;2023-12-14;2023-12-14;61.10;CHF;DBIT;PMNT-CCRD-POSD;Fantasywelt Luzern;;;Einkauf Fantasywelt Luzern Luzern Karte xxxx 4821;5945
URS-000165;CH1200778010203040506;2023-12-14;2023-12-14;55.50;CHF;DBIT;PMNT-CCRD-POSD;Migros;;;Einkauf Migros Luzern Karte xxxx 4821;5411
URS-000166;CH1200778010203040506;2023-12-18;2023-12-18;1077.15;CHF;DBIT;PMNT-IDDT-ESDD;Swisscard AECS GmbH;;;Lastschrift Swisscard AECS GmbH Monatsrechnung 11/2023;
URS-000167;CH1200778010203040506;2023-12-18;2023-12-18;173.25;CHF;DBIT;PMNT-CCRD-POSD;Galaxus;;;Einkauf Galaxus Luzern Karte xxxx 4821;5651
URS-000168;CH1200778010203040506;2023-12-18;2023-12-18;64.75;CHF;CRDT;PMNT-RCDT-ESCT;;;;TWINT *Empfangen von Laura Zimmermann;
URS-000169;CH1200778010203040506;2023-12-20;2023-12-20;40.15;CHF;DBIT;PMNT-CCRD-POSD;Wirtshaus Galliker;;;Einkauf Wirtshaus Galliker Luzern Karte xxxx 4821;5812
URS-000170;CH1200778010203040506;2023-12-21;2023-12-21;66.20;CHF;DBIT;PMNT-CCRD-POSD;Wirtshaus Galliker;;;Einkauf Wirtshaus Galliker Luzern Karte xxxx 4821;5812
URS-000171;CH1200778010203040506;2023-12-21;2023-12-21;142.70;CHF;CRDT;PMNT-RCDT-DMCT;Hofladen Sörenberg GmbH;;;Gutschrift Hofladen Sörenberg GmbH Käseverkauf;
URS-000172;CH1200778010203040506;2023-12-21;2023-12-21;394.65;CHF;CRDT;PMNT-RCDT-DMCT;Marktkasse Wochenmarkt Luzern;;;Gutschrift Marktkasse Wochenmarkt Luzern Käseverkauf;
URS-000173;CH1200778010203040506;2023-12-25;2023-12-25;114.25;CHF;DBIT;PMNT-CCRD-POSD;Globus Delicatessa;;;Einkauf Globus Delicatessa Luzern Karte xxxx 4821;5411
URS-000174;CH1200778010203040506;2023-12-25;2023-12-25;98.45;CHF;DBIT;PMNT-CCRD-POSD;Migros;;;Einkauf Migros Luzern Karte xxxx 4821;5411
URS-000175;CH1200778010203040506;2023-12-25;2023-12-25;43.20;CHF;DBIT;PMNT-CCRD-POSD;Jelmoli;;;Einkauf Jelmoli Luzern Karte xxxx 4821;5651
URS-000176;CH1200778010203040506;2023-12-25;2023-12-25;10433.84;CHF;CRDT;PMNT-RCDT-SALA;Schindler Aufzüge AG;CH9300762011623852333;;Gutschrift Salär Dezember 2023;
URS-000177;CH1200778010203040506;2023-12-25;2023-12-25;10433.84;CHF;CRDT;PMNT-RCDT-SALA;Schindler Aufzüge AG;CH9300762011623852333;;Gutschrift 13. Monatslohn 2023;
URS-000178;CH1200778010203040506;2023-12-26;2023-12-26;1000.00;CHF;DBIT;PMNT-ICDT-BOOK;;CH3400778010203040599;;Übertrag Sparkonto;
URS-000179;CH3400778010203040599;2023-12-26;2023-12-26;1000.00;CHF;CRDT;PMNT-RCDT-BOOK;;CH1200778010203040506;;Übertrag Sparkonto;
URS-000180;CH1200778010203040506;2023-12-27;2023-12-27;605.00;CHF;DBIT;PMNT-ICDT-STDO;Frankly Vorsorgestiftung 3a;;;Dauerauftrag Säule 3a;
URS-000181;CH1200778010203040506;2023-12-27;2023-12-27;92.85;CHF;DBIT;PMNT-CCRD-POSD;BP Tankstelle;;;Einkauf BP Tankstelle Luzern Karte xxxx 4821;5541
URS-000182;CH1200778010203040506;2023-12-27;2023-12-27;50.00;CHF;DBIT;PMNT-ICDT-ESCT;;;;TWINT *Sende an Beat Wicki;
URS-000183;CH1200778010203040506;2023-12-27;2023-12-27;44.90;CHF;CRDT;PMNT-RCDT-ESCT;;;;TWINT *Empfangen von Beat Wicki;
URS-000184;CH1200778010203040506;2023-12-27;2023-12-27;170.30;CHF;CRDT;PMNT-RCDT-DMCT;Hofladen Sörenberg GmbH;;;Gutschrift Hofladen Sörenberg GmbH Käseverkauf;
URS-000185;CH1200778010203040506;2023-12-28;2023-12-28;2300.00;CHF;DBIT;PMNT-ICDT-STDO;Steueramt der Stadt Luzern;;;Dauerauftrag Steuern Rate;
URS-000186;CH3400778010203040599;2023-12-31;2023-12-31;144.00;CHF;CRDT;ACMT-MDOP-INTR;;;;Zinsgutschrift;
URS-000187;CH1200778010203040506;2024-01-01;2024-01-01;2650.00;CHF;DBIT;PMNT-ICDT-STDO;Allgemeine Baugenossenschaft Luzern;;;Dauerauftrag Miete Haldenstrasse;
URS-000188;CH1200778010203040506;2024-01-01;2024-01-01;900.00;CHF;DBIT;PMNT-ICDT-STDO;Zimmermann Laura;;;Dauerauftrag Unterhalt Laura;
URS-000189;CH1200778010203040506;2024-01-03;2024-01-03;50.75;CHF;DBIT;PMNT-ICDT-ESCT;;;;TWINT *Sende an Beat Wicki;
URS-000190;CH1200778010203040506;2024-01-03;2024-01-03;41.05;CHF;DBIT;PMNT-CCRD-POSD;Wirtshaus Galliker;;;Einkauf Wirtshaus Galliker Luzern Karte xxxx 4821;5812
URS-000191;CH1200778010203040506;2024-01-03;2024-01-03;33.95;CHF;DBIT;PMNT-CCRD-POSD;Globus Delicatessa;;;Einkauf Globus Delicatessa Luzern Karte xxxx 4821;5411
URS-000192;CH1200778010203040506;2024-01-04;2024-01-04;220.00;CHF;DBIT;PMNT-CCRD-CWDL;;;;Bargeldbezug Postomat Luzern Bahnhof Karte xxxx 4821;6011
URS-000193;CH1200778010203040506;2024-01-04;2024-01-04;101.65;CHF;DBIT;PMNT-CCRD-POSD;Shell;;;Einkauf Shell Luzern Karte xxxx 4821;5541
URS-000194;CH1200778010203040506;2024-01-04;2024-01-04;147.05;CHF;CRDT;PMNT-RCDT-DMCT;Hofladen Sörenberg GmbH;;;Gutschrift Hofladen Sörenberg GmbH Käseverkauf;
URS-000195;CH1200778010203040506;2024-01-05;2024-01-05;518.00;CHF;DBIT;PMNT-IDDT-ESDD;Sanitas Grundversicherungen AG;;;LSV Prämie Grundversicherung;
URS-000196;CH1200778010203040506;2024-01-05;2024-01-05;214.00;CHF;CRDT;PMNT-RCDT-DMCT;Hofladen Sörenberg GmbH;;;Gutschrift Hofladen Sörenberg GmbH Käseverkauf;
URS-000197;CH1200778010203040506;2024-01-08;2024-01-08;93.00;CHF;DBIT;PMNT-CCRD-POSD;Old Swiss House;;;Einkauf Old Swiss House Luzern Karte xxxx 4821;5812
URS-000198;CH1200778010203040506;2024-01-08;2024-01-08;65.00;CHF;DBIT;PMNT-IDDT-ESDD;Salt Mobile SA;;;LSV Salt Abo;
URS-000199;CH1200778010203040506;2024-01-08;2024-01-08;31.80;CHF;DBIT;PMNT-CCRD-POSD;Galaxus;;;Einkauf Galaxus Luzern Karte xxxx 4821;5651
URS-000200;CH1200778010203040506;2024-01-08;2024-01-08;195.45;CHF;CRDT;PMNT-RCDT-DMCT;Hofladen Sörenberg GmbH;;;Gutschrift Hofladen Sörenberg GmbH Käseverkauf;
URS-000201;CH1200778010203040506;2024-01-09;2024-01-09;161.60;CHF;DBIT;PMNT-CCRD-POSD;Galaxus;;;Einkauf Galaxus Luzern Karte xxxx 4821;5651
URS-000202;CH1200778010203040506;2024-01-09;2024-01-09;66.70;CHF;DBIT;PMNT-CCRD-POSD;Coop;;;Einkauf Coop Luzern Karte xxxx 4821;5411
URS-000203;CH1200778010203040506;2024-01-09;2024-01-09;49.00;CHF;DBIT;PMNT-IDDT-ESDD;Swisscom (Schweiz) AG;;;LSV blue TV;
URS-000204;CH1200778010203040506;2024-01-10;2024-01-10;49.85;CHF;DBIT;PMNT-ICDT-ESCT;;;;TWINT *Sende an Beat Wicki;
URS-000205;CH1200778010203040506;2024-01-10;2024-01-10;44.95;CHF;DBIT;PMNT-CCRD-POSD;Fantasywelt Luzern;;;Einkauf Fantasywelt Luzern Luzern Karte xxxx 4821;5945
URS-000206;CH1200778010203040506;2024-01-10;2024-01-10;44.50;CHF;DBIT;PMNT-CCRD-POSD;Manor Food;;;Einkauf Manor Food Luzern Karte xxxx 4821;5411
URS-000207;CH1200778010203040506;2024-01-12;2024-01-12;204.30;CHF;DBIT;PMNT-CCRD-POSD;Migros;;;Einkauf Migros Luzern Karte xxxx 4821;5411
URS-000208;CH1200778010203040506;2024-01-12;2024-01-12;60.20;CHF;DBIT;PMNT-CCRD-POSD;Hotel Schweizerhof Restaurant;;;Einkauf Hotel Schweizerhof Restaurant Luzern Karte xxxx 4821;5812
URS-000209;CH1200778010203040506;2024-01-12;2024-01-12;40.25;CHF;DBIT;PMNT-CCRD-POSD;Coop;;;Einkauf Coop Luzern Karte xxxx 4821;5411
URS-000210;CH1200778010203040506;2024-01-15;2024-01-15;319.60;CHF;DBIT;PMNT-ICDT-DMCT;Himalaya Käse Import GmbH;;;Zahlung Rechnung Yak-Käse Lieferung;
URS-000211;CH1200778010203040506;2024-01-15;2024-01-15;183.70;CHF;DBIT;PMNT-CCRD-POSD;Galaxus;;;Einkauf Galaxus Luzern Karte xxxx 4821;5651
URS-000212;CH1200778010203040506;2024-01-15;2024-01-15;179.35;CHF;DBIT;PMNT-CCRD-POSD;Globus;;;Einkauf Globus Luzern Karte xxxx 4821;5651
URS-000213;CH1200778010203040506;2024-01-15;2024-01-15;163.10;CHF;DBIT;PMNT-CCRD-POSD;Jelmoli;;;Einkauf Jelmoli Luzern Karte xxxx 4821;5651
URS-000214;CH1200778010203040506;2024-01-15;2024-01-15;72.80;CHF;DBIT;PMNT-CCRD-POSD;Globus;;;Einkauf Globus Luzern Karte xxxx 4821;5651
URS-000215;CH1200778010203040506;2024-01-15;2024-01-15;31.25;CHF;DBIT;PMNT-CCRD-POSD;Old Swiss House;;;Einkauf Old Swiss House Luzern Karte xxxx 4821;5812
URS-000216;CH1200778010203040506;2024-01-15;2024-01-15;114.05;CHF;CRDT;PMNT-RCDT-DMCT;Marktkasse Wochenmarkt Luzern;;;Gutschrift Marktkasse Wochenmarkt Luzern Käseverkauf;
URS-000217;CH1200778010203040506;2024-01-16;2024-01-16;52.20;CHF;DBIT;PMNT-CCRD-POSD;Games Workshop Luzern;;;Einkauf Games Workshop Luzern Luzern Karte xxxx 4821;5945
URS-000218;CH1200778010203040506;2024-01-16;2024-01-16;233.10;CHF;CRDT;PMNT-RCDT-DMCT;Marktkasse Wochenmarkt Luzern;;;Gutschrift Marktkasse Wochenmarkt Luzern Käseverkauf;
URS-000219;CH1200778010203040506;2024-01-17;2024-01-17;133.45;CHF;DBIT;PMNT-CCRD-POSD;Avia Tankstelle;;;Einkauf Avia Tankstelle Luzern Karte xxxx 4821;5541
URS-000220;CH1200778010203040506;2024-01-18;2024-01-18;458.75;CHF;DBIT;PMNT-IDDT-ESDD;Swisscard AECS GmbH;;;Lastschrift Swisscard AECS GmbH Monatsrechnung 12/2023;
URS-000221;CH1200778010203040506;2024-01-18;2024-01-18;77.75;CHF;DBIT;PMNT-CCRD-POSD;Globus Delicatessa;;;Einkauf Globus Delicatessa Luzern Karte xxxx 4821;5411
URS-000222;CH1200778010203040506;2024-01-18;2024-01-18;39.25;CHF;DBIT;PMNT-ICDT-ESCT;;;;TWINT *Sende an Beat Wicki;
URS-000223;CH1200778010203040506;2024-01-22;2024-01-22;520.00;CHF;DBIT;PMNT-ICDT-DMCT;Strassenverkehrsamt Luzern;;;Zahlung Verkehrssteuer;
URS-000224;CH1200778010203040506;2024-01-22;2024-01-22;135.60;CHF;DBIT;PMNT-IDDT-ESDD;ewl energie wasser luzern;;;LSV Energie;
URS-000225;CH1200778010203040506;2024-01-22;2024-01-22;116.60;CHF;DBIT;PMNT-CCRD-POSD;Coop;;;Einkauf Coop Luzern Karte xxxx 4821;5411
URS-000226;CH1200778010203040506;2024-01-22;2024-01-22;96.80;CHF;DBIT;PMNT-CCRD-POSD;Migros;;;Einkauf Migros Luzern Karte xxxx 4821;5411
URS-000227;CH1200778010203040506;2024-01-22;2024-01-22;21.30;CHF;DBIT;PMNT-CCRD-POSD;Hotel Schweizerhof Restaurant;;;Einkauf Hotel Schweizerhof Restaurant Luzern Karte xxxx 4821;5812
URS-000228;CH1200778010203040506;2024-01-22;2024-01-22;171.75;CHF;CRDT;PMNT-RCDT-DMCT;Hofladen Sörenberg GmbH;;;Gutschrift Hofladen Sörenberg GmbH Käseverkauf;
URS-000229;CH1200778010203040506;2024-01-24;2024-01-24;160.00;CHF;DBIT;PMNT-CCRD-CWDL;;;;Bargeldbezug Postomat Luzern Bahnhof Karte xxxx 4821;6011
URS-000230;CH1200778010203040506;2024-01-24;2024-01-24;77.55;CHF;CRDT;PMNT-RCDT-DMCT;Marktkasse Wochenmarkt Luzern;;;Gutschrift Marktkasse Wochenmarkt Luzern Käseverkauf;
URS-000231;CH1200778010203040506;2024-01-25;2024-01-25;140.75;CHF;DBIT;PMNT-CCRD-POSD;Avia Tankstelle;;;Einkauf Avia Tankstelle Luzern Karte xxxx 4821;5541
URS-000232;CH1200778010203040506;2024-01-25;2024-01-25;130.40;CHF;DBIT;PMNT-CCRD-POSD;Hotel Schweizerhof Restaurant;;;Einkauf Hotel Schweizerhof Restaurant Luzern Karte xxxx 4821;5812
URS-000233;CH1200778010203040506;2024-01-25;2024-01-25;66.65;CHF;DBIT;PMNT-CCRD-POSD;Hotel Schweizerhof Restaurant;;;Einkauf Hotel Schweizerhof Restaurant Luzern Karte xxxx 4821;5812
URS-000234;CH1200778010203040506;2024-01-25;2024-01-25;50.95;CHF;DBIT;PMNT-CCRD-POSD;Coop;;;Einkauf Coop Luzern Karte xxxx 4821;5411
URS-000235;CH1200778010203040506;2024-01-25;2024-01-25;10538.18;CHF;CRDT;PMNT-RCDT-SALA;Schindler Aufzüge AG;CH9300762011623852333;;Gutschrift Salär Januar 2024;
URS-000236;CH1200778010203040506;2024-01-26;2024-01-26;1000.00;CHF;DBIT;PMNT-ICDT-BOOK;;CH3400778010203040599;;Übertrag Sparkonto;
URS-000237;CH1200778010203040506;2024-01-26;2024-01-26;119.80;CHF;DBIT;PMNT-CCRD-POSD;Shell;;;Einkauf Shell Luzern Karte xxxx 4821;5541
URS-000238;CH1200778010203040506;2024-01-26;2024-01-26;313.15;CHF;CRDT;PMNT-RCDT-DMCT;Marktkasse Wochenmarkt Luzern;;;Gutschrift Marktkasse Wochenmarkt Luzern Käseverkauf;
URS-000239;CH1200778010203040506;2024-01-26;2024-01-26;659.25;CHF;CRDT;PMNT-RCDT-DMCT;Marktkasse Wochenmarkt Luzern;;;Gutschrift Marktkasse Wochenmarkt Luzern Käseverkauf;
URS-000240;CH3400778010203040599;2024-01-26;2024-01-26;1000.00;CHF;CRDT;PMNT-RCDT-BOOK;;CH1200778010203040506;;Übertrag Sparkonto;
URS-000241;CH1200778010203040506;2024-01-29;2024-01-29;2300.00;CHF;DBIT;PMNT-ICDT-STDO;Steueramt der Stadt Luzern;;;Dauerauftrag Steuern Rate;
URS-000242;CH1200778010203040506;2024-01-29;2024-01-29;605.00;CHF;DBIT;PMNT-ICDT-STDO;Frankly Vorsorgestiftung 3a;;;Dauerauftrag Säule 3a;
URS-000243;CH1200778010203040506;2024-01-29;2024-01-29;98.20;CHF;DBIT;PMNT-CCRD-POSD;Manor Food;;;Einkauf Manor Food Luzern Karte xxxx 4821;5411
URS-000244;CH1200778010203040506;2024-01-29;2024-01-29;86.90;CHF;DBIT;PMNT-CCRD-POSD;Globus Delicatessa;;;Einkauf Globus Delicatessa Luzern Karte xxxx 4821;5411
URS-000245;CH1200778010203040506;2024-01-29;2024-01-29;270.85;CHF;CRDT;PMNT-RCDT-DMCT;Marktkasse Wochenmarkt Luzern;;;Gutschrift Marktkasse Wochenmarkt Luzern Käseverkauf;
URS-000246;CH1200778010203040506;2024-02-01;2024-02-01;2650.00;CHF;DBIT;PMNT-ICDT-STDO;Allgemeine Baugenossenschaft Luzern;;;Dauerauftrag Miete Haldenstrasse;
URS-000247;CH1200778010203040506;2024-02-01;2024-02-01;900.00;CHF;DBIT;PMNT-ICDT-STDO;Zimmermann Laura;;;Dauerauftrag Unterhalt Laura;
URS-000248;CH1200778010203040506;2024-02-01;2024-02-01;59.00;CHF;DBIT;PMNT-CCRD-POSD;Hotel Schweizerhof Restaurant;;;Einkauf Hotel Schweizerhof Restaurant Luzern Karte xxxx 4821;5812
URS-000249;CH1200778010203040506;2024-02-01;2024-02-01;52.35;CHF;DBIT;PMNT-CCRD-POSD;Wirtshaus Galliker;;;Einkauf Wirtshaus Galliker Luzern Karte xxxx 4821;5812
URS-000250;CH1200778010203040506;2024-02-02;2024-02-02;92.05;CHF;DBIT;PMNT-CCRD-POSD;Avia Tankstelle;;;Einkauf Avia Tankstelle Luzern Karte xxxx 4821;5541
URS-000251;CH1200778010203040506;2024-02-05;2024-02-05;518.00;CHF;DBIT;PMNT-IDDT-ESDD;Sanitas Grundversicherungen AG;;;LSV Prämie Grundversicherung;
URS-000252;CH1200778010203040506;2024-02-05;2024-02-05;154.65;CHF;DBIT;PMNT-CCRD-POSD;Galaxus;;;Einkauf Galaxus Luzern Karte xxxx 4821;5651
URS-000253;CH1200778010203040506;2024-02-05;2024-02-05;136.25;CHF;DBIT;PMNT-CCRD-POSD;Fantasywelt Luzern;;;Einkauf Fantasywelt Luzern Luzern Karte xxxx 4821;5945
URS-000254;CH1200778010203040506;2024-02-05;2024-02-05;68.90;CHF;DBIT;PMNT-CCRD-POSD;Migros;;;Einkauf Migros Luzern Karte xxxx 4821;5411
URS-000255;CH1200778010203040506;2024-02-05;2024-02-05;68.90;CHF;DBIT;PMNT-CCRD-POSD;Fantasywelt Luzern;;;Einkauf Fantasywelt Luzern Luzern Karte xxxx 4821;5945
URS-000256;CH1200778010203040506;2024-02-05;2024-02-05;41.40;CHF;DBIT;PMNT-CCRD-POSD;Coop;;;Einkauf Coop Luzern Karte xxxx 4821;5411
URS-000257;CH1200778010203040506;2024-02-07;2024-02-07;222.90;CHF;DBIT;PMNT-CCRD-POSD;Jelmoli;;;Einkauf Jelmoli Luzern Karte xxxx 4821;5651
URS-000258;CH1200778010203040506;2024-02-07;2024-02-07;39.05;CHF;DBIT;PMNT-CCRD-POSD;Wirtshaus Galliker;;;Einkauf Wirtshaus Galliker Luzern Karte xxxx 4821;5812
URS-000259;CH1200778010203040506;2024-02-07;2024-02-07;147.90;CHF;CRDT;PMNT-RCDT-DMCT;Hofladen Sörenberg GmbH;;;Gutschrift Hofladen Sörenberg GmbH Käseverkauf;
URS-000260;CH1200778010203040506;2024-02-08;2024-02-08;65.00;CHF;DBIT;PMNT-IDDT-ESDD;Salt Mobile SA;;;LSV Salt Abo;
URS-000261;CH1200778010203040506;2024-02-08;2024-02-08;50.25;CHF;DBIT;PMNT-CCRD-POSD;Migros;;;Einkauf Migros Luzern Karte xxxx 4821;5411
URS-000262;CH1200778010203040506;2024-02-09;2024-02-09;108.50;CHF;DBIT;PMNT-CCRD-POSD;Shell;;;Einkauf Shell Luzern Karte xxxx 4821;5541
URS-000263;CH1200778010203040506;2024-02-09;2024-02-09;84.75;CHF;DBIT;PMNT-CCRD-POSD;Wirtshaus Galliker;;;Einkauf Wirtshaus Galliker Luzern Karte xxxx 4821;5812
URS-000264;CH1200778010203040506;2024-02-09;2024-02-09;49.00;CHF;DBIT;PMNT-IDDT-ESDD;Swisscom (Schweiz) AG;;;LSV blue TV;
URS-000265;CH1200778010203040506;2024-02-12;2024-02-12;59.95;CHF;DBIT;PMNT-CCRD-POSD;Old Swiss House;;;Einkauf Old Swiss House Luzern Karte xxxx 4821;5812
URS-000266;CH1200778010203040506;2024-02-12;2024-02-12;62.40;CHF;CRDT;PMNT-RCDT-ESCT;;;;TWINT *Empfangen von Laura Zimmermann;
URS-000267;CH1200778010203040506;2024-02-12;2024-02-12;85.10;CHF;CRDT;PMNT-RCDT-DMCT;Hofladen Sörenberg GmbH;;;Gutschrift Hofladen Sörenberg GmbH Käseverkauf;
URS-000268;CH1200778010203040506;2024-02-13;2024-02-13;105.10;CHF;CRDT;PMNT-RCDT-DMCT;Marktkasse Wochenmarkt Luzern;;;Gutschrift Marktkasse Wochenmarkt Luzern Käseverkauf;
URS-000269;CH1200778010203040506;2024-02-14;2024-02-14;552.90;CHF;DBIT;PMNT-ICDT-DMCT;Himalaya Käse Import GmbH;;;Zahlung Rechnung Yak-Käse Lieferung;
URS-000270;CH1200778010203040506;2024-02-14;2024-02-14;42.95;CHF;DBIT;PMNT-CCRD-POSD;Migros;;;Einkauf Migros Luzern Karte xxxx 4821;5411
URS-000271;CH1200778010203040506;2024-02-15;2024-02-15;89.65;CHF;DBIT;PMNT-CCRD-POSD;Globus Delicatessa;;;Einkauf Globus Delicatessa Luzern Karte xxxx 4821;5411
URS-000272;CH1200778010203040506;2024-02-15;2024-02-15;33.70;CHF;CRDT;PMNT-RCDT-ESCT;;;;TWINT *Empfangen von Laura Zimmermann;
URS-000273;CH1200778010203040506;2024-02-15;2024-02-15;147.50;CHF;CRDT;PMNT-RCDT-DMCT;Marktkasse Wochenmarkt Luzern;;;Gutschrift Marktkasse Wochenmarkt Luzern Käseverkauf;
URS-000274;CH1200778010203040506;2024-02-19;2024-02-19;380.00;CHF;DBIT;PMNT-CCRD-CWDL;;;;Bargeldbezug Bancomat LUKB Schwanenplatz Karte xxxx 4821;6011
URS-000275;CH1200778010203040506;2024-02-19;2024-02-19;306.45;CHF;DBIT;PMNT-IDDT-ESDD;Swisscard AECS GmbH;;;Lastschrift Swisscard AECS GmbH Monatsrechnung 01/2024;
URS-000276;CH1200778010203040506;2024-02-19;2024-02-19;233.45;CHF;DBIT;PMNT-CCRD-POSD;Fantasywelt Luzern;;;Einkauf Fantasywelt Luzern Luzern Karte xxxx 4821;5945
URS-000277;CH1200778010203040506;2024-02-19;2024-02-19;147.75;CHF;DBIT;PMNT-CCRD-POSD;Wirtshaus Galliker;;;Einkauf Wirtshaus Galliker Luzern Karte xxxx 4821;5812
URS-000278;CH1200778010203040506;2024-02-19;2024-02-19;128.95;CHF;DBIT;PMNT-CCRD-POSD;Shell;;;Einkauf Shell Luzern Karte xxxx 4821;5541
URS-000279;CH1200778010203040506;2024-02-19;2024-02-19;79.85;CHF;DBIT;PMNT-CCRD-POSD;Migros;;;Einkauf Migros Luzern Karte xxxx 4821;5411
URS-000280;CH1200778010203040506;2024-02-19;2024-02-19;76.55;CHF;DBIT;PMNT-CCRD-POSD;Jelmoli;;;Einkauf Jelmoli Luzern Karte xxxx 4821;5651
URS-000281;CH1200778010203040506;2024-02-19;2024-02-19;89.35;CHF;CRDT;PMNT-RCDT-ESCT;;;;TWINT *Empfangen von Beat Wicki;
URS-000282;CH1200778010203040506;2024-02-21;2024-02-21;103.85;CHF;DBIT;PMNT-CCRD-POSD;Wirtshaus Galliker;;;Einkauf Wirtshaus Galliker Luzern Karte xxxx 4821;5812
URS-000283;CH1200778010203040506;2024-02-23;2024-02-23;128.65;CHF;CRDT;PMNT-RCDT-DMCT;Hofladen Sörenberg GmbH;;;Gutschrift Hofladen Sörenberg GmbH Käseverkauf;
URS-000284;CH1200778010203040506;2024-02-26;2024-02-26;1000.00;CHF;DBIT;PMNT-ICDT-BOOK;;CH3400778010203040599;;Übertrag Sparkonto;
URS-000285;CH1200778010203040506;2024-02-26;2024-02-26;143.15;CHF;DBIT;PMNT-CCRD-POSD;Wirtshaus Galliker;;;Einkauf Wirtshaus Galliker Luzern Karte xxxx 4821;5812
URS-000286;CH1200778010203040506;2024-02-26;2024-02-26;120.00;CHF;DBIT;PMNT-CCRD-POSD;Wirtshaus Galliker;;;Einkauf Wirtshaus Galliker Luzern Karte xxxx 4821;5812
URS-000287;CH1200778010203040506;2024-02-26;2024-02-26;45.80;CHF;DBIT;PMNT-CCRD-POSD;Manor Food;;;Einkauf Manor Food Luzern Karte xxxx 4821;5411
URS-000288;CH1200778010203040506;2024-02-26;2024-02-26;10538.18;CHF;CRDT;PMNT-RCDT-SALA;Schindler Aufzüge AG;CH9300762011623852333;;Gutschrift Salär Februar 2024;
URS-000289;CH3400778010203040599;2024-02-26;2024-02-26;1000.00;CHF;CRDT;PMNT-RCDT-BOOK;;CH1200778010203040506;;Übertrag Sparkonto;
URS-000290;CH1200778010203040506;2024-02-27;2024-02-27;605.00;CHF;DBIT;PMNT-ICDT-STDO;Frankly Vorsorgestiftung 3a;;;Dauerauftrag Säule 3a;
URS-000291;CH1200778010203040506;2024-02-28;2024-02-28;2300.00;CHF;DBIT;PMNT-ICDT-STDO;Steueramt der Stadt Luzern;;;Dauerauftrag Steuern Rate;
URS-000292;CH1200778010203040506;2024-02-28;2024-02-28;88.55;CHF;DBIT;PMNT-CCRD-POSD;Avia Tankstelle;;;Einkauf Avia Tankstelle Luzern Karte xxxx 4821;5541
URS-000293;CH1200778010203040506;2024-03-01;2024-03-01;2650.00;CHF;DBIT;PMNT-ICDT-STDO;Allgemeine Baugenossenschaft Luzern;;;Dauerauftrag Miete Haldenstrasse;
URS-000294;CH1200778010203040506;2024-03-01;2024-03-01;900.00;CHF;DBIT;PMNT-ICDT-STDO;Zimmermann Laura;;;Dauerauftrag Unterhalt Laura;
URS-000295;CH1200778010203040506;2024-03-01;2024-03-01;46.40;CHF;DBIT;PMNT-CCRD-POSD;Globus Delicatessa;;;Einkauf Globus Delicatessa Luzern Karte xxxx 4821;5411
URS-000296;CH1200778010203040506;2024-03-04;2024-03-04;158.70;CHF;DBIT;PMNT-CCRD-POSD;Avia Tankstelle;;;Einkauf Avia Tankstelle Luzern Karte xxxx 4821;5541
URS-000297;CH1200778010203040506;2024-03-05;2024-03-05;518.00;CHF;DBIT;PMNT-IDDT-ESDD;Sanitas Grundversicherungen AG;;;LSV Prämie Grundversicherung;
URS-000298;CH1200778010203040506;2024-03-05;2024-03-05;76.85;CHF;DBIT;PMNT-CCRD-POSD;Migros;;;Einkauf Migros Luzern Karte xxxx 4821;5411
URS-000299;CH1200778010203040506;2024-03-05;2024-03-05;64.05;CHF;DBIT;PMNT-CCRD-POSD;Coop;;;Einkauf Coop Luzern Karte xxxx 4821;5411
URS-000300;CH1200778010203040506;2024-03-05;2024-03-05;194.95;CHF;CRDT;PMNT-RCDT-DMCT;Marktkasse Wochenmarkt Luzern;;;Gutschrift Marktkasse Wochenmarkt Luzern Käseverkauf;
URS-000301;CH1200778010203040506;2024-03-07;2024-03-07;87.80;CHF;DBIT;PMNT-CCRD-POSD;Shell;;;Einkauf Shell Luzern Karte xxxx 4821;5541
URS-000302;CH1200778010203040506;2024-03-08;2024-03-08;140.00;CHF;DBIT;PMNT-CCRD-POSD;Coop;;;Einkauf Coop Luzern Karte xxxx 4821;5411
URS-000303;CH1200778010203040506;2024-03-08;2024-03-08;65.00;CHF;DBIT;PMNT-IDDT-ESDD;Salt Mobile SA;;;LSV Salt Abo;
URS-000304;CH1200778010203040506;2024-03-11;2024-03-11;222.70;CHF;DBIT;PMNT-CCRD-POSD;Coop;;;Einkauf Coop Luzern Karte xxxx 4821;5411
URS-000305;CH1200778010203040506;2024-03-11;2024-03-11;186.55;CHF;DBIT;PMNT-CCRD-POSD;Manor Food;;;Einkauf Manor Food Luzern Karte xxxx 4821;5411
URS-000306;CH1200778010203040506;2024-03-11;2024-03-11;65.70;CHF;DBIT;PMNT-CCRD-POSD;Games Workshop Luzern;;;Einkauf Games Workshop Luzern Luzern Karte xxxx 4821;5945
URS-000307;CH1200778010203040506;2024-03-11;2024-03-11;49.00;CHF;DBIT;PMNT-IDDT-ESDD;Swisscom (Schweiz) AG;;;LSV blue TV;
URS-000308;CH1200778010203040506;2024-03-11;2024-03-11;200.25;CHF;CRDT;PMNT-RCDT-DMCT;Hofladen Sörenberg GmbH;;;Gutschrift Hofladen Sörenberg GmbH Käseverkauf;
URS-000309;CH1200778010203040506;2024-03-12;2024-03-12;180.00;CHF;DBIT;PMNT-CCRD-CWDL;;;;Bargeldbezug Postomat Luzern Bahnhof Karte xxxx 4821;6011
URS-000310;CH1200778010203040506;2024-03-12;2024-03-12;47.20;CHF;DBIT;PMNT-CCRD-POSD;Fantasywelt Luzern;;;Einkauf Fantasywelt Luzern Luzern Karte xxxx 4821;5945
URS-000311;CH1200778010203040506;2024-03-12;2024-03-12;41.35;CHF;DBIT;PMNT-CCRD-POSD;Globus Delicatessa;;;Einkauf Globus Delicatessa Luzern Karte xxxx 4821;5411
URS-000312;CH1200778010203040506;2024-03-14;2024-03-14;318.40;CHF;DBIT;PMNT-ICDT-DMCT;Himalaya Käse Import GmbH;;;Zahlung Rechnung Yak-Käse Lieferung;
URS-000313;CH1200778010203040506;2024-03-14;2024-03-14;107.65;CHF;DBIT;PMNT-CCRD-POSD;Avia Tankstelle;;;Einkauf Avia Tankstelle Luzern Karte xxxx 4821;5541
URS-000314;CH1200778010203040506;2024-03-15;2024-03-15;480.00;CHF;DBIT;PMNT-ICDT-DMCT;Stadt Luzern;;;Zahlung Marktbewilligung Wochenmarkt;
URS-000315;CH1200778010203040506;2024-03-15;2024-03-15;58.45;CHF;DBIT;PMNT-CCRD-POSD;Old Swiss House;;;Einkauf Old Swiss House Luzern Karte xxxx 4821;5812
URS-000316;CH1200778010203040506;2024-03-18;2024-03-18;2287.85;CHF;DBIT;PMNT-IDDT-ESDD;Swisscard AECS GmbH;;;Lastschrift Swisscard AECS GmbH Monatsrechnung 02/2024;
URS-000317;CH1200778010203040506;2024-03-18;2024-03-18;108.85;CHF;DBIT;PMNT-CCRD-POSD;BP Tankstelle;;;Einkauf BP Tankstelle Luzern Karte xxxx 4821;5541
URS-000318;CH1200778010203040506;2024-03-18;2024-03-18;70.75;CHF;DBIT;PMNT-CCRD-POSD;Old Swiss House;;;Einkauf Old Swiss House Luzern Karte xxxx 4821;5812
URS-000319;CH1200778010203040506;2024-03-18;2024-03-18;52.40;CHF;DBIT;PMNT-CCRD-POSD;Coop;;;Einkauf Coop Luzern Karte xxxx 4821;5411
URS-000320;CH1200778010203040506;2024-03-18;2024-03-18;247.10;CHF;CRDT;PMNT-RCDT-DMCT;Marktkasse Wochenmarkt Luzern;;;Gutschrift Marktkasse Wochenmarkt Luzern Käseverkauf;
URS-000321;CH1200778010203040506;2024-03-19;2024-03-19;88.55;CHF;CRDT;PMNT-RCDT-DMCT;Marktkasse Wochenmarkt Luzern;;;Gutschrift Marktkasse Wochenmarkt Luzern Käseverkauf;
URS-000322;CH1200778010203040506;2024-03-21;2024-03-21;68.80;CHF;DBIT;PMNT-CCRD-POSD;Old Swiss House;;;Einkauf Old Swiss House Luzern Karte xxxx 4821;5812
URS-000323;CH1200778010203040506;2024-03-21;2024-03-21;55.50;CHF;DBIT;PMNT-CCRD-POSD;Globus Delicatessa;;;Einkauf Globus Delicatessa Luzern Karte xxxx 4821;5411
URS-000324;CH1200778010203040506;2024-03-21;2024-03-21;31.50;CHF;DBIT;PMNT-CCRD-POSD;Coop;;;Einkauf Coop Luzern Karte xxxx 4821;5411
URS-000325;CH1200778010203040506;2024-03-22;2024-03-22;260.00;CHF;DBIT;PMNT-CCRD-CWDL;;;;Bargeldbezug Bancomat LUKB Schwanenplatz Karte xxxx 4821;6011
URS-000326;CH1200778010203040506;2024-03-22;2024-03-22;53.55;CHF;CRDT;PMNT-RCDT-ESCT;;;;TWINT *Empfangen von Beat Wicki;
URS-000327;CH1200778010203040506;2024-03-25;2024-03-25;455.50;CHF;DBIT;PMNT-CCRD-POSD;Jelmoli;;;Einkauf Jelmoli Luzern Karte xxxx 4821;5651
URS-000328;CH1200778010203040506;2024-03-25;2024-03-25;141.50;CHF;DBIT;PMNT-CCRD-POSD;Globus Delicatessa;;;Einkauf Globus Delicatessa Luzern Karte xxxx 4821;5411
URS-000329;CH1200778010203040506;2024-03-25;2024-03-25;117.15;CHF;DBIT;PMNT-CCRD-POSD;Avia Tankstelle;;;Einkauf Avia Tankstelle Luzern Karte xxxx 4821;5541
URS-000330;CH1200778010203040506;2024-03-25;2024-03-25;86.55;CHF;DBIT;PMNT-CCRD-POSD;Wirtshaus Galliker;;;Einkauf Wirtshaus Galliker Luzern Karte xxxx 4821;5812
URS-000331;CH1200778010203040506;2024-03-25;2024-03-25;33.95;CHF;DBIT;PMNT-ICDT-ESCT;;;;TWINT *Sende an Laura Zimmermann;
URS-000332;CH1200778010203040506;2024-03-25;2024-03-25;10538.18;CHF;CRDT;PMNT-RCDT-SALA;Schindler Aufzüge AG;CH9300762011623852333;;Gutschrift Salär März 2024;
URS-000333;CH1200778010203040506;2024-03-26;2024-03-26;1000.00;CHF;DBIT;PMNT-ICDT-BOOK;;CH3400778010203040599;;Übertrag Sparkonto;
URS-000334;CH1200778010203040506;2024-03-26;2024-03-26;82.70;CHF;DBIT;PMNT-CCRD-POSD;Globus;;;Einkauf Globus Luzern Karte xxxx 4821;5651
URS-000335;CH3400778010203040599;2024-03-26;2024-03-26;1000.00;CHF;CRDT;PMNT-RCDT-BOOK;;CH1200778010203040506;;Übertrag Sparkonto;
URS-000336;CH1200778010203040506;2024-03-27;2024-03-27;605.00;CHF;DBIT;PMNT-ICDT-STDO;Frankly Vorsorgestiftung 3a;;;Dauerauftrag Säule 3a;
URS-000337;CH1200778010203040506;2024-03-28;2024-03-28;2300.00;CHF;DBIT;PMNT-ICDT-STDO;Steueramt der Stadt Luzern;;;Dauerauftrag Steuern Rate;
URS-000338;CH1200778010203040506;2024-04-01;2024-04-01;2650.00;CHF;DBIT;PMNT-ICDT-STDO;Allgemeine Baugenossenschaft Luzern;;;Dauerauftrag Miete Haldenstrasse;
URS-000339;CH1200778010203040506;2024-04-01;2024-04-01;900.00;CHF;DBIT;PMNT-ICDT-STDO;Zimmermann Laura;;;Dauerauftrag Unterhalt Laura;
URS-000340;CH1200778010203040506;2024-04-01;2024-04-01;101.15;CHF;DBIT;PMNT-CCRD-POSD;Wirtshaus Galliker;;;Einkauf Wirtshaus Galliker Luzern Karte xxxx 4821;5812
URS-000341;CH1200778010203040506;2024-04-01;2024-04-01;84.25;CHF;DBIT;PMNT-CCRD-POSD;Coop;;;Einkauf Coop Luzern Karte xxxx 4821;5411
URS-000342;CH1200778010203040506;2024-04-01;2024-04-01;57.80;CHF;DBIT;PMNT-ICDT-ESCT;;;;TWINT *Sende an Beat Wicki;
URS-000343;CH1200778010203040506;2024-04-02;2024-04-02;130.65;CHF;DBIT;PMNT-CCRD-POSD;Hotel Schweizerhof Restaurant;;;Einkauf Hotel Schweizerhof Restaurant Luzern Karte xxxx 4821;5812
URS-000344;CH1200778010203040506;2024-04-03;2024-04-03;82.20;CHF;CRDT;PMNT-RCDT-DMCT;Hofladen Sörenberg GmbH;;;Gutschrift Hofladen Sörenberg GmbH Käseverkauf;
URS-000345;CH1200778010203040506;2024-04-04;2024-04-04;233.95;CHF;DBIT;PMNT-ICDT-DMCT;Hausarztpraxis Luzern;;Honorarrechnung;Zahlung Rechnung Hausarztpraxis Luzern;
URS-000346;CH1200778010203040506;2024-04-04;2024-04-04;20.60;CHF;DBIT;PMNT-CCRD-POSD;Old Swiss House;;;Einkauf Old Swiss House Luzern Karte xxxx 4821;5812
URS-000347;CH1200778010203040506;2024-04-05;2024-04-05;518.00;CHF;DBIT;PMNT-IDDT-ESDD;Sanitas Grundversicherungen AG;;;LSV Prämie Grundversicherung;
URS-000348;CH1200778010203040506;2024-04-05;2024-04-05;137.70;CHF;DBIT;PMNT-CCRD-POSD;Fantasywelt Luzern;;;Einkauf Fantasywelt Luzern Luzern Karte xxxx 4821;5945
URS-000349;CH1200778010203040506;2024-04-08;2024-04-08;2850.00;CHF;DBIT;PMNT-ICDT-DMCT;Hafen Luzern AG;;;Zahlung Rechnung Bootsplatz Saison 2024;
URS-000350;CH1200778010203040506;2024-04-08;2024-04-08;203.60;CHF;DBIT;PMNT-CCRD-POSD;Shell;;;Einkauf Shell Luzern Karte xxxx 4821;5541
URS-000351;CH1200778010203040506;2024-04-08;2024-04-08;132.60;CHF;DBIT;PMNT-CCRD-POSD;Globus Delicatessa;;;Einkauf Globus Delicatessa Luzern Karte xxxx 4821;5411
URS-000352;CH1200778010203040506;2024-04-08;2024-04-08;120.30;CHF;DBIT;PMNT-CCRD-POSD;Shell;;;Einkauf Shell Luzern Karte xxxx 4821;5541
URS-000353;CH1200778010203040506;2024-04-08;2024-04-08;78.90;CHF;DBIT;PMNT-CCRD-POSD;Hotel Schweizerhof Restaurant;;;Einkauf Hotel Schweizerhof Restaurant Luzern Karte xxxx 4821;5812
URS-000354;CH1200778010203040506;2024-04-08;2024-04-08;73.60;CHF;DBIT;PMNT-CCRD-POSD;Migros;;;Einkauf Migros Luzern Karte xxxx 4821;5411
URS-000355;CH1200778010203040506;2024-04-08;2024-04-08;73.50;CHF;DBIT;PMNT-CCRD-POSD;Old Swiss House;;;Einkauf Old Swiss House Luzern Karte xxxx 4821;5812
URS-000356;CH1200778010203040506;2024-04-08;2024-04-08;65.00;CHF;DBIT;PMNT-IDDT-ESDD;Salt Mobile SA;;;LSV Salt Abo;
URS-000357;CH1200778010203040506;2024-04-08;2024-04-08;156.00;CHF;CRDT;PMNT-RCDT-DMCT;Hofladen Sörenberg GmbH;;;Gutschrift Hofladen Sörenberg GmbH Käseverkauf;
URS-000358;CH1200778010203040506;2024-04-09;2024-04-09;78.60;CHF;DBIT;PMNT-CCRD-POSD;Globus Delicatessa;;;Einkauf Globus Delicatessa Luzern Karte xxxx 4821;5411
URS-000359;CH1200778010203040506;2024-04-09;2024-04-09;49.00;CHF;DBIT;PMNT-IDDT-ESDD;Swisscom (Schweiz) AG;;;LSV blue TV;
URS-000360;CH1200778010203040506;2024-04-09;2024-04-09;41.60;CHF;DBIT;PMNT-CCRD-POSD;Globus Delicatessa;;;Einkauf Globus Delicatessa Luzern Karte xxxx 4821;5411
URS-000361;CH1200778010203040506;2024-04-11;2024-04-11;58.70;CHF;DBIT;PMNT-CCRD-POSD;Globus Delicatessa;;;Einkauf Globus Delicatessa Luzern Karte xxxx 4821;5411
URS-000362;CH1200778010203040506;2024-04-11;2024-04-11;24.85;CHF;DBIT;PMNT-CCRD-POSD;Coop;;;Einkauf Coop Luzern Karte xxxx 4821;5411
URS-000363;CH1200778010203040506;2024-04-12;2024-04-12;335.00;CHF;DBIT;PMNT-ICDT-DMCT;Serafe AG;;;Zahlung Radio- und Fernsehabgabe 2024;
URS-000364;CH1200778010203040506;2024-04-15;2024-04-15;423.05;CHF;DBIT;PMNT-ICDT-DMCT;Himalaya Käse Import GmbH;;;Zahlung Rechnung Yak-Käse Lieferung;
URS-000365;CH1200778010203040506;2024-04-15;2024-04-15;300.00;CHF;DBIT;PMNT-CCRD-CWDL;;;;Bargeldbezug Bancomat LUKB Schwanenplatz Karte xxxx 4821;6011
URS-000366;CH1200778010203040506;2024-04-15;2024-04-15;110.45;CHF;DBIT;PMNT-CCRD-POSD;BP Tankstelle;;;Einkauf BP Tankstelle Luzern Karte xxxx 4821;5541
URS-000367;CH1200778010203040506;2024-04-15;2024-04-15;127.60;CHF;CRDT;PMNT-RCDT-DMCT;Hofladen Sörenberg GmbH;;;Gutschrift Hofladen Sörenberg GmbH Käseverkauf;
URS-000368;CH1200778010203040506;2024-04-16;2024-04-16;79.00;CHF;DBIT;PMNT-CCRD-POSD;Hotel Schweizerhof Restaurant;;;Einkauf Hotel Schweizerhof Restaurant Luzern Karte xxxx 4821;5812
URS-000369;CH1200778010203040506;2024-04-17;2024-04-17;115.40;CHF;DBIT;PMNT-CCRD-POSD;Old Swiss House;;;Einkauf Old Swiss House Luzern Karte xxxx 4821;5812
URS-000370;CH1200778010203040506;2024-04-18;2024-04-18;314.90;CHF;DBIT;PMNT-IDDT-ESDD;Swisscard AECS GmbH;;;Lastschrift Swisscard AECS GmbH Monatsrechnung 03/2024;
URS-000371;CH1200778010203040506;2024-04-18;2024-04-18;53.95;CHF;DBIT;PMNT-CCRD-POSD;Coop;;;Einkauf Coop Luzern Karte xxxx 4821;5411
URS-000372;CH1200778010203040506;2024-04-22;2024-04-22;220.00;CHF;DBIT;PMNT-CCRD-CWDL;;;;Bargeldbezug Postomat Luzern Bahnhof Karte xxxx 4821;6011
URS-000373;CH1200778010203040506;2024-04-22;2024-04-22;158.50;CHF;DBIT;PMNT-IDDT-ESDD;ewl energie wasser luzern;;;LSV Energie;
URS-000374;CH1200778010203040506;2024-04-22;2024-04-22;65.00;CHF;DBIT;PMNT-CCRD-POSD;Fantasywelt Luzern;;;Einkauf Fantasywelt Luzern Luzern Karte xxxx 4821;5945
URS-000375;CH1200778010203040506;2024-04-23;2024-04-23;72.70;CHF;DBIT;PMNT-CCRD-POSD;Globus Delicatessa;;;Einkauf Globus Delicatessa Luzern Karte xxxx 4821;5411
URS-000376;CH1200778010203040506;2024-04-24;2024-04-24;107.35;CHF;DBIT;PMNT-CCRD-POSD;Wirtshaus Galliker;;;Einkauf Wirtshaus Galliker Luzern Karte xxxx 4821;5812
URS-000377;CH1200778010203040506;2024-04-25;2024-04-25;90.15;CHF;DBIT;PMNT-CCRD-POSD;Coop;;;Einkauf Coop Luzern Karte xxxx 4821;5411
URS-000378;CH1200778010203040506;2024-04-25;2024-04-25;67.60;CHF;DBIT;PMNT-CCRD-POSD;Globus Delicatessa;;;Einkauf Globus Delicatessa Luzern Karte xxxx 4821;5411
URS-000379;CH1200778010203040506;2024-04-25;2024-04-25;10538.18;CHF;CRDT;PMNT-RCDT-SALA;Schindler Aufzüge AG;CH9300762011623852333;;Gutschrift Salär April 2024;
URS-000380;CH1200778010203040506;2024-04-26;2024-04-26;1000.00;CHF;DBIT;PMNT-ICDT-BOOK;;CH3400778010203040599;;Übertrag Sparkonto;
URS-000381;CH1200778010203040506;2024-04-26;2024-04-26;36.45;CHF;DBIT;PMNT-CCRD-POSD;Coop;;;Einkauf Coop Luzern Karte xxxx 4821;5411
URS-000382;CH3400778010203040599;2024-04-26;2024-04-26;1000.00;CHF;CRDT;PMNT-RCDT-BOOK;;CH1200778010203040506;;Übertrag Sparkonto;
URS-000383;CH1200778010203040506;2024-04-29;2024-04-29;2300.00;CHF;DBIT;PMNT-ICDT-STDO;Steueramt der Stadt Luzern;;;Dauerauftrag Steuern Rate;
URS-000384;CH1200778010203040506;2024-04-29;2024-04-29;605.00;CHF;DBIT;PMNT-ICDT-STDO;Frankly Vorsorgestiftung 3a;;;Dauerauftrag Säule 3a;
URS-000385;CH1200778010203040506;2024-04-29;2024-04-29;481.55;CHF;DBIT;PMNT-CCRD-POSD;Globus;;;Einkauf Globus Luzern Karte xxxx 4821;5651
URS-000386;CH1200778010203040506;2024-05-01;2024-05-01;2650.00;CHF;DBIT;PMNT-ICDT-STDO;Allgemeine Baugenossenschaft Luzern;;;Dauerauftrag Miete Haldenstrasse;
URS-000387;CH1200778010203040506;2024-05-01;2024-05-01;900.00;CHF;DBIT;PMNT-ICDT-STDO;Zimmermann Laura;;;Dauerauftrag Unterhalt Laura;
URS-000388;CH1200778010203040506;2024-05-01;2024-05-01;80.85;CHF;DBIT;PMNT-CCRD-POSD;Wirtshaus Galliker;;;Einkauf Wirtshaus Galliker Luzern Karte xxxx 4821;5812
URS-000389;CH1200778010203040506;2024-05-01;2024-05-01;72.90;CHF;DBIT;PMNT-CCRD-POSD;Galaxus;;;Einkauf Galaxus Luzern Karte xxxx 4821;5651
URS-000390;CH1200778010203040506;2024-05-02;2024-05-02;263.65;CHF;CRDT;PMNT-RCDT-DMCT;Marktkasse Wochenmarkt Luzern;;;Gutschrift Marktkasse Wochenmarkt Luzern Käseverkauf;
URS-000391;CH1200778010203040506;2024-05-03;2024-05-03;240.00;CHF;DBIT;PMNT-CCRD-CWDL;;;;Bargeldbezug Bancomat LUKB Schwanenplatz Karte xxxx 4821;6011
URS-000392;CH1200778010203040506;2024-05-03;2024-05-03;102.80;CHF;DBIT;PMNT-CCRD-POSD;Old Swiss House;;;Einkauf Old Swiss House Luzern Karte xxxx 4821;5812
URS-000393;CH1200778010203040506;2024-05-03;2024-05-03;32.50;CHF;DBIT;PMNT-CCRD-POSD;Globus Delicatessa;;;Einkauf Globus Delicatessa Luzern Karte xxxx 4821;5411
URS-000394;CH1200778010203040506;2024-05-06;2024-05-06;518.00;CHF;DBIT;PMNT-IDDT-ESDD;Sanitas Grundversicherungen AG;;;LSV Prämie Grundversicherung;
URS-000395;CH1200778010203040506;2024-05-06;2024-05-06;163.55;CHF;DBIT;PMNT-ICDT-DMCT;Physiotherapie Seefeld;;Honorarrechnung;Zahlung Rechnung Physiotherapie Seefeld;
URS-000396;CH1200778010203040506;2024-05-06;2024-05-06;114.20;CHF;DBIT;PMNT-CCRD-POSD;Galaxus;;;Einkauf Galaxus Luzern Karte xxxx 4821;5651
URS-000397;CH1200778010203040506;2024-05-06;2024-05-06;97.80;CHF;DBIT;PMNT-CCRD-POSD;Shell;;;Einkauf Shell Luzern Karte xxxx 4821;5541
URS-000398;CH1200778010203040506;2024-05-06;2024-05-06;17.20;CHF;DBIT;PMNT-CCRD-POSD;Migros;;;Einkauf Migros Luzern Karte xxxx 4821;5411
URS-000399;CH1200778010203040506;2024-05-06;2024-05-06;55.70;CHF;CRDT;PMNT-RCDT-DMCT;Hofladen Sörenberg GmbH;;;Gutschrift Hofladen Sörenberg GmbH Käseverkauf;
URS-000400;CH1200778010203040506;2024-05-06;2024-05-06;161.90;CHF;CRDT;PMNT-RCDT-DMCT;Marktkasse Wochenmarkt Luzern;;;Gutschrift Marktkasse Wochenmarkt Luzern Käseverkauf;
URS-000401;CH1200778010203040506;2024-05-08;2024-05-08;65.00;CHF;DBIT;PMNT-IDDT-ESDD;Salt Mobile SA;;;LSV Salt Abo;
URS-000402;CH1200778010203040506;2024-05-09;2024-05-09;128.65;CHF;DBIT;PMNT-CCRD-POSD;Hotel Schweizerhof Restaurant;;;Einkauf Hotel Schweizerhof Restaurant Luzern Karte xxxx 4821;5812
URS-000403;CH1200778010203040506;2024-05-09;2024-05-09;92.60;CHF;DBIT;PMNT-CCRD-POSD;Coop;;;Einkauf Coop Luzern Karte xxxx 4821;5411
URS-000404;CH1200778010203040506;2024-05-09;2024-05-09;63.05;CHF;DBIT;PMNT-CCRD-POSD;Manor Food;;;Einkauf Manor Food Luzern Karte xxxx 4821;5411
URS-000405;CH1200778010203040506;2024-05-09;2024-05-09;49.00;CHF;DBIT;PMNT-IDDT-ESDD;Swisscom (Schweiz) AG;;;LSV blue TV;
URS-000406;CH1200778010203040506;2024-05-10;2024-05-10;120.70;CHF;DBIT;PMNT-CCRD-POSD;Manor Food;;;Einkauf Manor Food Luzern Karte xxxx 4821;5411
URS-000407;CH1200778010203040506;2024-05-13;2024-05-13;780.00;CHF;DBIT;PMNT-ICDT-DMCT;Allianz Suisse;;;Zahlung Prämie Bootsversicherung;
URS-000408;CH1200778010203040506;2024-05-13;2024-05-13;124.90;CHF;DBIT;PMNT-CCRD-POSD;Hotel Schweizerhof Restaurant;;;Einkauf Hotel Schweizerhof Restaurant Luzern Karte xxxx 4821;5812
URS-000409;CH1200778010203040506;2024-05-13;2024-05-13;72.10;CHF;DBIT;PMNT-CCRD-POSD;Coop;;;Einkauf Coop Luzern Karte xxxx 4821;5411
URS-000410;CH1200778010203040506;2024-05-13;2024-05-13;49.40;CHF;DBIT;PMNT-CCRD-POSD;Manor Food;;;Einkauf Manor Food Luzern Karte xxxx 4821;5411
URS-000411;CH1200778010203040506;2024-05-13;2024-05-13;32.70;CHF;DBIT;PMNT-CCRD-POSD;Migros;;;Einkauf Migros Luzern Karte xxxx 4821;5411
URS-000412;CH1200778010203040506;2024-05-13;2024-05-13;162.75;CHF;CRDT;PMNT-RCDT-DMCT;Hofladen Sörenberg GmbH;;;Gutschrift Hofladen Sörenberg GmbH Käseverkauf;
URS-000413;CH1200778010203040506;2024-05-14;2024-05-14;315.35;CHF;DBIT;PMNT-ICDT-DMCT;Himalaya Käse Import GmbH;;;Zahlung Rechnung Yak-Käse Lieferung;
URS-000414;CH1200778010203040506;2024-05-14;2024-05-14;28.60;CHF;DBIT;PMNT-CCRD-POSD;Migros;;;Einkauf Migros Luzern Karte xxxx 4821;5411
URS-000415;CH1200778010203040506;2024-05-15;2024-05-15;195.95;CHF;DBIT;PMNT-ICDT-DMCT;Physiotherapie Seefeld;;Honorarrechnung;Zahlung Rechnung Physiotherapie Seefeld;
URS-000416;CH1200778010203040506;2024-05-15;2024-05-15;146.95;CHF;DBIT;PMNT-CCRD-POSD;Avia Tankstelle;;;Einkauf Avia Tankstelle Luzern Karte xxxx 4821;5541
URS-000417;CH1200778010203040506;2024-05-15;2024-05-15;103.55;CHF;DBIT;PMNT-CCRD-POSD;Avia Tankstelle;;;Einkauf Avia Tankstelle Luzern Karte xxxx 4821;5541
URS-000418;CH1200778010203040506;2024-05-16;2024-05-16;72.45;CHF;DBIT;PMNT-CCRD-POSD;Coop;;;Einkauf Coop Luzern Karte xxxx 4821;5411
URS-000419;CH1200778010203040506;2024-05-16;2024-05-16;57.55;CHF;DBIT;PMNT-CCRD-POSD;Games Workshop Luzern;;;Einkauf Games Workshop Luzern Luzern Karte xxxx 4821;5945
URS-000420;CH1200778010203040506;2024-05-16;2024-05-16;56.60;CHF;DBIT;PMNT-CCRD-POSD;Old Swiss House;;;Einkauf Old Swiss House Luzern Karte xxxx 4821;5812
URS-000421;CH1200778010203040506;2024-05-20;2024-05-20;138.50;CHF;DBIT;PMNT-CCRD-POSD;Avia Tankstelle;;;Einkauf Avia Tankstelle Luzern Karte xxxx 4821;5541
URS-000422;CH1200778010203040506;2024-05-20;2024-05-20;108.30;CHF;DBIT;PMNT-IDDT-ESDD;Swisscard AECS GmbH;;;Lastschrift Swisscard AECS GmbH Monatsrechnung 04/2024;
URS-000423;CH1200778010203040506;2024-05-20;2024-05-20;90.80;CHF;DBIT;PMNT-CCRD-POSD;Galaxus;;;Einkauf Galaxus Luzern Karte xxxx 4821;5651
URS-000424;CH1200778010203040506;2024-05-20;2024-05-20;41.05;CHF;CRDT;PMNT-RCDT-ESCT;;;;TWINT *Empfangen von Beat Wicki;
URS-000425;CH1200778010203040506;2024-05-20;2024-05-20;73.40;CHF;CRDT;PMNT-RCDT-DMCT;Hofladen Sörenberg GmbH;;;Gutschrift Hofladen Sörenberg GmbH Käseverkauf;
URS-000426;CH1200778010203040506;2024-05-20;2024-05-20;224.15;CHF;CRDT;PMNT-RCDT-DMCT;Marktkasse Wochenmarkt Luzern;;;Gutschrift Marktkasse Wochenmarkt Luzern Käseverkauf;
URS-000427;CH1200778010203040506;2024-05-20;2024-05-20;230.15;CHF;CRDT;PMNT-RCDT-DMCT;Marktkasse Wochenmarkt Luzern;;;Gutschrift Marktkasse Wochenmarkt Luzern Käseverkauf;
URS-000428;CH1200778010203040506;2024-05-21;2024-05-21;228.70;CHF;DBIT;PMNT-CCRD-POSD;Globus Delicatessa;;;Einkauf Globus Delicatessa Luzern Karte xxxx 4821;5411
URS-000429;CH1200778010203040506;2024-05-21;2024-05-21;50.10;CHF;DBIT;PMNT-CCRD-POSD;Old Swiss House;;;Einkauf Old Swiss House Luzern Karte xxxx 4821;5812
URS-000430;CH1200778010203040506;2024-05-21;2024-05-21;42.95;CHF;DBIT;PMNT-CCRD-POSD;Manor Food;;;Einkauf Manor Food Luzern Karte xxxx 4821;5411
URS-000431;CH1200778010203040506;2024-05-21;2024-05-21;12.65;CHF;DBIT;PMNT-CCRD-POSD;Fantasywelt Luzern;;;Einkauf Fantasywelt Luzern Luzern Karte xxxx 4821;5945
URS-000432;CH1200778010203040506;2024-05-22;2024-05-22;180.00;CHF;DBIT;PMNT-CCRD-CWDL;;;;Bargeldbezug Bancomat LUKB Schwanenplatz Karte xxxx 4821;6011
URS-000433;CH1200778010203040506;2024-05-22;2024-05-22;100.00;CHF;DBIT;PMNT-CCRD-CWDL;;;;Bargeldbezug Bancomat LUKB Schwanenplatz Karte xxxx 4821;6011
URS-000434;CH1200778010203040506;2024-05-23;2024-05-23;73.00;CHF;DBIT;PMNT-CCRD-POSD;Migros;;;Einkauf Migros Luzern Karte xxxx 4821;5411
URS-000435;CH1200778010203040506;2024-05-27;2024-05-27;1000.00;CHF;DBIT;PMNT-ICDT-BOOK;;CH3400778010203040599;;Übertrag Sparkonto;
URS-000436;CH1200778010203040506;2024-05-27;2024-05-27;785.35;CHF;DBIT;PMNT-ICDT-DMCT;Bootsservice Vierwaldstättersee GmbH;;;Zahlung Rechnung Bootsservice;
URS-000437;CH1200778010203040506;2024-05-27;2024-05-27;605.00;CHF;DBIT;PMNT-ICDT-STDO;Frankly Vorsorgestiftung 3a;;;Dauerauftrag Säule 3a;
URS-000438;CH1200778010203040506;2024-05-27;2024-05-27;56.25;CHF;DBIT;PMNT-CCRD-POSD;Migros;;;Einkauf Migros Luzern Karte xxxx 4821;5411
URS-000439;CH1200778010203040506;2024-05-27;2024-05-27;53.15;CHF;DBIT;PMNT-CCRD-POSD;Fantasywelt Luzern;;;Einkauf Fantasywelt Luzern Luzern Karte xxxx 4821;5945
URS-000440;CH1200778010203040506;2024-05-27;2024-05-27;10538.18;CHF;CRDT;PMNT-RCDT-SALA;Schindler Aufzüge AG;CH9300762011623852333;;Gutschrift Salär Mai 2024;
URS-000441;CH3400778010203040599;2024-05-27;2024-05-27;1000.00;CHF;CRDT;PMNT-RCDT-BOOK;;CH1200778010203040506;;Übertrag Sparkonto;
URS-000442;CH1200778010203040506;2024-05-28;2024-05-28;2300.00;CHF;DBIT;PMNT-ICDT-STDO;Steueramt der Stadt Luzern;;;Dauerauftrag Steuern Rate;
URS-000443;CH1200778010203040506;2024-05-28;2024-05-28;327.05;CHF;CRDT;PMNT-RCDT-DMCT;Marktkasse Wochenmarkt Luzern;;;Gutschrift Marktkasse Wochenmarkt Luzern Käseverkauf;
URS-000444;CH1200778010203040506;2024-06-03;2024-06-03;2650.00;CHF;DBIT;PMNT-ICDT-STDO;Allgemeine Baugenossenschaft Luzern;;;Dauerauftrag Miete Haldenstrasse;
URS-000445;CH1200778010203040506;2024-06-03;2024-06-03;900.00;CHF;DBIT;PMNT-ICDT-STDO;Zimmermann Laura;;;Dauerauftrag Unterhalt Laura;
URS-000446;CH1200778010203040506;2024-06-03;2024-06-03;103.60;CHF;DBIT;PMNT-CCRD-POSD;Shell;;;Einkauf Shell Luzern Karte xxxx 4821;5541
URS-000447;CH1200778010203040506;2024-06-03;2024-06-03;36.90;CHF;DBIT;PMNT-CCRD-POSD;Wirtshaus Galliker;;;Einkauf Wirtshaus Galliker Luzern Karte xxxx 4821;5812
URS-000448;CH1200778010203040506;2024-06-03;2024-06-03;26.90;CHF;DBIT;PMNT-CCRD-POSD;Old Swiss House;;;Einkauf Old Swiss House Luzern Karte xxxx 4821;5812
URS-000449;CH1200778010203040506;2024-06-03;2024-06-03;116.85;CHF;CRDT;PMNT-RCDT-ESCT;;;;TWINT *Empfangen von Beat Wicki;
URS-000450;CH1200778010203040506;2024-06-03;2024-06-03;132.70;CHF;CRDT;PMNT-RCDT-DMCT;Hofladen Sörenberg GmbH;;;Gutschrift Hofladen Sörenberg GmbH Käseverkauf;
URS-000451;CH1200778010203040506;2024-06-04;2024-06-04;143.40;CHF;DBIT;PMNT-CCRD-POSD;Migros;;;Einkauf Migros Luzern Karte xxxx 4821;5411
URS-000452;CH1200778010203040506;2024-06-04;2024-06-04;77.00;CHF;DBIT;PMNT-CCRD-POSD;Tankstelle Hafen Luzern;;;Einkauf Tankstelle Hafen Luzern Bootsbenzin Karte xxxx 2210;
URS-000453;CH1200778010203040506;2024-06-05;2024-06-05;518.00;CHF;DBIT;PMNT-IDDT-ESDD;Sanitas Grundversicherungen AG;;;LSV Prämie Grundversicherung;
URS-000454;CH1200778010203040506;2024-06-05;2024-06-05;200.00;CHF;DBIT;PMNT-CCRD-CWDL;;;;Bargeldbezug Postomat Luzern Bahnhof Karte xxxx 4821;6011
URS-000455;CH1200778010203040506;2024-06-06;2024-06-06;43.15;CHF;DBIT;PMNT-CCRD-POSD;Hotel Schweizerhof Restaurant;;;Einkauf Hotel Schweizerhof Restaurant Luzern Karte xxxx 4821;5812
URS-000456;CH1200778010203040506;2024-06-07;2024-06-07;69.60;CHF;DBIT;PMNT-CCRD-POSD;Galaxus;;;Einkauf Galaxus Luzern Karte xxxx 4821;5651
URS-000457;CH1200778010203040506;2024-06-07;2024-06-07;61.35;CHF;DBIT;PMNT-CCRD-POSD;Wirtshaus Galliker;;;Einkauf Wirtshaus Galliker Luzern Karte xxxx 4821;5812
URS-000458;CH1200778010203040506;2024-06-07;2024-06-07;27.10;CHF;DBIT;PMNT-CCRD-POSD;Hotel Schweizerhof Restaurant;;;Einkauf Hotel Schweizerhof Restaurant Luzern Karte xxxx 4821;5812
URS-000459;CH1200778010203040506;2024-06-10;2024-06-10;1650.00;CHF;DBIT;PMNT-ICDT-DMCT;AXA Versicherungen AG;;;Zahlung Motorfahrzeugversicherung;
URS-000460;CH1200778010203040506;2024-06-10;2024-06-10;138.40;CHF;DBIT;PMNT-CCRD-POSD;Hotel Schweizerhof Restaurant;;;Einkauf Hotel Schweizerhof Restaurant Luzern Karte xxxx 4821;5812
URS-000461;CH1200778010203040506;2024-06-10;2024-06-10;80.65;CHF;DBIT;PMNT-CCRD-POSD;Tankstelle Hafen Luzern;;;Einkauf Tankstelle Hafen Luzern Bootsbenzin Karte xxxx 2210;
URS-000462;CH1200778010203040506;2024-06-10;2024-06-10;65.00;CHF;DBIT;PMNT-IDDT-ESDD;Salt Mobile SA;;;LSV Salt Abo;
URS-000463;CH1200778010203040506;2024-06-10;2024-06-10;49.00;CHF;DBIT;PMNT-IDDT-ESDD;Swisscom (Schweiz) AG;;;LSV blue TV;
URS-000464;CH1200778010203040506;2024-06-10;2024-06-10;85.70;CHF;CRDT;PMNT-RCDT-DMCT;Marktkasse Wochenmarkt Luzern;;;Gutschrift Marktkasse Wochenmarkt Luzern Käseverkauf;
URS-000465;CH1200778010203040506;2024-06-12;2024-06-12;77.70;CHF;DBIT;PMNT-CCRD-POSD;Globus;;;Einkauf Globus Luzern Karte xxxx 4821;5651
URS-000466;CH1200778010203040506;2024-06-12;2024-06-12;74.05;CHF;DBIT;PMNT-CCRD-POSD;Tankstelle Hafen Luzern;;;Einkauf Tankstelle Hafen Luzern Bootsbenzin Karte xxxx 2210;
URS-000467;CH1200778010203040506;2024-06-14;2024-06-14;483.90;CHF;DBIT;PMNT-ICDT-DMCT;Himalaya Käse Import GmbH;;;Zahlung Rechnung Yak-Käse Lieferung;
URS-000468;CH1200778010203040506;2024-06-14;2024-06-14;118.75;CHF;CRDT;PMNT-RCDT-DMCT;Hofladen Sörenberg GmbH;;;Gutschrift Hofladen Sörenberg GmbH Käseverkauf;
URS-000469;CH1200778010203040506;2024-06-17;2024-06-17;148.70;CHF;DBIT;PMNT-CCRD-POSD;Jelmoli;;;Einkauf Jelmoli Luzern Karte xxxx 4821;5651
URS-000470;CH1200778010203040506;2024-06-17;2024-06-17;123.70;CHF;DBIT;PMNT-CCRD-POSD;Hotel Schweizerhof Restaurant;;;Einkauf Hotel Schweizerhof Restaurant Luzern Karte xxxx 4821;5812
URS-000471;CH1200778010203040506;2024-06-17;2024-06-17;112.35;CHF;DBIT;PMNT-CCRD-POSD;Manor Food;;;Einkauf Manor Food Luzern Karte xxxx 4821;5411
URS-000472;CH1200778010203040506;2024-06-17;2024-06-17;111.85;CHF;DBIT;PMNT-CCRD-POSD;Migros;;;Einkauf Migros Luzern Karte xxxx 4821;5411
URS-000473;CH1200778010203040506;2024-06-17;2024-06-17;60.90;CHF;DBIT;PMNT-CCRD-POSD;Wirtshaus Galliker;;;Einkauf Wirtshaus Galliker Luzern Karte xxxx 4821;5812
URS-000474;CH1200778010203040506;2024-06-17;2024-06-17;41.80;CHF;DBIT;PMNT-CCRD-POSD;Hotel Schweizerhof Restaurant;;;Einkauf Hotel Schweizerhof Restaurant Luzern Karte xxxx 4821;5812
URS-000475;CH1200778010203040506;2024-06-17;2024-06-17;39.10;CHF;DBIT;PMNT-CCRD-POSD;Globus Delicatessa;;;Einkauf Globus Delicatessa Luzern Karte xxxx 4821;5411
URS-000476;CH1200778010203040506;2024-06-17;2024-06-17;87.75;CHF;CRDT;PMNT-RCDT-DMCT;Sanitas Grundversicherungen AG;;;Gutschrift Sanitas Grundversicherungen AG Leistungsabrechnung;
URS-000477;CH1200778010203040506;2024-06-17;2024-06-17;173.95;CHF;CRDT;PMNT-RCDT-DMCT;Marktkasse Wochenmarkt Luzern;;;Gutschrift Marktkasse Wochenmarkt Luzern Käseverkauf;
URS-000478;CH1200778010203040506;2024-06-17;2024-06-17;509.40;CHF;CRDT;PMNT-RCDT-DMCT;Hofladen Sörenberg GmbH;;;Gutschrift Hofladen Sörenberg GmbH Käseverkauf;
URS-000479;CH1200778010203040506;2024-06-18;2024-06-18;431.45;CHF;DBIT;PMNT-IDDT-ESDD;Swisscard AECS GmbH;;;Lastschrift Swisscard AECS GmbH Monatsrechnung 05/2024;
URS-000480;CH1200778010203040506;2024-06-19;2024-06-19;190.85;CHF;DBIT;PMNT-CCRD-POSD;Migros;;;Einkauf Migros Luzern Karte xxxx 4821;5411
URS-000481;CH1200778010203040506;2024-06-19;2024-06-19;185.35;CHF;DBIT;PMNT-CCRD-POSD;Games Workshop Luzern;;;Einkauf Games Workshop Luzern Luzern Karte xxxx 4821;5945
URS-000482;CH1200778010203040506;2024-06-19;2024-06-19;72.85;CHF;DBIT;PMNT-CCRD-POSD;Wirtshaus Galliker;;;Einkauf Wirtshaus Galliker Luzern Karte xxxx 4821;5812
URS-000483;CH1200778010203040506;2024-06-20;2024-06-20;156.20;CHF;DBIT;PMNT-CCRD-POSD;Manor Food;;;Einkauf Manor Food Luzern Karte xxxx 4821;5411
URS-000484;CH1200778010203040506;2024-06-21;2024-06-21;81.50;CHF;DBIT;PMNT-CCRD-POSD;Old Swiss House;;;Einkauf Old Swiss House Luzern Karte xxxx 4821;5812
URS-000485;CH1200778010203040506;2024-06-24;2024-06-24;240.00;CHF;DBIT;PMNT-CCRD-CWDL;;;;Bargeldbezug Bancomat LUKB Schwanenplatz Karte xxxx 4821;6011
URS-000486;CH1200778010203040506;2024-06-24;2024-06-24;89.25;CHF;DBIT;PMNT-CCRD-POSD;Coop;;;Einkauf Coop Luzern Karte xxxx 4821;5411
URS-000487;CH1200778010203040506;2024-06-24;2024-06-24;151.55;CHF;CRDT;PMNT-RCDT-DMCT;Hofladen Sörenberg GmbH;;;Gutschrift Hofladen Sörenberg GmbH Käseverkauf;
URS-000488;CH1200778010203040506;2024-06-24;2024-06-24;176.36;CHF;CRDT;PMNT-RCDT-DMCT;Sanitas Grundversicherungen AG;;;Gutschrift Sanitas Grundversicherungen AG Leistungsabrechnung;
URS-000489;CH1200778010203040506;2024-06-25;2024-06-25;83.00;CHF;DBIT;PMNT-CCRD-POSD;Avia Tankstelle;;;Einkauf Avia Tankstelle Luzern Karte xxxx 4821;5541
URS-000490;CH1200778010203040506;2024-06-25;2024-06-25;49.25;CHF;DBIT;PMNT-CCRD-POSD;Hotel Schweizerhof Restaurant;;;Einkauf Hotel Schweizerhof Restaurant Luzern Karte xxxx 4821;5812
URS-000491;CH1200778010203040506;2024-06-25;2024-06-25;10538.18;CHF;CRDT;PMNT-RCDT-SALA;Schindler Aufzüge AG;CH9300762011623852333;;Gutschrift Salär Juni 2024;
URS-000492;CH1200778010203040506;2024-06-26;2024-06-26;1000.00;CHF;DBIT;PMNT-ICDT-BOOK;;CH3400778010203040599;;Übertrag Sparkonto;
URS-000493;CH1200778010203040506;2024-06-26;2024-06-26;103.55;CHF;DBIT;PMNT-CCRD-POSD;Shell;;;Einkauf Shell Luzern Karte xxxx 4821;5541
URS-000494;CH1200778010203040506;2024-06-26;2024-06-26;29.35;CHF;DBIT;PMNT-CCRD-POSD;Manor Food;;;Einkauf Manor Food Luzern Karte xxxx 4821;5411
URS-000495;CH3400778010203040599;2024-06-26;2024-06-26;1000.00;CHF;CRDT;PMNT-RCDT-BOOK;;CH1200778010203040506;;Übertrag Sparkonto;
URS-000496;CH1200778010203040506;2024-06-27;2024-06-27;605.00;CHF;DBIT;PMNT-ICDT-STDO;Frankly Vorsorgestiftung 3a;;;Dauerauftrag Säule 3a;
URS-000497;CH1200778010203040506;2024-06-27;2024-06-27;18.80;CHF;DBIT;PMNT-CCRD-POSD;Globus Delicatessa;;;Einkauf Globus Delicatessa Luzern Karte xxxx 4821;5411
URS-000498;CH1200778010203040506;2024-06-28;2024-06-28;2300.00;CHF;DBIT;PMNT-ICDT-STDO;Steueramt der Stadt Luzern;;;Dauerauftrag Steuern Rate;
URS-000499;CH1200778010203040506;2024-06-28;2024-06-28;80.00;CHF;DBIT;PMNT-CCRD-CWDL;;;;Bargeldbezug Bancomat LUKB Schwanenplatz Karte xxxx 4821;6011
URS-000500;CH1200778010203040506;2024-06-28;2024-06-28;44.10;CHF;DBIT;PMNT-CCRD-POSD;Globus Delicatessa;;;Einkauf Globus Delicatessa Luzern Karte xxxx 4821;5411
URS-000501;CH1200778010203040506;2024-07-01;2024-07-01;2650.00;CHF;DBIT;PMNT-ICDT-STDO;Allgemeine Baugenossenschaft Luzern;;;Dauerauftrag Miete Haldenstrasse;
URS-000502;CH1200778010203040506;2024-07-01;2024-07-01;900.00;CHF;DBIT;PMNT-ICDT-STDO;Zimmermann Laura;;;Dauerauftrag Unterhalt Laura;
URS-000503;CH1200778010203040506;2024-07-02;2024-07-02;136.15;CHF;DBIT;PMNT-CCRD-POSD;Globus Delicatessa;;;Einkauf Globus Delicatessa Luzern Karte xxxx 4821;5411
URS-000504;CH1200778010203040506;2024-07-02;2024-07-02;25.25;CHF;DBIT;PMNT-CCRD-POSD;Coop;;;Einkauf Coop Luzern Karte xxxx 4821;5411
URS-000505;CH1200778010203040506;2024-07-04;2024-07-04;71.60;CHF;DBIT;PMNT-CCRD-POSD;Coop;;;Einkauf Coop Luzern Karte xxxx 4821;5411
URS-000506;CH1200778010203040506;2024-07-05;2024-07-05;518.00;CHF;DBIT;PMNT-IDDT-ESDD;Sanitas Grundversicherungen AG;;;LSV Prämie Grundversicherung;
URS-000507;CH1200778010203040506;2024-07-05;2024-07-05;180.00;CHF;DBIT;PMNT-CCRD-CWDL;;;;Bargeldbezug Postomat Luzern Bahnhof Karte xxxx 4821;6011
URS-000508;CH1200778010203040506;2024-07-08;2024-07-08;116.85;CHF;DBIT;PMNT-CCRD-POSD;Globus Delicatessa;;;Einkauf Globus Delicatessa Luzern Karte xxxx 4821;5411
URS-000509;CH1200778010203040506;2024-07-08;2024-07-08;108.50;CHF;DBIT;PMNT-CCRD-POSD;Migros;;;Einkauf Migros Luzern Karte xxxx 4821;5411
URS-000510;CH1200778010203040506;2024-07-08;2024-07-08;65.00;CHF;DBIT;PMNT-IDDT-ESDD;Salt Mobile SA;;;LSV Salt Abo;
URS-000511;CH1200778010203040506;2024-07-08;2024-07-08;64.30;CHF;DBIT;PMNT-CCRD-POSD;Hotel Schweizerhof Restaurant;;;Einkauf Hotel Schweizerhof Restaurant Luzern Karte xxxx 4821;5812
URS-000512;CH1200778010203040506;2024-07-08;2024-07-08;44.35;CHF;DBIT;PMNT-CCRD-POSD;Manor Food;;;Einkauf Manor Food Luzern Karte xxxx 4821;5411
URS-000513;CH1200778010203040506;2024-07-09;2024-07-09;56.55;CHF;DBIT;PMNT-CCRD-POSD;Wirtshaus Galliker;;;Einkauf Wirtshaus Galliker Luzern Karte xxxx 4821;5812
URS-000514;CH1200778010203040506;2024-07-09;2024-07-09;49.00;CHF;DBIT;PMNT-IDDT-ESDD;Swisscom (Schweiz) AG;;;LSV blue TV;
URS-000515;CH1200778010203040506;2024-07-10;2024-07-10;53.70;CHF;DBIT;PMNT-CCRD-POSD;Fantasywelt Luzern;;;Einkauf Fantasywelt Luzern Luzern Karte xxxx 4821;5945
URS-000516;CH1200778010203040506;2024-07-11;2024-07-11;240.00;CHF;DBIT;PMNT-CCRD-CWDL;;;;Bargeldbezug Bancomat LUKB Schwanenplatz Karte xxxx 4821;6011
URS-000517;CH1200778010203040506;2024-07-11;2024-07-11;115.45;CHF;DBIT;PMNT-CCRD-POSD;BP Tankstelle;;;Einkauf BP Tankstelle Luzern Karte xxxx 4821;5541
URS-000518;CH1200778010203040506;2024-07-12;2024-07-12;148.00;CHF;CRDT;PMNT-RCDT-DMCT;Hofladen Sörenberg GmbH;;;Gutschrift Hofladen Sörenberg GmbH Käseverkauf;
URS-000519;CH1200778010203040506;2024-07-15;2024-07-15;354.25;CHF;DBIT;PMNT-ICDT-DMCT;Himalaya Käse Import GmbH;;;Zahlung Rechnung Yak-Käse Lieferung;
URS-000520;CH1200778010203040506;2024-07-15;2024-07-15;340.00;CHF;DBIT;PMNT-CCRD-CWDL;;;;Bargeldbezug Postomat Luzern Bahnhof Karte xxxx 4821;6011
URS-000521;CH1200778010203040506;2024-07-15;2024-07-15;69.05;CHF;DBIT;PMNT-CCRD-POSD;Migros;;;Einkauf Migros Luzern Karte xxxx 4821;5411
URS-000522;CH1200778010203040506;2024-07-15;2024-07-15;56.15;CHF;DBIT;PMNT-CCRD-POSD;Manor Food;;;Einkauf Manor Food Luzern Karte xxxx 4821;5411
URS-000523;CH1200778010203040506;2024-07-15;2024-07-15;46.00;CHF;DBIT;PMNT-CCRD-POSD;Old Swiss House;;;Einkauf Old Swiss House Luzern Karte xxxx 4821;5812
URS-000524;CH1200778010203040506;2024-07-15;2024-07-15;295.85;CHF;CRDT;PMNT-RCDT-DMCT;Hofladen Sörenberg GmbH;;;Gutschrift Hofladen Sörenberg GmbH Käseverkauf;
URS-000525;CH1200778010203040506;2024-07-16;2024-07-16;144.60;CHF;DBIT;PMNT-CCRD-POSD;Avia Tankstelle;;;Einkauf Avia Tankstelle Luzern Karte xxxx 4821;5541
URS-000526;CH1200778010203040506;2024-07-16;2024-07-16;106.00;CHF;DBIT;PMNT-CCRD-POSD;Globus Delicatessa;;;Einkauf Globus Delicatessa Luzern Karte xxxx 4821;5411
URS-000527;CH1200778010203040506;2024-07-17;2024-07-17;117.20;CHF;DBIT;PMNT-ICDT-ESCT;;;;TWINT *Sende an Laura Zimmermann;
URS-000528;CH1200778010203040506;2024-07-17;2024-07-17;55.80;CHF;CRDT;PMNT-RCDT-ESCT;;;;TWINT *Empfangen von Laura Zimmermann;
URS-000529;CH1200778010203040506;2024-07-18;2024-07-18;128.80;CHF;DBIT;PMNT-CCRD-POSD;Globus Delicatessa;;;Einkauf Globus Delicatessa Luzern Karte xxxx 4821;5411
URS-000530;CH1200778010203040506;2024-07-18;2024-07-18;95.95;CHF;DBIT;PMNT-IDDT-ESDD;Swisscard AECS GmbH;;;Lastschrift Swisscard AECS GmbH Monatsrechnung 06/2024;
URS-000531;CH1200778010203040506;2024-07-19;2024-07-19;91.45;CHF;DBIT;PMNT-CCRD-POSD;Jelmoli;;;Einkauf Jelmoli Luzern Karte xxxx 4821;5651
URS-000532;CH1200778010203040506;2024-07-22;2024-07-22;127.45;CHF;DBIT;PMNT-IDDT-ESDD;ewl energie wasser luzern;;;LSV Energie;
URS-000533;CH1200778010203040506;2024-07-22;2024-07-22;121.10;CHF;DBIT;PMNT-CCRD-POSD;Shell;;;Einkauf Shell Luzern Karte xxxx 4821;5541
URS-000534;CH1200778010203040506;2024-07-22;2024-07-22;82.10;CHF;DBIT;PMNT-CCRD-POSD;Galaxus;;;Einkauf Galaxus Luzern Karte xxxx 4821;5651
URS-000535;CH1200778010203040506;2024-07-22;2024-07-22;69.15;CHF;DBIT;PMNT-CCRD-POSD;Wirtshaus Galliker;;;Einkauf Wirtshaus Galliker Luzern Karte xxxx 4821;5812
URS-000536;CH1200778010203040506;2024-07-23;2024-07-23;70.45;CHF;DBIT;PMNT-CCRD-POSD;Tankstelle Hafen Luzern;;;Einkauf Tankstelle Hafen Luzern Bootsbenzin Karte xxxx 2210;
URS-000537;CH1200778010203040506;2024-07-24;2024-07-24;71.70;CHF;DBIT;PMNT-CCRD-POSD;Migros;;;Einkauf Migros Luzern Karte xxxx 4821;5411
URS-000538;CH1200778010203040506;2024-07-24;2024-07-24;32.25;CHF;DBIT;PMNT-CCRD-POSD;Coop;;;Einkauf Coop Luzern Karte xxxx 4821;5411
URS-000539;CH1200778010203040506;2024-07-25;2024-07-25;68.85;CHF;DBIT;PMNT-CCRD-POSD;Globus Delicatessa;;;Einkauf Globus Delicatessa Luzern Karte xxxx 4821;5411
URS-000540;CH1200778010203040506;2024-07-25;2024-07-25;10538.18;CHF;CRDT;PMNT-RCDT-SALA;Schindler Aufzüge AG;CH9300762011623852333;;Gutschrift Salär Juli 2024;
URS-000541;CH1200778010203040506;2024-07-26;2024-07-26;1000.00;CHF;DBIT;PMNT-ICDT-BOOK;;CH3400778010203040599;;Übertrag Sparkonto;
URS-000542;CH1200778010203040506;2024-07-26;2024-07-26;84.95;CHF;DBIT;PMNT-CCRD-POSD;Old Swiss House;;;Einkauf Old Swiss House Luzern Karte xxxx 4821;5812
URS-000543;CH3400778010203040599;2024-07-26;2024-07-26;1000.00;CHF;CRDT;PMNT-RCDT-BOOK;;CH1200778010203040506;;Übertrag Sparkonto;
URS-000544;CH1200778010203040506;2024-07-29;2024-07-29;2300.00;CHF;DBIT;PMNT-ICDT-STDO;Steueramt der Stadt Luzern;;;Dauerauftrag Steuern Rate;
URS-000545;CH1200778010203040506;2024-07-29;2024-07-29;605.00;CHF;DBIT;PMNT-ICDT-STDO;Frankly Vorsorgestiftung 3a;;;Dauerauftrag Säule 3a;
URS-000546;CH1200778010203040506;2024-07-29;2024-07-29;22.70;CHF;DBIT;PMNT-ICDT-ESCT;;;;TWINT *Sende an Beat Wicki;
URS-000547;CH1200778010203040506;2024-08-01;2024-08-01;2650.00;CHF;DBIT;PMNT-ICDT-STDO;Allgemeine Baugenossenschaft Luzern;;;Dauerauftrag Miete Haldenstrasse;
URS-000548;CH1200778010203040506;2024-08-01;2024-08-01;900.00;CHF;DBIT;PMNT-ICDT-STDO;Zimmermann Laura;;;Dauerauftrag Unterhalt Laura;
URS-000549;CH1200778010203040506;2024-08-02;2024-08-02;36.20;CHF;CRDT;PMNT-RCDT-ESCT;;;;TWINT *Empfangen von Beat Wicki;
URS-000550;CH1200778010203040506;2024-08-05;2024-08-05;518.00;CHF;DBIT;PMNT-IDDT-ESDD;Sanitas Grundversicherungen AG;;;LSV Prämie Grundversicherung;
URS-000551;CH1200778010203040506;2024-08-05;2024-08-05;132.05;CHF;DBIT;PMNT-CCRD-POSD;Tankstelle Hafen Luzern;;;Einkauf Tankstelle Hafen Luzern Bootsbenzin Karte xxxx 2210;
URS-000552;CH1200778010203040506;2024-08-05;2024-08-05;77.65;CHF;DBIT;PMNT-CCRD-POSD;Hotel Schweizerhof Restaurant;;;Einkauf Hotel Schweizerhof Restaurant Luzern Karte xxxx 4821;5812
URS-000553;CH1200778010203040506;2024-08-06;2024-08-06;40.65;CHF;DBIT;PMNT-CCRD-POSD;Migros;;;Einkauf Migros Luzern Karte xxxx 4821;5411
URS-000554;CH1200778010203040506;2024-08-07;2024-08-07;81.45;CHF;DBIT;PMNT-CCRD-POSD;Tankstelle Hafen Luzern;;;Einkauf Tankstelle Hafen Luzern Bootsbenzin Karte xxxx 2210;
URS-000555;CH1200778010203040506;2024-08-07;2024-08-07;32.80;CHF;DBIT;PMNT-CCRD-POSD;Manor Food;;;Einkauf Manor Food Luzern Karte xxxx 4821;5411
URS-000556;CH1200778010203040506;2024-08-08;2024-08-08;93.75;CHF;DBIT;PMNT-CCRD-POSD;Coop;;;Einkauf Coop Luzern Karte xxxx 4821;5411
URS-000557;CH1200778010203040506;2024-08-08;2024-08-08;65.00;CHF;DBIT;PMNT-IDDT-ESDD;Salt Mobile SA;;;LSV Salt Abo;
URS-000558;CH1200778010203040506;2024-08-09;2024-08-09;49.00;CHF;DBIT;PMNT-IDDT-ESDD;Swisscom (Schweiz) AG;;;LSV blue TV;
URS-000559;CH1200778010203040506;2024-08-12;2024-08-12;110.10;CHF;DBIT;PMNT-CCRD-POSD;Migros;;;Einkauf Migros Luzern Karte xxxx 4821;5411
URS-000560;CH1200778010203040506;2024-08-12;2024-08-12;93.55;CHF;DBIT;PMNT-CCRD-POSD;Globus Delicatessa;;;Einkauf Globus Delicatessa Luzern Karte xxxx 4821;5411
URS-000561;CH1200778010203040506;2024-08-12;2024-08-12;72.45;CHF;DBIT;PMNT-CCRD-POSD;Old Swiss House;;;Einkauf Old Swiss House Luzern Karte xxxx 4821;5812
URS-000562;CH1200778010203040506;2024-08-12;2024-08-12;35.80;CHF;DBIT;PMNT-CCRD-POSD;Globus Delicatessa;;;Einkauf Globus Delicatessa Luzern Karte xxxx 4821;5411
URS-000563;CH1200778010203040506;2024-08-13;2024-08-13;39.45;CHF;DBIT;PMNT-CCRD-POSD;Fantasywelt Luzern;;;Einkauf Fantasywelt Luzern Luzern Karte xxxx 4821;5945
URS-000564;CH1200778010203040506;2024-08-14;2024-08-14;312.45;CHF;DBIT;PMNT-ICDT-DMCT;Himalaya Käse Import GmbH;;;Zahlung Rechnung Yak-Käse Lieferung;
URS-000565;CH1200778010203040506;2024-08-15;2024-08-15;179.55;CHF;CRDT;PMNT-RCDT-DMCT;Hofladen Sörenberg GmbH;;;Gutschrift Hofladen Sörenberg GmbH Käseverkauf;
URS-000566;CH1200778010203040506;2024-08-19;2024-08-19;387.30;CHF;DBIT;PMNT-IDDT-ESDD;Swisscard AECS GmbH;;;Lastschrift Swisscard AECS GmbH Monatsrechnung 07/2024;
URS-000567;CH1200778010203040506;2024-08-19;2024-08-19;38.35;CHF;DBIT;PMNT-CCRD-POSD;Hotel Schweizerhof Restaurant;;;Einkauf Hotel Schweizerhof Restaurant Luzern Karte xxxx 4821;5812
URS-000568;CH1200778010203040506;2024-08-26;2024-08-26;1000.00;CHF;DBIT;PMNT-ICDT-BOOK;;CH3400778010203040599;;Übertrag Sparkonto;
URS-000569;CH1200778010203040506;2024-08-26;2024-08-26;98.80;CHF;DBIT;PMNT-CCRD-POSD;Hotel Schweizerhof Restaurant;;;Einkauf Hotel Schweizerhof Restaurant Luzern Karte xxxx 4821;5812
URS-000570;CH1200778010203040506;2024-08-26;2024-08-26;74.90;CHF;DBIT;PMNT-ICDT-ESCT;;;;TWINT *Sende an Laura Zimmermann;
URS-000571;CH1200778010203040506;2024-08-26;2024-08-26;63.35;CHF;DBIT;PMNT-CCRD-POSD;Manor Food;;;Einkauf Manor Food Luzern Karte xxxx 4821;5411
URS-000572;CH1200778010203040506;2024-08-26;2024-08-26;57.45;CHF;DBIT;PMNT-CCRD-POSD;Globus Delicatessa;;;Einkauf Globus Delicatessa Luzern Karte xxxx 4821;5411
URS-000573;CH1200778010203040506;2024-08-26;2024-08-26;10538.18;CHF;CRDT;PMNT-RCDT-SALA;Schindler Aufzüge AG;CH9300762011623852333;;Gutschrift Salär August 2024;
URS-000574;CH3400778010203040599;2024-08-26;2024-08-26;1000.00;CHF;CRDT;PMNT-RCDT-BOOK;;CH1200778010203040506;;Übertrag Sparkonto;
URS-000575;CH1200778010203040506;2024-08-27;2024-08-27;605.00;CHF;DBIT;PMNT-ICDT-STDO;Frankly Vorsorgestiftung 3a;;;Dauerauftrag Säule 3a;
URS-000576;CH1200778010203040506;2024-08-27;2024-08-27;59.90;CHF;DBIT;PMNT-CCRD-POSD;Wirtshaus Galliker;;;Einkauf Wirtshaus Galliker Luzern Karte xxxx 4821;5812
URS-000577;CH1200778010203040506;2024-08-28;2024-08-28;2300.00;CHF;DBIT;PMNT-ICDT-STDO;Steueramt der Stadt Luzern;;;Dauerauftrag Steuern Rate;
URS-000578;CH1200778010203040506;2024-08-28;2024-08-28;20.95;CHF;DBIT;PMNT-CCRD-POSD;Coop;;;Einkauf Coop Luzern Karte xxxx 4821;5411
URS-000579;CH1200778010203040506;2024-09-02;2024-09-02;2650.00;CHF;DBIT;PMNT-ICDT-STDO;Allgemeine Baugenossenschaft Luzern;;;Dauerauftrag Miete Haldenstrasse;
URS-000580;CH1200778010203040506;2024-09-02;2024-09-02;900.00;CHF;DBIT;PMNT-ICDT-STDO;Zimmermann Laura;;;Dauerauftrag Unterhalt Laura;
URS-000581;CH1200778010203040506;2024-09-02;2024-09-02;129.70;CHF;DBIT;PMNT-CCRD-POSD;Shell;;;Einkauf Shell Luzern Karte xxxx 4821;5541
URS-000582;CH1200778010203040506;2024-09-02;2024-09-02;94.20;CHF;DBIT;PMNT-CCRD-POSD;Tankstelle Hafen Luzern;;;Einkauf Tankstelle Hafen Luzern Bootsbenzin Karte xxxx 2210;
URS-000583;CH1200778010203040506;2024-09-02;2024-09-02;50.80;CHF;DBIT;PMNT-CCRD-POSD;Manor Food;;;Einkauf Manor Food Luzern Karte xxxx 4821;5411
URS-000584;CH1200778010203040506;2024-09-02;2024-09-02;26.55;CHF;DBIT;PMNT-CCRD-POSD;Migros;;;Einkauf Migros Luzern Karte xxxx 4821;5411
URS-000585;CH1200778010203040506;2024-09-03;2024-09-03;77.65;CHF;DBIT;PMNT-CCRD-POSD;Migros;;;Einkauf Migros Luzern Karte xxxx 4821;5411
URS-000586;CH1200778010203040506;2024-09-04;2024-09-04;206.60;CHF;DBIT;PMNT-CCRD-POSD;Hotel Schweizerhof Restaurant;;;Einkauf Hotel Schweizerhof Restaurant Luzern Karte xxxx 4821;5812
URS-000587;CH1200778010203040506;2024-09-04;2024-09-04;118.40;CHF;CRDT;PMNT-RCDT-DMCT;Marktkasse Wochenmarkt Luzern;;;Gutschrift Marktkasse Wochenmarkt Luzern Käseverkauf;
URS-000588;CH1200778010203040506;2024-09-05;2024-09-05;518.00;CHF;DBIT;PMNT-IDDT-ESDD;Sanitas Grundversicherungen AG;;;LSV Prämie Grundversicherung;
URS-000589;CH1200778010203040506;2024-09-05;2024-09-05;44.65;CHF;DBIT;PMNT-CCRD-POSD;Migros;;;Einkauf Migros Luzern Karte xxxx 4821;5411
URS-000590;CH1200778010203040506;2024-09-06;2024-09-06;180.00;CHF;DBIT;PMNT-CCRD-CWDL;;;;Bargeldbezug Bancomat LUKB Schwanenplatz Karte xxxx 4821;6011
URS-000591;CH1200778010203040506;2024-09-09;2024-09-09;173.40;CHF;DBIT;PMNT-CCRD-POSD;Globus;;;Einkauf Globus Luzern Karte xxxx 4821;5651
URS-000592;CH1200778010203040506;2024-09-09;2024-09-09;65.00;CHF;DBIT;PMNT-IDDT-ESDD;Salt Mobile SA;;;LSV Salt Abo;
URS-000593;CH1200778010203040506;2024-09-09;2024-09-09;49.00;CHF;DBIT;PMNT-IDDT-ESDD;Swisscom (Schweiz) AG;;;LSV blue TV;
URS-000594;CH1200778010203040506;2024-09-09;2024-09-09;76.15;CHF;CRDT;PMNT-RCDT-ESCT;;;;TWINT *Empfangen von Beat Wicki;
URS-000595;CH1200778010203040506;2024-09-11;2024-09-11;84.05;CHF;DBIT;PMNT-CCRD-POSD;Tankstelle Hafen Luzern;;;Einkauf Tankstelle Hafen Luzern Bootsbenzin Karte xxxx 2210;
URS-000596;CH1200778010203040506;2024-09-11;2024-09-11;37.15;CHF;DBIT;PMNT-CCRD-POSD;Manor Food;;;Einkauf Manor Food Luzern Karte xxxx 4821;5411
URS-000597;CH1200778010203040506;2024-09-11;2024-09-11;118.10;CHF;CRDT;PMNT-RCDT-DMCT;Hofladen Sörenberg GmbH;;;Gutschrift Hofladen Sörenberg GmbH Käseverkauf;
URS-000598;CH1200778010203040506;2024-09-13;2024-09-13;63.85;CHF;DBIT;PMNT-ICDT-ESCT;;;;TWINT *Sende an Laura Zimmermann;
URS-000599;CH1200778010203040506;2024-09-16;2024-09-16;286.50;CHF;DBIT;PMNT-ICDT-DMCT;Himalaya Käse Import GmbH;;;Zahlung Rechnung Yak-Käse Lieferung;
URS-000600;CH1200778010203040506;2024-09-16;2024-09-16;106.90;CHF;DBIT;PMNT-CCRD-POSD;Hotel Schweizerhof Restaurant;;;Einkauf Hotel Schweizerhof Restaurant Luzern Karte xxxx 4821;5812
URS-000601;CH1200778010203040506;2024-09-16;2024-09-16;77.35;CHF;DBIT;PMNT-CCRD-POSD;Hotel Schweizerhof Restaurant;;;Einkauf Hotel Schweizerhof Restaurant Luzern Karte xxxx 4821;5812
URS-000602;CH1200778010203040506;2024-09-16;2024-09-16;92.55;CHF;CRDT;PMNT-RCDT-ESCT;;;;TWINT *Empfangen von Laura Zimmermann;
URS-000603;CH1200778010203040506;2024-09-17;2024-09-17;61.15;CHF;DBIT;PMNT-CCRD-POSD;Migros;;;Einkauf Migros Luzern Karte xxxx 4821;5411
URS-000604;CH1200778010203040506;2024-09-18;2024-09-18;4115.90;CHF;DBIT;PMNT-IDDT-ESDD;Swisscard AECS GmbH;;;Lastschrift Swisscard AECS GmbH Monatsrechnung 08/2024;
URS-000605;CH1200778010203040506;2024-09-19;2024-09-19;119.05;CHF;DBIT;PMNT-CCRD-POSD;Hotel Schweizerhof Restaurant;;;Einkauf Hotel Schweizerhof Restaurant Luzern Karte xxxx 4821;5812
URS-000606;CH1200778010203040506;2024-09-19;2024-09-19;92.20;CHF;DBIT;PMNT-CCRD-POSD;Wirtshaus Galliker;;;Einkauf Wirtshaus Galliker Luzern Karte xxxx 4821;5812
URS-000607;CH1200778010203040506;2024-09-19;2024-09-19;297.60;CHF;CRDT;PMNT-RCDT-DMCT;Hofladen Sörenberg GmbH;;;Gutschrift Hofladen Sörenberg GmbH Käseverkauf;
URS-000608;CH1200778010203040506;2024-09-23;2024-09-23;26.90;CHF;DBIT;PMNT-CCRD-POSD;Old Swiss House;;;Einkauf Old Swiss House Luzern Karte xxxx 4821;5812
URS-000609;CH1200778010203040506;2024-09-24;2024-09-24;45.85;CHF;DBIT;PMNT-CCRD-POSD;Hotel Schweizerhof Restaurant;;;Einkauf Hotel Schweizerhof Restaurant Luzern Karte xxxx 4821;5812
URS-000610;CH1200778010203040506;2024-09-25;2024-09-25;76.00;CHF;DBIT;PMNT-CCRD-POSD;Wirtshaus Galliker;;;Einkauf Wirtshaus Galliker Luzern Karte xxxx 4821;5812
URS-000611;CH1200778010203040506;2024-09-25;2024-09-25;10538.18;CHF;CRDT;PMNT-RCDT-SALA;Schindler Aufzüge AG;CH9300762011623852333;;Gutschrift Salär September 2024;
URS-000612;CH1200778010203040506;2024-09-26;2024-09-26;1000.00;CHF;DBIT;PMNT-ICDT-BOOK;;CH3400778010203040599;;Übertrag Sparkonto;
URS-000613;CH1200778010203040506;2024-09-26;2024-09-26;193.40;CHF;DBIT;PMNT-CCRD-POSD;Globus Delicatessa;;;Einkauf Globus Delicatessa Luzern Karte xxxx 4821;5411
URS-000614;CH1200778010203040506;2024-09-26;2024-09-26;74.70;CHF;DBIT;PMNT-CCRD-POSD;Migros;;;Einkauf Migros Luzern Karte xxxx 4821;5411
URS-000615;CH1200778010203040506;2024-09-26;2024-09-26;49.70;CHF;DBIT;PMNT-CCRD-POSD;Wirtshaus Galliker;;;Einkauf Wirtshaus Galliker Luzern Karte xxxx 4821;5812
URS-000616;CH3400778010203040599;2024-09-26;2024-09-26;1000.00;CHF;CRDT;PMNT-RCDT-BOOK;;CH1200778010203040506;;Übertrag Sparkonto;
URS-000617;CH1200778010203040506;2024-09-27;2024-09-27;605.00;CHF;DBIT;PMNT-ICDT-STDO;Frankly Vorsorgestiftung 3a;;;Dauerauftrag Säule 3a;
URS-000618;CH1200778010203040506;2024-09-27;2024-09-27;300.00;CHF;DBIT;PMNT-CCRD-CWDL;;;;Bargeldbezug Bancomat LUKB Schwanenplatz Karte xxxx 4821;6011
URS-000619;CH1200778010203040506;2024-09-27;2024-09-27;111.40;CHF;DBIT;PMNT-CCRD-POSD;Galaxus;;;Einkauf Galaxus Luzern Karte xxxx 4821;5651
URS-000620;CH1200778010203040506;2024-09-27;2024-09-27;25.45;CHF;DBIT;PMNT-CCRD-POSD;Coop;;;Einkauf Coop Luzern Karte xxxx 4821;5411
URS-000621;CH1200778010203040506;2024-09-30;2024-09-30;2300.00;CHF;DBIT;PMNT-ICDT-STDO;Steueramt der Stadt Luzern;;;Dauerauftrag Steuern Rate;
URS-000622;CH1200778010203040506;2024-09-30;2024-09-30;53.80;CHF;DBIT;PMNT-CCRD-POSD;Old Swiss House;;;Einkauf Old Swiss House Luzern Karte xxxx 4821;5812
URS-000623;CH1200778010203040506;2024-09-30;2024-09-30;17.95;CHF;DBIT;PMNT-CCRD-POSD;Wirtshaus Galliker;;;Einkauf Wirtshaus Galliker Luzern Karte xxxx 4821;5812
URS-000624;CH1200778010203040506;2024-10-01;2024-10-01;2650.00;CHF;DBIT;PMNT-ICDT-STDO;Allgemeine Baugenossenschaft Luzern;;;Dauerauftrag Miete Haldenstrasse;
URS-000625;CH1200778010203040506;2024-10-01;2024-10-01;900.00;CHF;DBIT;PMNT-ICDT-STDO;Zimmermann Laura;;;Dauerauftrag Unterhalt Laura;
URS-000626;CH1200778010203040506;2024-10-01;2024-10-01;74.15;CHF;DBIT;PMNT-CCRD-POSD;BP Tankstelle;;;Einkauf BP Tankstelle Luzern Karte xxxx 4821;5541
URS-000627;CH1200778010203040506;2024-10-01;2024-10-01;66.30;CHF;DBIT;PMNT-CCRD-POSD;Fantasywelt Luzern;;;Einkauf Fantasywelt Luzern Luzern Karte xxxx 4821;5945
URS-000628;CH1200778010203040506;2024-10-01;2024-10-01;62.50;CHF;DBIT;PMNT-CCRD-POSD;Hotel Schweizerhof Restaurant;;;Einkauf Hotel Schweizerhof Restaurant Luzern Karte xxxx 4821;5812
URS-000629;CH1200778010203040506;2024-10-02;2024-10-02;33.90;CHF;DBIT;PMNT-CCRD-POSD;Old Swiss House;;;Einkauf Old Swiss House Luzern Karte xxxx 4821;5812
URS-000630;CH1200778010203040506;2024-10-03;2024-10-03;71.30;CHF;DBIT;PMNT-CCRD-POSD;Wirtshaus Galliker;;;Einkauf Wirtshaus Galliker Luzern Karte xxxx 4821;5812
URS-000631;CH1200778010203040506;2024-10-07;2024-10-07;518.00;CHF;DBIT;PMNT-IDDT-ESDD;Sanitas Grundversicherungen AG;;;LSV Prämie Grundversicherung;
URS-000632;CH1200778010203040506;2024-10-07;2024-10-07;66.95;CHF;DBIT;PMNT-CCRD-POSD;Manor Food;;;Einkauf Manor Food Luzern Karte xxxx 4821;5411
URS-000633;CH1200778010203040506;2024-10-07;2024-10-07;53.55;CHF;DBIT;PMNT-CCRD-POSD;Manor Food;;;Einkauf Manor Food Luzern Karte xxxx 4821;5411
URS-000634;CH1200778010203040506;2024-10-08;2024-10-08;95.55;CHF;DBIT;PMNT-CCRD-POSD;Globus Delicatessa;;;Einkauf Globus Delicatessa Luzern Karte xxxx 4821;5411
URS-000635;CH1200778010203040506;2024-10-08;2024-10-08;65.00;CHF;DBIT;PMNT-IDDT-ESDD;Salt Mobile SA;;;LSV Salt Abo;
URS-000636;CH1200778010203040506;2024-10-09;2024-10-09;97.00;CHF;DBIT;PMNT-CCRD-POSD;Games Workshop Luzern;;;Einkauf Games Workshop Luzern Luzern Karte xxxx 4821;5945
URS-000637;CH1200778010203040506;2024-10-09;2024-10-09;49.00;CHF;DBIT;PMNT-IDDT-ESDD;Swisscom (Schweiz) AG;;;LSV blue TV;
URS-000638;CH1200778010203040506;2024-10-10;2024-10-10;340.00;CHF;DBIT;PMNT-CCRD-CWDL;;;;Bargeldbezug Bancomat LUKB Schwanenplatz Karte xxxx 4821;6011
URS-000639;CH1200778010203040506;2024-10-11;2024-10-11;180.65;CHF;CRDT;PMNT-RCDT-DMCT;Marktkasse Wochenmarkt Luzern;;;Gutschrift Marktkasse Wochenmarkt Luzern Käseverkauf;
URS-000640;CH1200778010203040506;2024-10-14;2024-10-14;324.40;CHF;DBIT;PMNT-ICDT-DMCT;Himalaya Käse Import GmbH;;;Zahlung Rechnung Yak-Käse Lieferung;
URS-000641;CH1200778010203040506;2024-10-14;2024-10-14;295.70;CHF;DBIT;PMNT-CCRD-POSD;Globus;;;Einkauf Globus Luzern Karte xxxx 4821;5651
URS-000642;CH1200778010203040506;2024-10-14;2024-10-14;187.30;CHF;DBIT;PMNT-CCRD-POSD;Coop;;;Einkauf Coop Luzern Karte xxxx 4821;5411
URS-000643;CH1200778010203040506;2024-10-14;2024-10-14;126.85;CHF;DBIT;PMNT-CCRD-POSD;Shell;;;Einkauf Shell Luzern Karte xxxx 4821;5541
URS-000644;CH1200778010203040506;2024-10-14;2024-10-14;71.85;CHF;DBIT;PMNT-CCRD-POSD;Globus;;;Einkauf Globus Luzern Karte xxxx 4821;5651
URS-000645;CH1200778010203040506;2024-10-14;2024-10-14;62.40;CHF;DBIT;PMNT-CCRD-POSD;Coop;;;Einkauf Coop Luzern Karte xxxx 4821;5411
URS-000646;CH1200778010203040506;2024-10-14;2024-10-14;38.50;CHF;DBIT;PMNT-CCRD-POSD;Fantasywelt Luzern;;;Einkauf Fantasywelt Luzern Luzern Karte xxxx 4821;5945
URS-000647;CH1200778010203040506;2024-10-14;2024-10-14;37.35;CHF;DBIT;PMNT-CCRD-POSD;Manor Food;;;Einkauf Manor Food Luzern Karte xxxx 4821;5411
URS-000648;CH1200778010203040506;2024-10-14;2024-10-14;28.80;CHF;DBIT;PMNT-ICDT-ESCT;;;;TWINT *Sende an Beat Wicki;
URS-000649;CH1200778010203040506;2024-10-15;2024-10-15;50.90;CHF;DBIT;PMNT-CCRD-POSD;Migros;;;Einkauf Migros Luzern Karte xxxx 4821;5411
URS-000650;CH1200778010203040506;2024-10-17;2024-10-17;128.30;CHF;DBIT;PMNT-CCRD-POSD;Wirtshaus Galliker;;;Einkauf Wirtshaus Galliker Luzern Karte xxxx 4821;5812
URS-000651;CH1200778010203040506;2024-10-17;2024-10-17;51.65;CHF;DBIT;PMNT-CCRD-POSD;Manor Food;;;Einkauf Manor Food Luzern Karte xxxx 4821;5411
URS-000652;CH1200778010203040506;2024-10-17;2024-10-17;156.15;CHF;CRDT;PMNT-RCDT-DMCT;Hofladen Sörenberg GmbH;;;Gutschrift Hofladen Sörenberg GmbH Käseverkauf;
URS-000653;CH1200778010203040506;2024-10-18;2024-10-18;238.10;CHF;DBIT;PMNT-IDDT-ESDD;Swisscard AECS GmbH;;;Lastschrift Swisscard AECS GmbH Monatsrechnung 09/2024;
URS-000654;CH1200778010203040506;2024-10-18;2024-10-18;79.45;CHF;DBIT;PMNT-CCRD-POSD;Galaxus;;;Einkauf Galaxus Luzern Karte xxxx 4821;5651
URS-000655;CH1200778010203040506;2024-10-21;2024-10-21;1900.00;CHF;DBIT;PMNT-ICDT-DMCT;Bootswerft Kehrsiten AG;;;Zahlung Rechnung Winterlager Boot;
URS-000656;CH1200778010203040506;2024-10-21;2024-10-21;203.40;CHF;DBIT;PMNT-ICDT-DMCT;Hausarztpraxis Luzern;;Honorarrechnung;Zahlung Rechnung Hausarztpraxis Luzern;
URS-000657;CH1200778010203040506;2024-10-21;2024-10-21;160.50;CHF;DBIT;PMNT-IDDT-ESDD;ewl energie wasser luzern;;;LSV Energie;
URS-000658;CH1200778010203040506;2024-10-21;2024-10-21;220.90;CHF;CRDT;PMNT-RCDT-DMCT;Hofladen Sörenberg GmbH;;;Gutschrift Hofladen Sörenberg GmbH Käseverkauf;
URS-000659;CH1200778010203040506;2024-10-22;2024-10-22;99.00;CHF;DBIT;PMNT-CCRD-POSD;Avia Tankstelle;;;Einkauf Avia Tankstelle Luzern Karte xxxx 4821;5541
URS-000660;CH1200778010203040506;2024-10-22;2024-10-22;198.05;CHF;CRDT;PMNT-RCDT-DMCT;Marktkasse Wochenmarkt Luzern;;;Gutschrift Marktkasse Wochenmarkt Luzern Käseverkauf;
URS-000661;CH1200778010203040506;2024-10-23;2024-10-23;51.05;CHF;DBIT;PMNT-CCRD-POSD;Manor Food;;;Einkauf Manor Food Luzern Karte xxxx 4821;5411
URS-000662;CH1200778010203040506;2024-10-24;2024-10-24;173.60;CHF;DBIT;PMNT-CCRD-POSD;Manor Food;;;Einkauf Manor Food Luzern Karte xxxx 4821;5411
URS-000663;CH1200778010203040506;2024-10-25;2024-10-25;122.25;CHF;DBIT;PMNT-ICDT-DMCT;Physiotherapie Seefeld;;Honorarrechnung;Zahlung Rechnung Physiotherapie Seefeld;
URS-000664;CH1200778010203040506;2024-10-25;2024-10-25;10538.18;CHF;CRDT;PMNT-RCDT-SALA;Schindler Aufzüge AG;CH9300762011623852333;;Gutschrift Salär Oktober 2024;
URS-000665;CH1200778010203040506;2024-10-28;2024-10-28;2300.00;CHF;DBIT;PMNT-ICDT-STDO;Steueramt der Stadt Luzern;;;Dauerauftrag Steuern Rate;
URS-000666;CH1200778010203040506;2024-10-28;2024-10-28;1000.00;CHF;DBIT;PMNT-ICDT-BOOK;;CH3400778010203040599;;Übertrag Sparkonto;
URS-000667;CH1200778010203040506;2024-10-28;2024-10-28;605.00;CHF;DBIT;PMNT-ICDT-STDO;Frankly Vorsorgestiftung 3a;;;Dauerauftrag Säule 3a;
URS-000668;CH1200778010203040506;2024-10-28;2024-10-28;84.20;CHF;DBIT;PMNT-CCRD-POSD;Fantasywelt Luzern;;;Einkauf Fantasywelt Luzern Luzern Karte xxxx 4821;5945
URS-000669;CH3400778010203040599;2024-10-28;2024-10-28;1000.00;CHF;CRDT;PMNT-RCDT-BOOK;;CH1200778010203040506;;Übertrag Sparkonto;
URS-000670;CH1200778010203040506;2024-11-01;2024-11-01;2650.00;CHF;DBIT;PMNT-ICDT-STDO;Allgemeine Baugenossenschaft Luzern;;;Dauerauftrag Miete Haldenstrasse;
URS-000671;CH1200778010203040506;2024-11-01;2024-11-01;900.00;CHF;DBIT;PMNT-ICDT-STDO;Zimmermann Laura;;;Dauerauftrag Unterhalt Laura;
URS-000672;CH1200778010203040506;2024-11-01;2024-11-01;215.60;CHF;CRDT;PMNT-RCDT-DMCT;Hofladen Sörenberg GmbH;;;Gutschrift Hofladen Sörenberg GmbH Käseverkauf;
URS-000673;CH1200778010203040506;2024-11-04;2024-11-04;40.05;CHF;DBIT;PMNT-CCRD-POSD;Migros;;;Einkauf Migros Luzern Karte xxxx 4821;5411
URS-000674;CH1200778010203040506;2024-11-04;2024-11-04;204.65;CHF;CRDT;PMNT-RCDT-DMCT;Marktkasse Wochenmarkt Luzern;;;Gutschrift Marktkasse Wochenmarkt Luzern Käseverkauf;
URS-000675;CH1200778010203040506;2024-11-05;2024-11-05;518.00;CHF;DBIT;PMNT-IDDT-ESDD;Sanitas Grundversicherungen AG;;;LSV Prämie Grundversicherung;
URS-000676;CH1200778010203040506;2024-11-05;2024-11-05;120.00;CHF;DBIT;PMNT-CCRD-CWDL;;;;Bargeldbezug Bancomat LUKB Schwanenplatz Karte xxxx 4821;6011
URS-000677;CH1200778010203040506;2024-11-05;2024-11-05;174.85;CHF;CRDT;PMNT-RCDT-DMCT;Hofladen Sörenberg GmbH;;;Gutschrift Hofladen Sörenberg GmbH Käseverkauf;
URS-000678;CH1200778010203040506;2024-11-06;2024-11-06;106.70;CHF;DBIT;PMNT-CCRD-POSD;Shell;;;Einkauf Shell Luzern Karte xxxx 4821;5541
URS-000679;CH1200778010203040506;2024-11-06;2024-11-06;68.85;CHF;DBIT;PMNT-CCRD-POSD;Globus Delicatessa;;;Einkauf Globus Delicatessa Luzern Karte xxxx 4821;5411
URS-000680;CH1200778010203040506;2024-11-08;2024-11-08;65.00;CHF;DBIT;PMNT-IDDT-ESDD;Salt Mobile SA;;;LSV Salt Abo;
URS-000681;CH1200778010203040506;2024-11-08;2024-11-08;196.70;CHF;CRDT;PMNT-RCDT-ESCT;;;;TWINT *Empfangen von Laura Zimmermann;
URS-000682;CH1200778010203040506;2024-11-11;2024-11-11;190.90;CHF;DBIT;PMNT-ICDT-ESCT;;;;TWINT *Sende an Beat Wicki;
URS-000683;CH1200778010203040506;2024-11-11;2024-11-11;131.25;CHF;DBIT;PMNT-CCRD-POSD;Games Workshop Luzern;;;Einkauf Games Workshop Luzern Luzern Karte xxxx 4821;5945
URS-000684;CH1200778010203040506;2024-11-11;2024-11-11;63.10;CHF;DBIT;PMNT-CCRD-POSD;Migros;;;Einkauf Migros Luzern Karte xxxx 4821;5411
URS-000685;CH1200778010203040506;2024-11-11;2024-11-11;49.00;CHF;DBIT;PMNT-IDDT-ESDD;Swisscom (Schweiz) AG;;;LSV blue TV;
URS-000686;CH1200778010203040506;2024-11-11;2024-11-11;46.55;CHF;DBIT;PMNT-CCRD-POSD;Globus Delicatessa;;;Einkauf Globus Delicatessa Luzern Karte xxxx 4821;5411
URS-000687;CH1200778010203040506;2024-11-11;2024-11-11;32.55;CHF;DBIT;PMNT-ICDT-ESCT;;;;TWINT *Sende an Beat Wicki;
URS-000688;CH1200778010203040506;2024-11-12;2024-11-12;160.00;CHF;DBIT;PMNT-CCRD-CWDL;;;;Bargeldbezug Bancomat LUKB Schwanenplatz Karte xxxx 4821;6011
URS-000689;CH1200778010203040506;2024-11-13;2024-11-13;140.00;CHF;CRDT;PMNT-RCDT-DMCT;Marktkasse Wochenmarkt Luzern;;;Gutschrift Marktkasse Wochenmarkt Luzern Käseverkauf;
URS-000690;CH1200778010203040506;2024-11-14;2024-11-14;329.40;CHF;DBIT;PMNT-ICDT-DMCT;Himalaya Käse Import GmbH;;;Zahlung Rechnung Yak-Käse Lieferung;
URS-000691;CH1200778010203040506;2024-11-14;2024-11-14;180.00;CHF;DBIT;PMNT-CCRD-CWDL;;;;Bargeldbezug Bancomat LUKB Schwanenplatz Karte xxxx 4821;6011
URS-000692;CH1200778010203040506;2024-11-15;2024-11-15;92.15;CHF;DBIT;PMNT-CCRD-POSD;Globus Delicatessa;;;Einkauf Globus Delicatessa Luzern Karte xxxx 4821;5411
URS-000693;CH1200778010203040506;2024-11-18;2024-11-18;221.75;CHF;DBIT;PMNT-IDDT-ESDD;Swisscard AECS GmbH;;;Lastschrift Swisscard AECS GmbH Monatsrechnung 10/2024;
URS-000694;CH1200778010203040506;2024-11-19;2024-11-19;116.60;CHF;DBIT;PMNT-CCRD-POSD;BP Tankstelle;;;Einkauf BP Tankstelle Luzern Karte xxxx 4821;5541
URS-000695;CH1200778010203040506;2024-11-20;2024-11-20;139.95;CHF;CRDT;PMNT-RCDT-DMCT;Hofladen Sörenberg GmbH;;;Gutschrift Hofladen Sörenberg GmbH Käseverkauf;
URS-000696;CH1200778010203040506;2024-11-21;2024-11-21;162.55;CHF;DBIT;PMNT-CCRD-POSD;Games Workshop Luzern;;;Einkauf Games Workshop Luzern Luzern Karte xxxx 4821;5945
URS-000697;CH1200778010203040506;2024-11-22;2024-11-22;33.50;CHF;DBIT;PMNT-CCRD-POSD;Galaxus;;;Einkauf Galaxus Luzern Karte xxxx 4821;5651
URS-000698;CH1200778010203040506;2024-11-25;2024-11-25;92.70;CHF;DBIT;PMNT-CCRD-POSD;Old Swiss House;;;Einkauf Old Swiss House Luzern Karte xxxx 4821;5812
URS-000699;CH1200778010203040506;2024-11-25;2024-11-25;78.90;CHF;DBIT;PMNT-CCRD-POSD;Manor Food;;;Einkauf Manor Food Luzern Karte xxxx 4821;5411
URS-000700;CH1200778010203040506;2024-11-25;2024-11-25;44.55;CHF;DBIT;PMNT-CCRD-POSD;Manor Food;;;Einkauf Manor Food Luzern Karte xxxx 4821;5411
URS-000701;CH1200778010203040506;2024-11-25;2024-11-25;21.35;CHF;DBIT;PMNT-CCRD-POSD;Migros;;;Einkauf Migros Luzern Karte xxxx 4821;5411
URS-000702;CH1200778010203040506;2024-11-25;2024-11-25;37.60;CHF;CRDT;PMNT-RCDT-ESCT;;;;TWINT *Empfangen von Laura Zimmermann;
URS-000703;CH1200778010203040506;2024-11-25;2024-11-25;10538.18;CHF;CRDT;PMNT-RCDT-SALA;Schindler Aufzüge AG;CH9300762011623852333;;Gutschrift Salär November 2024;
URS-000704;CH1200778010203040506;2024-11-26;2024-11-26;1000.00;CHF;DBIT;PMNT-ICDT-BOOK;;CH3400778010203040599;;Übertrag Sparkonto;
URS-000705;CH3400778010203040599;2024-11-26;2024-11-26;1000.00;CHF;CRDT;PMNT-RCDT-BOOK;;CH1200778010203040506;;Übertrag Sparkonto;
URS-000706;CH1200778010203040506;2024-11-27;2024-11-27;605.00;CHF;DBIT;PMNT-ICDT-STDO;Frankly Vorsorgestiftung 3a;;;Dauerauftrag Säule 3a;
URS-000707;CH1200778010203040506;2024-11-28;2024-11-28;2300.00;CHF;DBIT;PMNT-ICDT-STDO;Steueramt der Stadt Luzern;;;Dauerauftrag Steuern Rate;
URS-000708;CH1200778010203040506;2024-12-02;2024-12-02;2650.00;CHF;DBIT;PMNT-ICDT-STDO;Allgemeine Baugenossenschaft Luzern;;;Dauerauftrag Miete Haldenstrasse;
URS-000709;CH1200778010203040506;2024-12-02;2024-12-02;900.00;CHF;DBIT;PMNT-ICDT-STDO;Zimmermann Laura;;;Dauerauftrag Unterhalt Laura;
URS-000710;CH1200778010203040506;2024-12-02;2024-12-02;183.06;CHF;CRDT;PMNT-RCDT-DMCT;Sanitas Grundversicherungen AG;;;Gutschrift Sanitas Grundversicherungen AG Leistungsabrechnung;
URS-000711;CH1200778010203040506;2024-12-02;2024-12-02;320.10;CHF;CRDT;PMNT-RCDT-DMCT;Marktkasse Wochenmarkt Luzern;;;Gutschrift Marktkasse Wochenmarkt Luzern Käseverkauf;
URS-000712;CH1200778010203040506;2024-12-03;2024-12-03;290.90;CHF;DBIT;PMNT-CCRD-POSD;Wirtshaus Galliker;;;Einkauf Wirtshaus Galliker Luzern Karte xxxx 4821;5812
URS-000713;CH1200778010203040506;2024-12-03;2024-12-03;165.80;CHF;DBIT;PMNT-CCRD-POSD;Jelmoli;;;Einkauf Jelmoli Luzern Karte xxxx 4821;5651
URS-000714;CH1200778010203040506;2024-12-04;2024-12-04;110.03;CHF;CRDT;PMNT-RCDT-DMCT;Sanitas Grundversicherungen AG;;;Gutschrift Sanitas Grundversicherungen AG Leistungsabrechnung;
URS-000715;CH1200778010203040506;2024-12-05;2024-12-05;518.00;CHF;DBIT;PMNT-IDDT-ESDD;Sanitas Grundversicherungen AG;;;LSV Prämie Grundversicherung;
URS-000716;CH1200778010203040506;2024-12-05;2024-12-05;82.55;CHF;DBIT;PMNT-CCRD-POSD;Old Swiss House;;;Einkauf Old Swiss House Luzern Karte xxxx 4821;5812
URS-000717;CH1200778010203040506;2024-12-05;2024-12-05;265.90;CHF;CRDT;PMNT-RCDT-DMCT;Hofladen Sörenberg GmbH;;;Gutschrift Hofladen Sörenberg GmbH Käseverkauf;
URS-000718;CH1200778010203040506;2024-12-06;2024-12-06;136.40;CHF;DBIT;PMNT-CCRD-POSD;Fantasywelt Luzern;;;Einkauf Fantasywelt Luzern Luzern Karte xxxx 4821;5945
URS-000719;CH1200778010203040506;2024-12-09;2024-12-09;114.15;CHF;DBIT;PMNT-CCRD-POSD;Manor Food;;;Einkauf Manor Food Luzern Karte xxxx 4821;5411
URS-000720;CH1200778010203040506;2024-12-09;2024-12-09;91.45;CHF;DBIT;PMNT-CCRD-POSD;Old Swiss House;;;Einkauf Old Swiss House Luzern Karte xxxx 4821;5812
URS-000721;CH1200778010203040506;2024-12-09;2024-12-09;65.00;CHF;DBIT;PMNT-IDDT-ESDD;Salt Mobile SA;;;LSV Salt Abo;
URS-000722;CH1200778010203040506;2024-12-09;2024-12-09;49.00;CHF;DBIT;PMNT-IDDT-ESDD;Swisscom (Schweiz) AG;;;LSV blue TV;
URS-000723;CH1200778010203040506;2024-12-09;2024-12-09;45.25;CHF;DBIT;PMNT-CCRD-POSD;Coop;;;Einkauf Coop Luzern Karte xxxx 4821;5411
URS-000724;CH1200778010203040506;2024-12-09;2024-12-09;35.25;CHF;DBIT;PMNT-CCRD-POSD;Globus Delicatessa;;;Einkauf Globus Delicatessa Luzern Karte xxxx 4821;5411
URS-000725;CH1200778010203040506;2024-12-09;2024-12-09;165.80;CHF;CRDT;PMNT-RCDT-DMCT;Hofladen Sörenberg GmbH;;;Gutschrift Hofladen Sörenberg GmbH Käseverkauf;
URS-000726;CH1200778010203040506;2024-12-10;2024-12-10;237.60;CHF;CRDT;PMNT-RCDT-DMCT;Marktkasse Wochenmarkt Luzern;;;Gutschrift Marktkasse Wochenmarkt Luzern Käseverkauf;
URS-000727;CH1200778010203040506;2024-12-11;2024-12-11;53.65;CHF;DBIT;PMNT-CCRD-POSD;Globus Delicatessa;;;Einkauf Globus Delicatessa Luzern Karte xxxx 4821;5411
URS-000728;CH1200778010203040506;2024-12-13;2024-12-13;131.90;CHF;DBIT;PMNT-CCRD-POSD;Hotel Schweizerhof Restaurant;;;Einkauf Hotel Schweizerhof Restaurant Luzern Karte xxxx 4821;5812
URS-000729;CH1200778010203040506;2024-12-16;2024-12-16;430.85;CHF;DBIT;PMNT-ICDT-DMCT;Himalaya Käse Import GmbH;;;Zahlung Rechnung Yak-Käse Lieferung;
URS-000730;CH1200778010203040506;2024-12-16;2024-12-16;184.50;CHF;DBIT;PMNT-CCRD-POSD;Coop;;;Einkauf Coop Luzern Karte xxxx 4821;5411
URS-000731;CH1200778010203040506;2024-12-16;2024-12-16;126.35;CHF;DBIT;PMNT-CCRD-POSD;Fantasywelt Luzern;;;Einkauf Fantasywelt Luzern Luzern Karte xxxx 4821;5945
URS-000732;CH1200778010203040506;2024-12-16;2024-12-16;65.70;CHF;DBIT;PMNT-CCRD-POSD;Galaxus;;;Einkauf Galaxus Luzern Karte xxxx 4821;5651
URS-000733;CH1200778010203040506;2024-12-16;2024-12-16;17.75;CHF;DBIT;PMNT-CCRD-POSD;Coop;;;Einkauf Coop Luzern Karte xxxx 4821;5411
URS-000734;CH1200778010203040506;2024-12-16;2024-12-16;147.90;CHF;CRDT;PMNT-RCDT-DMCT;Marktkasse Wochenmarkt Luzern;;;Gutschrift Marktkasse Wochenmarkt Luzern Käseverkauf;
URS-000735;CH1200778010203040506;2024-12-17;2024-12-17;92.60;CHF;CRDT;PMNT-RCDT-DMCT;Hofladen Sörenberg GmbH;;;Gutschrift Hofladen Sörenberg GmbH Käseverkauf;
URS-000736;CH1200778010203040506;2024-12-17;2024-12-17;112.70;CHF;CRDT;PMNT-RCDT-DMCT;Hofladen Sörenberg GmbH;;;Gutschrift Hofladen Sörenberg GmbH Käseverkauf;
URS-000737;CH1200778010203040506;2024-12-18;2024-12-18;1098.70;CHF;DBIT;PMNT-IDDT-ESDD;Swisscard AECS GmbH;;;Lastschrift Swisscard AECS GmbH Monatsrechnung 11/2024;
URS-000738;CH1200778010203040506;2024-12-18;2024-12-18;124.50;CHF;DBIT;PMNT-CCRD-POSD;Coop;;;Einkauf Coop Luzern Karte xxxx 4821;5411
URS-000739;CH1200778010203040506;2024-12-19;2024-12-19;120.00;CHF;DBIT;PMNT-CCRD-CWDL;;;;Bargeldbezug Postomat Luzern Bahnhof Karte xxxx 4821;6011
URS-000740;CH1200778010203040506;2024-12-23;2024-12-23;320.00;CHF;DBIT;PMNT-CCRD-CWDL;;;;Bargeldbezug Postomat Luzern Bahnhof Karte xxxx 4821;6011
URS-000741;CH1200778010203040506;2024-12-23;2024-12-23;99.30;CHF;DBIT;PMNT-CCRD-POSD;Manor Food;;;Einkauf Manor Food Luzern Karte xxxx 4821;5411
URS-000742;CH1200778010203040506;2024-12-23;2024-12-23;94.50;CHF;DBIT;PMNT-CCRD-POSD;Avia Tankstelle;;;Einkauf Avia Tankstelle Luzern Karte xxxx 4821;5541
URS-000743;CH1200778010203040506;2024-12-23;2024-12-23;69.20;CHF;DBIT;PMNT-CCRD-POSD;Globus Delicatessa;;;Einkauf Globus Delicatessa Luzern Karte xxxx 4821;5411
URS-000744;CH1200778010203040506;2024-12-23;2024-12-23;62.20;CHF;DBIT;PMNT-ICDT-ESCT;;;;TWINT *Sende an Beat Wicki;
URS-000745;CH1200778010203040506;2024-12-23;2024-12-23;32.05;CHF;DBIT;PMNT-CCRD-POSD;Manor Food;;;Einkauf Manor Food Luzern Karte xxxx 4821;5411
URS-000746;CH1200778010203040506;2024-12-23;2024-12-23;417.45;CHF;CRDT;PMNT-RCDT-DMCT;Hofladen Sörenberg GmbH;;;Gutschrift Hofladen Sörenberg GmbH Käseverkauf;
URS-000747;CH1200778010203040506;2024-12-24;2024-12-24;180.00;CHF;DBIT;PMNT-CCRD-CWDL;;;;Bargeldbezug Bancomat LUKB Schwanenplatz Karte xxxx 4821;6011
URS-000748;CH1200778010203040506;2024-12-25;2024-12-25;17.00;CHF;DBIT;PMNT-CCRD-POSD;Coop;;;Einkauf Coop Luzern Karte xxxx 4821;5411
URS-000749;CH1200778010203040506;2024-12-25;2024-12-25;10538.18;CHF;CRDT;PMNT-RCDT-SALA;Schindler Aufzüge AG;CH9300762011623852333;;Gutschrift Salär Dezember 2024;
URS-000750;CH1200778010203040506;2024-12-25;2024-12-25;10538.18;CHF;CRDT;PMNT-RCDT-SALA;Schindler Aufzüge AG;CH9300762011623852333;;Gutschrift 13. Monatslohn 2024;
URS-000751;CH1200778010203040506;2024-12-26;2024-12-26;1000.00;CHF;DBIT;PMNT-ICDT-BOOK;;CH3400778010203040599;;Übertrag Sparkonto;
URS-000752;CH3400778010203040599;2024-12-26;2024-12-26;1000.00;CHF;CRDT;PMNT-RCDT-BOOK;;CH1200778010203040506;;Übertrag Sparkonto;
URS-000753;CH1200778010203040506;2024-12-27;2024-12-27;605.00;CHF;DBIT;PMNT-ICDT-STDO;Frankly Vorsorgestiftung 3a;;;Dauerauftrag Säule 3a;
URS-000754;CH1200778010203040506;2024-12-27;2024-12-27;135.75;CHF;DBIT;PMNT-CCRD-POSD;Shell;;;Einkauf Shell Luzern Karte xxxx 4821;5541
URS-000755;CH1200778010203040506;2024-12-27;2024-12-27;48.25;CHF;DBIT;PMNT-CCRD-POSD;Globus Delicatessa;;;Einkauf Globus Delicatessa Luzern Karte xxxx 4821;5411
URS-000756;CH1200778010203040506;2024-12-27;2024-12-27;36.75;CHF;DBIT;PMNT-CCRD-POSD;Manor Food;;;Einkauf Manor Food Luzern Karte xxxx 4821;5411
URS-000757;CH1200778010203040506;2024-12-30;2024-12-30;2300.00;CHF;DBIT;PMNT-ICDT-STDO;Steueramt der Stadt Luzern;;;Dauerauftrag Steuern Rate;
URS-000758;CH1200778010203040506;2024-12-30;2024-12-30;45.90;CHF;DBIT;PMNT-CCRD-POSD;Wirtshaus Galliker;;;Einkauf Wirtshaus Galliker Luzern Karte xxxx 4821;5812
URS-000759;CH1200778010203040506;2024-12-30;2024-12-30;294.70;CHF;CRDT;PMNT-RCDT-DMCT;Hofladen Sörenberg GmbH;;;Gutschrift Hofladen Sörenberg GmbH Käseverkauf;
URS-000760;CH3400778010203040599;2024-12-31;2024-12-31;144.00;CHF;CRDT;ACMT-MDOP-INTR;;;;Zinsgutschrift;
URS-000761;CH1200778010203040506;2025-01-01;2025-01-01;2650.00;CHF;DBIT;PMNT-ICDT-STDO;Allgemeine Baugenossenschaft Luzern;;;Dauerauftrag Miete Haldenstrasse;
URS-000762;CH1200778010203040506;2025-01-01;2025-01-01;900.00;CHF;DBIT;PMNT-ICDT-STDO;Zimmermann Laura;;;Dauerauftrag Unterhalt Laura;
URS-000763;CH1200778010203040506;2025-01-01;2025-01-01;70.00;CHF;DBIT;PMNT-CCRD-POSD;Hotel Schweizerhof Restaurant;;;Einkauf Hotel Schweizerhof Restaurant Luzern Karte xxxx 4821;5812
URS-000764;CH1200778010203040506;2025-01-02;2025-01-02;40.00;CHF;DBIT;PMNT-CCRD-POSD;Manor Food;;;Einkauf Manor Food Luzern Karte xxxx 4821;5411
URS-000765;CH1200778010203040506;2025-01-03;2025-01-03;81.95;CHF;DBIT;PMNT-CCRD-POSD;Globus Delicatessa;;;Einkauf Globus Delicatessa Luzern Karte xxxx 4821;5411
URS-000766;CH1200778010203040506;2025-01-03;2025-01-03;15.50;CHF;DBIT;PMNT-CCRD-POSD;Migros;;;Einkauf Migros Luzern Karte xxxx 4821;5411
URS-000767;CH1200778010203040506;2025-01-06;2025-01-06;518.00;CHF;DBIT;PMNT-IDDT-ESDD;Sanitas Grundversicherungen AG;;;LSV Prämie Grundversicherung;
URS-000768;CH1200778010203040506;2025-01-06;2025-01-06;113.45;CHF;DBIT;PMNT-CCRD-POSD;Shell;;;Einkauf Shell Luzern Karte xxxx 4821;5541
URS-000769;CH1200778010203040506;2025-01-06;2025-01-06;60.85;CHF;CRDT;PMNT-RCDT-ESCT;;;;TWINT *Empfangen von Beat Wicki;
URS-000770;CH1200778010203040506;2025-01-07;2025-01-07;64.65;CHF;DBIT;PMNT-CCRD-POSD;Hotel Schweizerhof Restaurant;;;Einkauf Hotel Schweizerhof Restaurant Luzern Karte xxxx 4821;5812
URS-000771;CH1200778010203040506;2025-01-07;2025-01-07;81.20;CHF;CRDT;PMNT-RCDT-ESCT;;;;TWINT *Empfangen von Beat Wicki;
URS-000772;CH1200778010203040506;2025-01-08;2025-01-08;102.60;CHF;DBIT;PMNT-CCRD-POSD;Migros;;;Einkauf Migros Luzern Karte xxxx 4821;5411
URS-000773;CH1200778010203040506;2025-01-08;2025-01-08;65.00;CHF;DBIT;PMNT-IDDT-ESDD;Salt Mobile SA;;;LSV Salt Abo;
URS-000774;CH1200778010203040506;2025-01-08;2025-01-08;51.35;CHF;DBIT;PMNT-CCRD-POSD;Old Swiss House;;;Einkauf Old Swiss House Luzern Karte xxxx 4821;5812
URS-000775;CH1200778010203040506;2025-01-09;2025-01-09;56.95;CHF;DBIT;PMNT-CCRD-POSD;Wirtshaus Galliker;;;Einkauf Wirtshaus Galliker Luzern Karte xxxx 4821;5812
URS-000776;CH1200778010203040506;2025-01-09;2025-01-09;49.00;CHF;DBIT;PMNT-IDDT-ESDD;Swisscom (Schweiz) AG;;;LSV blue TV;
URS-000777;CH1200778010203040506;2025-01-09;2025-01-09;44.60;CHF;DBIT;PMNT-CCRD-POSD;Globus Delicatessa;;;Einkauf Globus Delicatessa Luzern Karte xxxx 4821;5411
URS-000778;CH1200778010203040506;2025-01-09;2025-01-09;7.35;CHF;DBIT;PMNT-CCRD-POSD;Globus Delicatessa;;;Einkauf Globus Delicatessa Luzern Karte xxxx 4821;5411
URS-000779;CH1200778010203040506;2025-01-10;2025-01-10;340.00;CHF;DBIT;PMNT-CCRD-CWDL;;;;Bargeldbezug Postomat Luzern Bahnhof Karte xxxx 4821;6011
URS-000780;CH1200778010203040506;2025-01-13;2025-01-13;139.10;CHF;DBIT;PMNT-CCRD-POSD;Shell;;;Einkauf Shell Luzern Karte xxxx 4821;5541
URS-000781;CH1200778010203040506;2025-01-13;2025-01-13;112.60;CHF;DBIT;PMNT-CCRD-POSD;Avia Tankstelle;;;Einkauf Avia Tankstelle Luzern Karte xxxx 4821;5541
URS-000782;CH1200778010203040506;2025-01-13;2025-01-13;101.90;CHF;DBIT;PMNT-CCRD-POSD;Shell;;;Einkauf Shell Luzern Karte xxxx 4821;5541
URS-000783;CH1200778010203040506;2025-01-13;2025-01-13;45.05;CHF;DBIT;PMNT-CCRD-POSD;Globus Delicatessa;;;Einkauf Globus Delicatessa Luzern Karte xxxx 4821;5411
URS-000784;CH1200778010203040506;2025-01-13;2025-01-13;43.80;CHF;DBIT;PMNT-CCRD-POSD;Migros;;;Einkauf Migros Luzern Karte xxxx 4821;5411
URS-000785;CH1200778010203040506;2025-01-14;2025-01-14;405.60;CHF;DBIT;PMNT-ICDT-DMCT;Himalaya Käse Import GmbH;;;Zahlung Rechnung Yak-Käse Lieferung;
URS-000786;CH1200778010203040506;2025-01-14;2025-01-14;331.20;CHF;DBIT;PMNT-CCRD-POSD;Galaxus;;;Einkauf Galaxus Luzern Karte xxxx 4821;5651
URS-000787;CH1200778010203040506;2025-01-14;2025-01-14;152.70;CHF;DBIT;PMNT-CCRD-POSD;Avia Tankstelle;;;Einkauf Avia Tankstelle Luzern Karte xxxx 4821;5541
URS-000788;CH1200778010203040506;2025-01-15;2025-01-15;82.50;CHF;DBIT;PMNT-CCRD-POSD;Fantasywelt Luzern;;;Einkauf Fantasywelt Luzern Luzern Karte xxxx 4821;5945
URS-000789;CH1200778010203040506;2025-01-16;2025-01-16;420.00;CHF;DBIT;PMNT-CCRD-CWDL;;;;Bargeldbezug Bancomat LUKB Schwanenplatz Karte xxxx 4821;6011
URS-000790;CH1200778010203040506;2025-01-17;2025-01-17;159.55;CHF;DBIT;PMNT-CCRD-POSD;Old Swiss House;;;Einkauf Old Swiss House Luzern Karte xxxx 4821;5812
URS-000791;CH1200778010203040506;2025-01-20;2025-01-20;557.70;CHF;DBIT;PMNT-IDDT-ESDD;Swisscard AECS GmbH;;;Lastschrift Swisscard AECS GmbH Monatsrechnung 12/2024;
URS-000792;CH1200778010203040506;2025-01-20;2025-01-20;520.00;CHF;DBIT;PMNT-ICDT-DMCT;Strassenverkehrsamt Luzern;;;Zahlung Verkehrssteuer;
URS-000793;CH1200778010203040506;2025-01-20;2025-01-20;175.80;CHF;DBIT;PMNT-CCRD-POSD;Wirtshaus Galliker;;;Einkauf Wirtshaus Galliker Luzern Karte xxxx 4821;5812
URS-000794;CH1200778010203040506;2025-01-20;2025-01-20;175.80;CHF;DBIT;PMNT-CCRD-POSD;Wirtshaus Galliker;;;Einkauf Wirtshaus Galliker Luzern Karte xxxx 4821;5812
URS-000795;CH1200778010203040506;2025-01-20;2025-01-20;167.40;CHF;DBIT;PMNT-CCRD-POSD;Fantasywelt Luzern;;;Einkauf Fantasywelt Luzern Luzern Karte xxxx 4821;5945
URS-000796;CH1200778010203040506;2025-01-20;2025-01-20;158.15;CHF;DBIT;PMNT-CCRD-POSD;Manor Food;;;Einkauf Manor Food Luzern Karte xxxx 4821;5411
URS-000797;CH1200778010203040506;2025-01-20;2025-01-20;150.85;CHF;DBIT;PMNT-IDDT-ESDD;ewl energie wasser luzern;;;LSV Energie;
URS-000798;CH1200778010203040506;2025-01-20;2025-01-20;103.25;CHF;DBIT;PMNT-CCRD-POSD;Old Swiss House;;;Einkauf Old Swiss House Luzern Karte xxxx 4821;5812
URS-000799;CH1200778010203040506;2025-01-20;2025-01-20;47.55;CHF;DBIT;PMNT-CCRD-POSD;Wirtshaus Galliker;;;Einkauf Wirtshaus Galliker Luzern Karte xxxx 4821;5812
URS-000800;CH1200778010203040506;2025-01-20;2025-01-20;163.55;CHF;CRDT;PMNT-RCDT-DMCT;Hofladen Sörenberg GmbH;;;Gutschrift Hofladen Sörenberg GmbH Käseverkauf;
URS-000801;CH1200778010203040506;2025-01-20;2025-01-20;502.25;CHF;CRDT;PMNT-RCDT-DMCT;Hofladen Sörenberg GmbH;;;Gutschrift Hofladen Sörenberg GmbH Käseverkauf;
URS-000802;CH1200778010203040506;2025-01-21;2025-01-21;51.50;CHF;DBIT;PMNT-CCRD-POSD;Manor Food;;;Einkauf Manor Food Luzern Karte xxxx 4821;5411
URS-000803;CH1200778010203040506;2025-01-21;2025-01-21;86.25;CHF;CRDT;PMNT-RCDT-DMCT;Hofladen Sörenberg GmbH;;;Gutschrift Hofladen Sörenberg GmbH Käseverkauf;
URS-000804;CH1200778010203040506;2025-01-22;2025-01-22;72.10;CHF;DBIT;PMNT-ICDT-ESCT;;;;TWINT *Sende an Laura Zimmermann;
URS-000805;CH1200778010203040506;2025-01-27;2025-01-27;1000.00;CHF;DBIT;PMNT-ICDT-BOOK;;CH3400778010203040599;;Übertrag Sparkonto;
URS-000806;CH1200778010203040506;2025-01-27;2025-01-27;605.00;CHF;DBIT;PMNT-ICDT-STDO;Frankly Vorsorgestiftung 3a;;;Dauerauftrag Säule 3a;
URS-000807;CH1200778010203040506;2025-01-27;2025-01-27;141.55;CHF;DBIT;PMNT-CCRD-POSD;Shell;;;Einkauf Shell Luzern Karte xxxx 4821;5541
URS-000808;CH1200778010203040506;2025-01-27;2025-01-27;97.35;CHF;DBIT;PMNT-ICDT-DMCT;Hausarztpraxis Luzern;;Honorarrechnung;Zahlung Rechnung Hausarztpraxis Luzern;
URS-000809;CH1200778010203040506;2025-01-27;2025-01-27;37.85;CHF;DBIT;PMNT-CCRD-POSD;Manor Food;;;Einkauf Manor Food Luzern Karte xxxx 4821;5411
URS-000810;CH1200778010203040506;2025-01-27;2025-01-27;32.00;CHF;DBIT;PMNT-CCRD-POSD;Coop;;;Einkauf Coop Luzern Karte xxxx 4821;5411
URS-000811;CH1200778010203040506;2025-01-27;2025-01-27;22.45;CHF;DBIT;PMNT-CCRD-POSD;Migros;;;Einkauf Migros Luzern Karte xxxx 4821;5411
URS-000812;CH1200778010203040506;2025-01-27;2025-01-27;10643.56;CHF;CRDT;PMNT-RCDT-SALA;Schindler Aufzüge AG;CH9300762011623852333;;Gutschrift Salär Januar 2025;
URS-000813;CH3400778010203040599;2025-01-27;2025-01-27;1000.00;CHF;CRDT;PMNT-RCDT-BOOK;;CH1200778010203040506;;Übertrag Sparkonto;
URS-000814;CH1200778010203040506;2025-01-28;2025-01-28;2300.00;CHF;DBIT;PMNT-ICDT-STDO;Steueramt der Stadt Luzern;;;Dauerauftrag Steuern Rate;
URS-000815;CH1200778010203040506;2025-01-28;2025-01-28;140.00;CHF;DBIT;PMNT-CCRD-CWDL;;;;Bargeldbezug Postomat Luzern Bahnhof Karte xxxx 4821;6011
URS-000816;CH1200778010203040506;2025-01-28;2025-01-28;32.70;CHF;DBIT;PMNT-CCRD-POSD;Migros;;;Einkauf Migros Luzern Karte xxxx 4821;5411
URS-000817;CH1200778010203040506;2025-02-03;2025-02-03;2650.00;CHF;DBIT;PMNT-ICDT-STDO;Allgemeine Baugenossenschaft Luzern;;;Dauerauftrag Miete Haldenstrasse;
URS-000818;CH1200778010203040506;2025-02-03;2025-02-03;900.00;CHF;DBIT;PMNT-ICDT-STDO;Zimmermann Laura;;;Dauerauftrag Unterhalt Laura;
URS-000819;CH1200778010203040506;2025-02-03;2025-02-03;155.75;CHF;DBIT;PMNT-CCRD-POSD;Fantasywelt Luzern;;;Einkauf Fantasywelt Luzern Luzern Karte xxxx 4821;5945
URS-000820;CH1200778010203040506;2025-02-03;2025-02-03;139.90;CHF;DBIT;PMNT-CCRD-POSD;Wirtshaus Galliker;;;Einkauf Wirtshaus Galliker Luzern Karte xxxx 4821;5812
URS-000821;CH1200778010203040506;2025-02-03;2025-02-03;133.00;CHF;DBIT;PMNT-CCRD-POSD;Globus Delicatessa;;;Einkauf Globus Delicatessa Luzern Karte xxxx 4821;5411
URS-000822;CH1200778010203040506;2025-02-03;2025-02-03;64.80;CHF;DBIT;PMNT-ICDT-ESCT;;;;TWINT *Sende an Beat Wicki;
URS-000823;CH1200778010203040506;2025-02-04;2025-02-04;159.25;CHF;DBIT;PMNT-CCRD-POSD;Fantasywelt Luzern;;;Einkauf Fantasywelt Luzern Luzern Karte xxxx 4821;5945
URS-000824;CH1200778010203040506;2025-02-04;2025-02-04;150.30;CHF;DBIT;PMNT-CCRD-POSD;Shell;;;Einkauf Shell Luzern Karte xxxx 4821;5541
URS-000825;CH1200778010203040506;2025-02-04;2025-02-04;111.65;CHF;DBIT;PMNT-CCRD-POSD;Coop;;;Einkauf Coop Luzern Karte xxxx 4821;5411
URS-000826;CH1200778010203040506;2025-02-04;2025-02-04;62.10;CHF;DBIT;PMNT-CCRD-POSD;Coop;;;Einkauf Coop Luzern Karte xxxx 4821;5411
URS-000827;CH1200778010203040506;2025-02-04;2025-02-04;42.80;CHF;DBIT;PMNT-CCRD-POSD;Migros;;;Einkauf Migros Luzern Karte xxxx 4821;5411
URS-000828;CH1200778010203040506;2025-02-05;2025-02-05;518.00;CHF;DBIT;PMNT-IDDT-ESDD;Sanitas Grundversicherungen AG;;;LSV Prämie Grundversicherung;
URS-000829;CH1200778010203040506;2025-02-05;2025-02-05;120.00;CHF;DBIT;PMNT-CCRD-CWDL;;;;Bargeldbezug Bancomat LUKB Schwanenplatz Karte xxxx 4821;6011
URS-000830;CH1200778010203040506;2025-02-05;2025-02-05;67.45;CHF;DBIT;PMNT-CCRD-POSD;Old Swiss House;;;Einkauf Old Swiss House Luzern Karte xxxx 4821;5812
URS-000831;CH1200778010203040506;2025-02-06;2025-02-06;88.80;CHF;DBIT;PMNT-CCRD-POSD;Shell;;;Einkauf Shell Luzern Karte xxxx 4821;5541
URS-000832;CH1200778010203040506;2025-02-07;2025-02-07;155.40;CHF;DBIT;PMNT-CCRD-POSD;Jelmoli;;;Einkauf Jelmoli Luzern Karte xxxx 4821;5651
URS-000833;CH1200778010203040506;2025-02-10;2025-02-10;340.00;CHF;DBIT;PMNT-CCRD-CWDL;;;;Bargeldbezug Bancomat LUKB Schwanenplatz Karte xxxx 4821;6011
URS-000834;CH1200778010203040506;2025-02-10;2025-02-10;134.40;CHF;DBIT;PMNT-CCRD-POSD;Old Swiss House;;;Einkauf Old Swiss House Luzern Karte xxxx 4821;5812
URS-000835;CH1200778010203040506;2025-02-10;2025-02-10;65.00;CHF;DBIT;PMNT-IDDT-ESDD;Salt Mobile SA;;;LSV Salt Abo;
URS-000836;CH1200778010203040506;2025-02-10;2025-02-10;49.00;CHF;DBIT;PMNT-IDDT-ESDD;Swisscom (Schweiz) AG;;;LSV blue TV;
URS-000837;CH1200778010203040506;2025-02-10;2025-02-10;38.55;CHF;DBIT;PMNT-CCRD-POSD;Coop;;;Einkauf Coop Luzern Karte xxxx 4821;5411
URS-000838;CH1200778010203040506;2025-02-10;2025-02-10;35.75;CHF;DBIT;PMNT-CCRD-POSD;Hotel Schweizerhof Restaurant;;;Einkauf Hotel Schweizerhof Restaurant Luzern Karte xxxx 4821;5812
URS-000839;CH1200778010203040506;2025-02-14;2025-02-14;554.45;CHF;DBIT;PMNT-ICDT-DMCT;Himalaya Käse Import GmbH;;;Zahlung Rechnung Yak-Käse Lieferung;
URS-000840;CH1200778010203040506;2025-02-17;2025-02-17;66.95;CHF;DBIT;PMNT-CCRD-POSD;Old Swiss House;;;Einkauf Old Swiss House Luzern Karte xxxx 4821;5812
URS-000841;CH1200778010203040506;2025-02-18;2025-02-18;102.55;CHF;DBIT;PMNT-CCRD-POSD;Globus Delicatessa;;;Einkauf Globus Delicatessa Luzern Karte xxxx 4821;5411
URS-000842;CH1200778010203040506;2025-02-18;2025-02-18;51.75;CHF;DBIT;PMNT-IDDT-ESDD;Swisscard AECS GmbH;;;Lastschrift Swisscard AECS GmbH Monatsrechnung 01/2025;
URS-000843;CH1200778010203040506;2025-02-19;2025-02-19;133.40;CHF;DBIT;PMNT-CCRD-POSD;Hotel Schweizerhof Restaurant;;;Einkauf Hotel Schweizerhof Restaurant Luzern Karte xxxx 4821;5812
URS-000844;CH1200778010203040506;2025-02-20;2025-02-20;109.65;CHF;DBIT;PMNT-CCRD-POSD;Globus Delicatessa;;;Einkauf Globus Delicatessa Luzern Karte xxxx 4821;5411
URS-000845;CH1200778010203040506;2025-02-21;2025-02-21;52.25;CHF;DBIT;PMNT-CCRD-POSD;Old Swiss House;;;Einkauf Old Swiss House Luzern Karte xxxx 4821;5812
URS-000846;CH1200778010203040506;2025-02-24;2025-02-24;107.95;CHF;DBIT;PMNT-CCRD-POSD;Old Swiss House;;;Einkauf Old Swiss House Luzern Karte xxxx 4821;5812
URS-000847;CH1200778010203040506;2025-02-24;2025-02-24;62.45;CHF;DBIT;PMNT-CCRD-POSD;Games Workshop Luzern;;;Einkauf Games Workshop Luzern Luzern Karte xxxx 4821;5945
URS-000848;CH1200778010203040506;2025-02-24;2025-02-24;49.10;CHF;DBIT;PMNT-CCRD-POSD;Globus Delicatessa;;;Einkauf Globus Delicatessa Luzern Karte xxxx 4821;5411
URS-000849;CH1200778010203040506;2025-02-24;2025-02-24;31.05;CHF;DBIT;PMNT-CCRD-POSD;Globus Delicatessa;;;Einkauf Globus Delicatessa Luzern Karte xxxx 4821;5411
URS-000850;CH1200778010203040506;2025-02-24;2025-02-24;109.80;CHF;CRDT;PMNT-RCDT-DMCT;Hofladen Sörenberg GmbH;;;Gutschrift Hofladen Sörenberg GmbH Käseverkauf;
URS-000851;CH1200778010203040506;2025-02-25;2025-02-25;100.00;CHF;DBIT;PMNT-CCRD-CWDL;;;;Bargeldbezug Bancomat LUKB Schwanenplatz Karte xxxx 4821;6011
URS-000852;CH1200778010203040506;2025-02-25;2025-02-25;62.30;CHF;CRDT;PMNT-RCDT-ESCT;;;;TWINT *Empfangen von Beat Wicki;
URS-000853;CH1200778010203040506;2025-02-25;2025-02-25;10643.56;CHF;CRDT;PMNT-RCDT-SALA;Schindler Aufzüge AG;CH9300762011623852333;;Gutschrift Salär Februar 2025;
URS-000854;CH1200778010203040506;2025-02-26;2025-02-26;1000.00;CHF;DBIT;PMNT-ICDT-BOOK;;CH3400778010203040599;;Übertrag Sparkonto;
URS-000855;CH1200778010203040506;2025-02-26;2025-02-26;360.00;CHF;DBIT;PMNT-CCRD-CWDL;;;;Bargeldbezug Bancomat LUKB Schwanenplatz Karte xxxx 4821;6011
URS-000856;CH1200778010203040506;2025-02-26;2025-02-26;78.85;CHF;DBIT;PMNT-CCRD-POSD;Hotel Schweizerhof Restaurant;;;Einkauf Hotel Schweizerhof Restaurant Luzern Karte xxxx 4821;5812
URS-000857;CH3400778010203040599;2025-02-26;2025-02-26;1000.00;CHF;CRDT;PMNT-RCDT-BOOK;;CH1200778010203040506;;Übertrag Sparkonto;
URS-000858;CH1200778010203040506;2025-02-27;2025-02-27;605.00;CHF;DBIT;PMNT-ICDT-STDO;Frankly Vorsorgestiftung 3a;;;Dauerauftrag Säule 3a;
URS-000859;CH1200778010203040506;2025-02-28;2025-02-28;2300.00;CHF;DBIT;PMNT-ICDT-STDO;Steueramt der Stadt Luzern;;;Dauerauftrag Steuern Rate;
URS-000860;CH1200778010203040506;2025-03-03;2025-03-03;2650.00;CHF;DBIT;PMNT-ICDT-STDO;Allgemeine Baugenossenschaft Luzern;;;Dauerauftrag Miete Haldenstrasse;
URS-000861;CH1200778010203040506;2025-03-03;2025-03-03;900.00;CHF;DBIT;PMNT-ICDT-STDO;Zimmermann Laura;;;Dauerauftrag Unterhalt Laura;
URS-000862;CH1200778010203040506;2025-03-03;2025-03-03;282.85;CHF;DBIT;PMNT-CCRD-POSD;Wirtshaus Galliker;;;Einkauf Wirtshaus Galliker Luzern Karte xxxx 4821;5812
URS-000863;CH1200778010203040506;2025-03-03;2025-03-03;109.80;CHF;DBIT;PMNT-CCRD-POSD;Coop;;;Einkauf Coop Luzern Karte xxxx 4821;5411
URS-000864;CH1200778010203040506;2025-03-03;2025-03-03;38.15;CHF;DBIT;PMNT-CCRD-POSD;Wirtshaus Galliker;;;Einkauf Wirtshaus Galliker Luzern Karte xxxx 4821;5812
URS-000865;CH1200778010203040506;2025-03-03;2025-03-03;239.55;CHF;CRDT;PMNT-RCDT-DMCT;Marktkasse Wochenmarkt Luzern;;;Gutschrift Marktkasse Wochenmarkt Luzern Käseverkauf;
URS-000866;CH1200778010203040506;2025-03-05;2025-03-05;518.00;CHF;DBIT;PMNT-IDDT-ESDD;Sanitas Grundversicherungen AG;;;LSV Prämie Grundversicherung;
URS-000867;CH1200778010203040506;2025-03-05;2025-03-05;42.95;CHF;DBIT;PMNT-CCRD-POSD;Migros;;;Einkauf Migros Luzern Karte xxxx 4821;5411
URS-000868;CH1200778010203040506;2025-03-06;2025-03-06;72.85;CHF;DBIT;PMNT-CCRD-POSD;Globus Delicatessa;;;Einkauf Globus Delicatessa Luzern Karte xxxx 4821;5411
URS-000869;CH1200778010203040506;2025-03-07;2025-03-07;126.10;CHF;DBIT;PMNT-CCRD-POSD;Migros;;;Einkauf Migros Luzern Karte xxxx 4821;5411
URS-000870;CH1200778010203040506;2025-03-10;2025-03-10;220.00;CHF;DBIT;PMNT-CCRD-CWDL;;;;Bargeldbezug Postomat Luzern Bahnhof Karte xxxx 4821;6011
URS-000871;CH1200778010203040506;2025-03-10;2025-03-10;65.00;CHF;DBIT;PMNT-IDDT-ESDD;Salt Mobile SA;;;LSV Salt Abo;
URS-000872;CH1200778010203040506;2025-03-10;2025-03-10;49.00;CHF;DBIT;PMNT-IDDT-ESDD;Swisscom (Schweiz) AG;;;LSV blue TV;
URS-000873;CH1200778010203040506;2025-03-12;2025-03-12;178.25;CHF;DBIT;PMNT-CCRD-POSD;Fantasywelt Luzern;;;Einkauf Fantasywelt Luzern Luzern Karte xxxx 4821;5945
URS-000874;CH1200778010203040506;2025-03-12;2025-03-12;42.60;CHF;DBIT;PMNT-CCRD-POSD;Hotel Schweizerhof Restaurant;;;Einkauf Hotel Schweizerhof Restaurant Luzern Karte xxxx 4821;5812
URS-000875;CH1200778010203040506;2025-03-12;2025-03-12;30.35;CHF;DBIT;PMNT-CCRD-POSD;Migros;;;Einkauf Migros Luzern Karte xxxx 4821;5411
URS-000876;CH1200778010203040506;2025-03-14;2025-03-14;553.50;CHF;DBIT;PMNT-ICDT-DMCT;Himalaya Käse Import GmbH;;;Zahlung Rechnung Yak-Käse Lieferung;
URS-000877;CH1200778010203040506;2025-03-17;2025-03-17;480.00;CHF;DBIT;PMNT-ICDT-DMCT;Stadt Luzern;;;Zahlung Marktbewilligung Wochenmarkt;
URS-000878;CH1200778010203040506;2025-03-17;2025-03-17;220.00;CHF;DBIT;PMNT-CCRD-CWDL;;;;Bargeldbezug Postomat Luzern Bahnhof Karte xxxx 4821;6011
URS-000879;CH1200778010203040506;2025-03-17;2025-03-17;220.00;CHF;DBIT;PMNT-CCRD-CWDL;;;;Bargeldbezug Postomat Luzern Bahnhof Karte xxxx 4821;6011
URS-000880;CH1200778010203040506;2025-03-17;2025-03-17;31.10;CHF;DBIT;PMNT-CCRD-POSD;Manor Food;;;Einkauf Manor Food Luzern Karte xxxx 4821;5411
URS-000881;CH1200778010203040506;2025-03-17;2025-03-17;175.80;CHF;CRDT;PMNT-RCDT-DMCT;Hofladen Sörenberg GmbH;;;Gutschrift Hofladen Sörenberg GmbH Käseverkauf;
URS-000882;CH1200778010203040506;2025-03-17;2025-03-17;229.10;CHF;CRDT;PMNT-RCDT-DMCT;Hofladen Sörenberg GmbH;;;Gutschrift Hofladen Sörenberg GmbH Käseverkauf;
URS-000883;CH1200778010203040506;2025-03-18;2025-03-18;1354.80;CHF;DBIT;PMNT-IDDT-ESDD;Swisscard AECS GmbH;;;Lastschrift Swisscard AECS GmbH Monatsrechnung 02/2025;
URS-000884;CH1200778010203040506;2025-03-18;2025-03-18;28.45;CHF;DBIT;PMNT-CCRD-POSD;Globus Delicatessa;;;Einkauf Globus Delicatessa Luzern Karte xxxx 4821;5411
URS-000885;CH1200778010203040506;2025-03-19;2025-03-19;45.15;CHF;DBIT;PMNT-CCRD-POSD;Migros;;;Einkauf Migros Luzern Karte xxxx 4821;5411
URS-000886;CH1200778010203040506;2025-03-20;2025-03-20;280.00;CHF;DBIT;PMNT-CCRD-CWDL;;;;Bargeldbezug Bancomat LUKB Schwanenplatz Karte xxxx 4821;6011
URS-000887;CH1200778010203040506;2025-03-21;2025-03-21;90.85;CHF;DBIT;PMNT-CCRD-POSD;Avia Tankstelle;;;Einkauf Avia Tankstelle Luzern Karte xxxx 4821;5541
URS-000888;CH1200778010203040506;2025-03-21;2025-03-21;94.15;CHF;CRDT;PMNT-RCDT-DMCT;Hofladen Sörenberg GmbH;;;Gutschrift Hofladen Sörenberg GmbH Käseverkauf;
URS-000889;CH1200778010203040506;2025-03-24;2025-03-24;86.40;CHF;DBIT;PMNT-CCRD-POSD;Avia Tankstelle;;;Einkauf Avia Tankstelle Luzern Karte xxxx 4821;5541
URS-000890;CH1200778010203040506;2025-03-24;2025-03-24;74.30;CHF;DBIT;PMNT-CCRD-POSD;Fantasywelt Luzern;;;Einkauf Fantasywelt Luzern Luzern Karte xxxx 4821;5945
URS-000891;CH1200778010203040506;2025-03-24;2025-03-24;73.40;CHF;DBIT;PMNT-CCRD-POSD;Hotel Schweizerhof Restaurant;;;Einkauf Hotel Schweizerhof Restaurant Luzern Karte xxxx 4821;5812
URS-000892;CH1200778010203040506;2025-03-24;2025-03-24;63.40;CHF;DBIT;PMNT-CCRD-POSD;Old Swiss House;;;Einkauf Old Swiss House Luzern Karte xxxx 4821;5812
URS-000893;CH1200778010203040506;2025-03-25;2025-03-25;83.80;CHF;DBIT;PMNT-CCRD-POSD;Old Swiss House;;;Einkauf Old Swiss House Luzern Karte xxxx 4821;5812
URS-000894;CH1200778010203040506;2025-03-25;2025-03-25;55.70;CHF;DBIT;PMNT-CCRD-POSD;Globus Delicatessa;;;Einkauf Globus Delicatessa Luzern Karte xxxx 4821;5411
URS-000895;CH1200778010203040506;2025-03-25;2025-03-25;10643.56;CHF;CRDT;PMNT-RCDT-SALA;Schindler Aufzüge AG;CH9300762011623852333;;Gutschrift Salär März 2025;
URS-000896;CH1200778010203040506;2025-03-26;2025-03-26;1000.00;CHF;DBIT;PMNT-ICDT-BOOK;;CH3400778010203040599;;Übertrag Sparkonto;
URS-000897;CH1200778010203040506;2025-03-26;2025-03-26;127.30;CHF;DBIT;PMNT-CCRD-POSD;Coop;;;Einkauf Coop Luzern Karte xxxx 4821;5411
URS-000898;CH1200778010203040506;2025-03-26;2025-03-26;69.50;CHF;DBIT;PMNT-CCRD-POSD;Migros;;;Einkauf Migros Luzern Karte xxxx 4821;5411
URS-000899;CH3400778010203040599;2025-03-26;2025-03-26;1000.00;CHF;CRDT;PMNT-RCDT-BOOK;;CH1200778010203040506;;Übertrag Sparkonto;
URS-000900;CH1200778010203040506;2025-03-27;2025-03-27;605.00;CHF;DBIT;PMNT-ICDT-STDO;Frankly Vorsorgestiftung 3a;;;Dauerauftrag Säule 3a;
URS-000901;CH1200778010203040506;2025-03-28;2025-03-28;2300.00;CHF;DBIT;PMNT-ICDT-STDO;Steueramt der Stadt Luzern;;;Dauerauftrag Steuern Rate;
URS-000902;CH1200778010203040506;2025-03-28;2025-03-28;88.10;CHF;DBIT;PMNT-CCRD-POSD;Migros;;;Einkauf Migros Luzern Karte xxxx 4821;5411
URS-000903;CH1200778010203040506;2025-03-28;2025-03-28;67.20;CHF;DBIT;PMNT-CCRD-POSD;Migros;;;Einkauf Migros Luzern Karte xxxx 4821;5411
URS-000904;CH1200778010203040506;2025-03-28;2025-03-28;65.05;CHF;CRDT;PMNT-RCDT-ESCT;;;;TWINT *Empfangen von Laura Zimmermann;
URS-000905;CH1200778010203040506;2025-04-01;2025-04-01;2650.00;CHF;DBIT;PMNT-ICDT-STDO;Allgemeine Baugenossenschaft Luzern;;;Dauerauftrag Miete Haldenstrasse;
URS-000906;CH1200778010203040506;2025-04-01;2025-04-01;900.00;CHF;DBIT;PMNT-ICDT-STDO;Zimmermann Laura;;;Dauerauftrag Unterhalt Laura;
URS-000907;CH1200778010203040506;2025-04-01;2025-04-01;114.95;CHF;DBIT;PMNT-ICDT-ESCT;;;;TWINT *Sende an Laura Zimmermann;
URS-000908;CH1200778010203040506;2025-04-02;2025-04-02;61.20;CHF;DBIT;PMNT-CCRD-POSD;Wirtshaus Galliker;;;Einkauf Wirtshaus Galliker Luzern Karte xxxx 4821;5812
URS-000909;CH1200778010203040506;2025-04-02;2025-04-02;41.50;CHF;DBIT;PMNT-CCRD-POSD;Old Swiss House;;;Einkauf Old Swiss House Luzern Karte xxxx 4821;5812
URS-000910;CH1200778010203040506;2025-04-03;2025-04-03;134.35;CHF;DBIT;PMNT-CCRD-POSD;Avia Tankstelle;;;Einkauf Avia Tankstelle Luzern Karte xxxx 4821;5541
URS-000911;CH1200778010203040506;2025-04-04;2025-04-04;51.75;CHF;DBIT;PMNT-CCRD-POSD;Migros;;;Einkauf Migros Luzern Karte xxxx 4821;5411
URS-000912;CH1200778010203040506;2025-04-07;2025-04-07;518.00;CHF;DBIT;PMNT-IDDT-ESDD;Sanitas Grundversicherungen AG;;;LSV Prämie Grundversicherung;
URS-000913;CH1200778010203040506;2025-04-07;2025-04-07;89.75;CHF;DBIT;PMNT-CCRD-POSD;Hotel Schweizerhof Restaurant;;;Einkauf Hotel Schweizerhof Restaurant Luzern Karte xxxx 4821;5812
URS-000914;CH1200778010203040506;2025-04-07;2025-04-07;52.80;CHF;DBIT;PMNT-CCRD-POSD;Coop;;;Einkauf Coop Luzern Karte xxxx 4821;5411
URS-000915;CH1200778010203040506;2025-04-07;2025-04-07;444.35;CHF;CRDT;PMNT-RCDT-DMCT;Hofladen Sörenberg GmbH;;;Gutschrift Hofladen Sörenberg GmbH Käseverkauf;
URS-000916;CH1200778010203040506;2025-04-08;2025-04-08;2850.00;CHF;DBIT;PMNT-ICDT-DMCT;Hafen Luzern AG;;;Zahlung Rechnung Bootsplatz Saison 2025;
URS-000917;CH1200778010203040506;2025-04-08;2025-04-08;92.15;CHF;DBIT;PMNT-CCRD-POSD;Old Swiss House;;;Einkauf Old Swiss House Luzern Karte xxxx 4821;5812
URS-000918;CH1200778010203040506;2025-04-08;2025-04-08;65.00;CHF;DBIT;PMNT-IDDT-ESDD;Salt Mobile SA;;;LSV Salt Abo;
URS-000919;CH1200778010203040506;2025-04-08;2025-04-08;97.90;CHF;CRDT;PMNT-RCDT-DMCT;Hofladen Sörenberg GmbH;;;Gutschrift Hofladen Sörenberg GmbH Käseverkauf;
URS-000920;CH1200778010203040506;2025-04-08;2025-04-08;242.50;CHF;CRDT;PMNT-RCDT-DMCT;Hofladen Sörenberg GmbH;;;Gutschrift Hofladen Sörenberg GmbH Käseverkauf;
URS-000921;CH1200778010203040506;2025-04-09;2025-04-09;49.00;CHF;DBIT;PMNT-IDDT-ESDD;Swisscom (Schweiz) AG;;;LSV blue TV;
URS-000922;CH1200778010203040506;2025-04-10;2025-04-10;107.60;CHF;DBIT;PMNT-CCRD-POSD;Migros;;;Einkauf Migros Luzern Karte xxxx 4821;5411
URS-000923;CH1200778010203040506;2025-04-10;2025-04-10;73.85;CHF;DBIT;PMNT-CCRD-POSD;Fantasywelt Luzern;;;Einkauf Fantasywelt Luzern Luzern Karte xxxx 4821;5945
URS-000924;CH1200778010203040506;2025-04-10;2025-04-10;40.25;CHF;DBIT;PMNT-ICDT-ESCT;;;;TWINT *Sende an Beat Wicki;
URS-000925;CH1200778010203040506;2025-04-11;2025-04-11;264.15;CHF;CRDT;PMNT-RCDT-DMCT;Marktkasse Wochenmarkt Luzern;;;Gutschrift Marktkasse Wochenmarkt Luzern Käseverkauf;
URS-000926;CH1200778010203040506;2025-04-14;2025-04-14;507.20;CHF;DBIT;PMNT-ICDT-DMCT;Himalaya Käse Import GmbH;;;Zahlung Rechnung Yak-Käse Lieferung;
URS-000927;CH1200778010203040506;2025-04-14;2025-04-14;335.00;CHF;DBIT;PMNT-ICDT-DMCT;Serafe AG;;;Zahlung Radio- und Fernsehabgabe 2025;
URS-000928;CH1200778010203040506;2025-04-14;2025-04-14;59.35;CHF;DBIT;PMNT-CCRD-POSD;Migros;;;Einkauf Migros Luzern Karte xxxx 4821;5411
URS-000929;CH1200778010203040506;2025-04-14;2025-04-14;29.80;CHF;DBIT;PMNT-CCRD-POSD;Globus Delicatessa;;;Einkauf Globus Delicatessa Luzern Karte xxxx 4821;5411
URS-000930;CH1200778010203040506;2025-04-15;2025-04-15;260.00;CHF;DBIT;PMNT-CCRD-CWDL;;;;Bargeldbezug Bancomat LUKB Schwanenplatz Karte xxxx 4821;6011
URS-000931;CH1200778010203040506;2025-04-16;2025-04-16;304.70;CHF;CRDT;PMNT-RCDT-DMCT;Hofladen Sörenberg GmbH;;;Gutschrift Hofladen Sörenberg GmbH Käseverkauf;
URS-000932;CH1200778010203040506;2025-04-18;2025-04-18;200.00;CHF;DBIT;PMNT-CCRD-CWDL;;;;Bargeldbezug Bancomat LUKB Schwanenplatz Karte xxxx 4821;6011
URS-000933;CH1200778010203040506;2025-04-18;2025-04-18;68.15;CHF;DBIT;PMNT-IDDT-ESDD;Swisscard AECS GmbH;;;Lastschrift Swisscard AECS GmbH Monatsrechnung 03/2025;
URS-000934;CH1200778010203040506;2025-04-21;2025-04-21;134.10;CHF;DBIT;PMNT-IDDT-ESDD;ewl energie wasser luzern;;;LSV Energie;
URS-000935;CH1200778010203040506;2025-04-21;2025-04-21;123.40;CHF;DBIT;PMNT-ICDT-DMCT;Physiotherapie Seefeld;;Honorarrechnung;Zahlung Rechnung Physiotherapie Seefeld;
URS-000936;CH1200778010203040506;2025-04-21;2025-04-21;52.75;CHF;DBIT;PMNT-CCRD-POSD;Coop;;;Einkauf Coop Luzern Karte xxxx 4821;5411
URS-000937;CH1200778010203040506;2025-04-21;2025-04-21;41.30;CHF;DBIT;PMNT-CCRD-POSD;Coop;;;Einkauf Coop Luzern Karte xxxx 4821;5411
URS-000938;CH1200778010203040506;2025-04-21;2025-04-21;168.60;CHF;CRDT;PMNT-RCDT-DMCT;Hofladen Sörenberg GmbH;;;Gutschrift Hofladen Sörenberg GmbH Käseverkauf;
URS-000939;CH1200778010203040506;2025-04-24;2025-04-24;78.05;CHF;DBIT;PMNT-CCRD-POSD;Globus;;;Einkauf Globus Luzern Karte xxxx 4821;5651
URS-000940;CH1200778010203040506;2025-04-24;2025-04-24;58.50;CHF;DBIT;PMNT-CCRD-POSD;Manor Food;;;Einkauf Manor Food Luzern Karte xxxx 4821;5411
URS-000941;CH1200778010203040506;2025-04-24;2025-04-24;24.70;CHF;DBIT;PMNT-CCRD-POSD;Migros;;;Einkauf Migros Luzern Karte xxxx 4821;5411
URS-000942;CH1200778010203040506;2025-04-25;2025-04-25;63.35;CHF;DBIT;PMNT-CCRD-POSD;Coop;;;Einkauf Coop Luzern Karte xxxx 4821;5411
URS-000943;CH1200778010203040506;2025-04-25;2025-04-25;40.90;CHF;DBIT;PMNT-CCRD-POSD;Wirtshaus Galliker;;;Einkauf Wirtshaus Galliker Luzern Karte xxxx 4821;5812
URS-000944;CH1200778010203040506;2025-04-25;2025-04-25;33.85;CHF;DBIT;PMNT-CCRD-POSD;Manor Food;;;Einkauf Manor Food Luzern Karte xxxx 4821;5411
URS-000945;CH1200778010203040506;2025-04-25;2025-04-25;10643.56;CHF;CRDT;PMNT-RCDT-SALA;Schindler Aufzüge AG;CH9300762011623852333;;Gutschrift Salär April 2025;
URS-000946;CH1200778010203040506;2025-04-28;2025-04-28;2300.00;CHF;DBIT;PMNT-ICDT-STDO;Steueramt der Stadt Luzern;;;Dauerauftrag Steuern Rate;
URS-000947;CH1200778010203040506;2025-04-28;2025-04-28;1000.00;CHF;DBIT;PMNT-ICDT-BOOK;;CH3400778010203040599;;Übertrag Sparkonto;
URS-000948;CH1200778010203040506;2025-04-28;2025-04-28;605.00;CHF;DBIT;PMNT-ICDT-STDO;Frankly Vorsorgestiftung 3a;;;Dauerauftrag Säule 3a;
URS-000949;CH1200778010203040506;2025-04-28;2025-04-28;188.20;CHF;DBIT;PMNT-CCRD-POSD;Jelmoli;;;Einkauf Jelmoli Luzern Karte xxxx 4821;5651
URS-000950;CH1200778010203040506;2025-04-28;2025-04-28;56.80;CHF;DBIT;PMNT-CCRD-POSD;Wirtshaus Galliker;;;Einkauf Wirtshaus Galliker Luzern Karte xxxx 4821;5812
URS-000951;CH1200778010203040506;2025-04-28;2025-04-28;49.70;CHF;DBIT;PMNT-CCRD-POSD;Manor Food;;;Einkauf Manor Food Luzern Karte xxxx 4821;5411
URS-000952;CH1200778010203040506;2025-04-28;2025-04-28;39.25;CHF;DBIT;PMNT-CCRD-POSD;Coop;;;Einkauf Coop Luzern Karte xxxx 4821;5411
URS-000953;CH1200778010203040506;2025-04-28;2025-04-28;163.10;CHF;CRDT;PMNT-RCDT-DMCT;Marktkasse Wochenmarkt Luzern;;;Gutschrift Marktkasse Wochenmarkt Luzern Käseverkauf;
URS-000954;CH3400778010203040599;2025-04-28;2025-04-28;1000.00;CHF;CRDT;PMNT-RCDT-BOOK;;CH1200778010203040506;;Übertrag Sparkonto;
URS-000955;CH1200778010203040506;2025-05-01;2025-05-01;2650.00;CHF;DBIT;PMNT-ICDT-STDO;Allgemeine Baugenossenschaft Luzern;;;Dauerauftrag Miete Haldenstrasse;
URS-000956;CH1200778010203040506;2025-05-01;2025-05-01;900.00;CHF;DBIT;PMNT-ICDT-STDO;Zimmermann Laura;;;Dauerauftrag Unterhalt Laura;
URS-000957;CH1200778010203040506;2025-05-01;2025-05-01;114.20;CHF;DBIT;PMNT-CCRD-POSD;Globus Delicatessa;;;Einkauf Globus Delicatessa Luzern Karte xxxx 4821;5411
URS-000958;CH1200778010203040506;2025-05-01;2025-05-01;40.80;CHF;DBIT;PMNT-CCRD-POSD;Manor Food;;;Einkauf Manor Food Luzern Karte xxxx 4821;5411
URS-000959;CH1200778010203040506;2025-05-02;2025-05-02;69.60;CHF;DBIT;PMNT-CCRD-POSD;Hotel Schweizerhof Restaurant;;;Einkauf Hotel Schweizerhof Restaurant Luzern Karte xxxx 4821;5812
URS-000960;CH1200778010203040506;2025-05-02;2025-05-02;65.75;CHF;DBIT;PMNT-CCRD-POSD;Migros;;;Einkauf Migros Luzern Karte xxxx 4821;5411
URS-000961;CH1200778010203040506;2025-05-02;2025-05-02;30.55;CHF;DBIT;PMNT-CCRD-POSD;Coop;;;Einkauf Coop Luzern Karte xxxx 4821;5411
URS-000962;CH1200778010203040506;2025-05-02;2025-05-02;100.25;CHF;CRDT;PMNT-RCDT-DMCT;Hofladen Sörenberg GmbH;;;Gutschrift Hofladen Sörenberg GmbH Käseverkauf;
URS-000963;CH1200778010203040506;2025-05-05;2025-05-05;518.00;CHF;DBIT;PMNT-IDDT-ESDD;Sanitas Grundversicherungen AG;;;LSV Prämie Grundversicherung;
URS-000964;CH1200778010203040506;2025-05-05;2025-05-05;70.70;CHF;DBIT;PMNT-CCRD-POSD;Migros;;;Einkauf Migros Luzern Karte xxxx 4821;5411
URS-000965;CH1200778010203040506;2025-05-05;2025-05-05;46.25;CHF;DBIT;PMNT-CCRD-POSD;Migros;;;Einkauf Migros Luzern Karte xxxx 4821;5411
URS-000966;CH1200778010203040506;2025-05-05;2025-05-05;191.55;CHF;CRDT;PMNT-RCDT-DMCT;Hofladen Sörenberg GmbH;;;Gutschrift Hofladen Sörenberg GmbH Käseverkauf;
URS-000967;CH1200778010203040506;2025-05-05;2025-05-05;259.00;CHF;CRDT;PMNT-RCDT-DMCT;Marktkasse Wochenmarkt Luzern;;;Gutschrift Marktkasse Wochenmarkt Luzern Käseverkauf;
URS-000968;CH1200778010203040506;2025-05-06;2025-05-06;114.90;CHF;DBIT;PMNT-CCRD-POSD;Wirtshaus Galliker;;;Einkauf Wirtshaus Galliker Luzern Karte xxxx 4821;5812
URS-000969;CH1200778010203040506;2025-05-07;2025-05-07;70.75;CHF;DBIT;PMNT-CCRD-POSD;Old Swiss House;;;Einkauf Old Swiss House Luzern Karte xxxx 4821;5812
URS-000970;CH1200778010203040506;2025-05-07;2025-05-07;52.30;CHF;DBIT;PMNT-CCRD-POSD;Hotel Schweizerhof Restaurant;;;Einkauf Hotel Schweizerhof Restaurant Luzern Karte xxxx 4821;5812
URS-000971;CH1200778010203040506;2025-05-07;2025-05-07;28.80;CHF;DBIT;PMNT-CCRD-POSD;Migros;;;Einkauf Migros Luzern Karte xxxx 4821;5411
URS-000972;CH1200778010203040506;2025-05-08;2025-05-08;65.00;CHF;DBIT;PMNT-IDDT-ESDD;Salt Mobile SA;;;LSV Salt Abo;
URS-000973;CH1200778010203040506;2025-05-08;2025-05-08;12.95;CHF;DBIT;PMNT-CCRD-POSD;Globus Delicatessa;;;Einkauf Globus Delicatessa Luzern Karte xxxx 4821;5411
URS-000974;CH1200778010203040506;2025-05-09;2025-05-09;347.40;CHF;DBIT;PMNT-ICDT-DMCT;Hausarztpraxis Luzern;;Honorarrechnung;Zahlung Rechnung Hausarztpraxis Luzern;
URS-000975;CH1200778010203040506;2025-05-09;2025-05-09;115.55;CHF;DBIT;PMNT-CCRD-POSD;Old Swiss House;;;Einkauf Old Swiss House Luzern Karte xxxx 4821;5812
URS-000976;CH1200778010203040506;2025-05-09;2025-05-09;103.15;CHF;DBIT;PMNT-CCRD-POSD;Galaxus;;;Einkauf Galaxus Luzern Karte xxxx 4821;5651
URS-000977;CH1200778010203040506;2025-05-09;2025-05-09;51.30;CHF;DBIT;PMNT-CCRD-POSD;Manor Food;;;Einkauf Manor Food Luzern Karte xxxx 4821;5411
URS-000978;CH1200778010203040506;2025-05-09;2025-05-09;49.00;CHF;DBIT;PMNT-IDDT-ESDD;Swisscom (Schweiz) AG;;;LSV blue TV;
URS-000979;CH1200778010203040506;2025-05-12;2025-05-12;780.00;CHF;DBIT;PMNT-ICDT-DMCT;Allianz Suisse;;;Zahlung Prämie Bootsversicherung;
URS-000980;CH1200778010203040506;2025-05-12;2025-05-12;95.90;CHF;DBIT;PMNT-CCRD-POSD;BP Tankstelle;;;Einkauf BP Tankstelle Luzern Karte xxxx 4821;5541
URS-000981;CH1200778010203040506;2025-05-12;2025-05-12;28.90;CHF;DBIT;PMNT-CCRD-POSD;Old Swiss House;;;Einkauf Old Swiss House Luzern Karte xxxx 4821;5812
URS-000982;CH1200778010203040506;2025-05-12;2025-05-12;279.95;CHF;CRDT;PMNT-RCDT-DMCT;Marktkasse Wochenmarkt Luzern;;;Gutschrift Marktkasse Wochenmarkt Luzern Käseverkauf;
URS-000983;CH1200778010203040506;2025-05-13;2025-05-13;53.45;CHF;DBIT;PMNT-CCRD-POSD;Hotel Schweizerhof Restaurant;;;Einkauf Hotel Schweizerhof Restaurant Luzern Karte xxxx 4821;5812
URS-000984;CH1200778010203040506;2025-05-13;2025-05-13;53.40;CHF;DBIT;PMNT-ICDT-ESCT;;;;TWINT *Sende an Beat Wicki;
URS-000985;CH1200778010203040506;2025-05-14;2025-05-14;470.45;CHF;DBIT;PMNT-ICDT-DMCT;Himalaya Käse Import GmbH;;;Zahlung Rechnung Yak-Käse Lieferung;
URS-000986;CH1200778010203040506;2025-05-15;2025-05-15;35.35;CHF;DBIT;PMNT-CCRD-POSD;Migros;;;Einkauf Migros Luzern Karte xxxx 4821;5411
URS-000987;CH1200778010203040506;2025-05-15;2025-05-15;178.60;CHF;CRDT;PMNT-RCDT-DMCT;Marktkasse Wochenmarkt Luzern;;;Gutschrift Marktkasse Wochenmarkt Luzern Käseverkauf;
URS-000988;CH1200778010203040506;2025-05-16;2025-05-16;251.15;CHF;DBIT;PMNT-CCRD-POSD;Games Workshop Luzern;;;Einkauf Games Workshop Luzern Luzern Karte xxxx 4821;5945
URS-000989;CH1200778010203040506;2025-05-16;2025-05-16;86.30;CHF;DBIT;PMNT-CCRD-POSD;Tankstelle Hafen Luzern;;;Einkauf Tankstelle Hafen Luzern Bootsbenzin Karte xxxx 2210;
URS-000990;CH1200778010203040506;2025-05-19;2025-05-19;160.40;CHF;DBIT;PMNT-IDDT-ESDD;Swisscard AECS GmbH;;;Lastschrift Swisscard AECS GmbH Monatsrechnung 04/2025;
URS-000991;CH1200778010203040506;2025-05-19;2025-05-19;88.85;CHF;DBIT;PMNT-CCRD-POSD;Old Swiss House;;;Einkauf Old Swiss House Luzern Karte xxxx 4821;5812
URS-000992;CH1200778010203040506;2025-05-19;2025-05-19;60.55;CHF;DBIT;PMNT-CCRD-POSD;Globus Delicatessa;;;Einkauf Globus Delicatessa Luzern Karte xxxx 4821;5411
URS-000993;CH1200778010203040506;2025-05-19;2025-05-19;134.20;CHF;CRDT;PMNT-RCDT-DMCT;Hofladen Sörenberg GmbH;;;Gutschrift Hofladen Sörenberg GmbH Käseverkauf;
URS-000994;CH1200778010203040506;2025-05-19;2025-05-19;154.05;CHF;CRDT;PMNT-RCDT-DMCT;Marktkasse Wochenmarkt Luzern;;;Gutschrift Marktkasse Wochenmarkt Luzern Käseverkauf;
URS-000995;CH1200778010203040506;2025-05-20;2025-05-20;400.55;CHF;DBIT;PMNT-ICDT-DMCT;Hausarztpraxis Luzern;;Honorarrechnung;Zahlung Rechnung Hausarztpraxis Luzern;
URS-000996;CH1200778010203040506;2025-05-20;2025-05-20;88.80;CHF;DBIT;PMNT-CCRD-POSD;Old Swiss House;;;Einkauf Old Swiss House Luzern Karte xxxx 4821;5812
URS-000997;CH1200778010203040506;2025-05-21;2025-05-21;235.25;CHF;DBIT;PMNT-CCRD-POSD;Galaxus;;;Einkauf Galaxus Luzern Karte xxxx 4821;5651
URS-000998;CH1200778010203040506;2025-05-21;2025-05-21;134.35;CHF;DBIT;PMNT-CCRD-POSD;Globus Delicatessa;;;Einkauf Globus Delicatessa Luzern Karte xxxx 4821;5411
URS-000999;CH1200778010203040506;2025-05-21;2025-05-21;121.50;CHF;DBIT;PMNT-CCRD-POSD;Fantasywelt Luzern;;;Einkauf Fantasywelt Luzern Luzern Karte xxxx 4821;5945
URS-001000;CH1200778010203040506;2025-05-21;2025-05-21;105.35;CHF;DBIT;PMNT-CCRD-POSD;Globus Delicatessa;;;Einkauf Globus Delicatessa Luzern Karte xxxx 4821;5411
URS-001001;CH1200778010203040506;2025-05-22;2025-05-22;252.50;CHF;DBIT;PMNT-ICDT-DMCT;Physiotherapie Seefeld;;Honorarrechnung;Zahlung Rechnung Physiotherapie Seefeld;
URS-001002;CH1200778010203040506;2025-05-22;2025-05-22;41.50;CHF;DBIT;PMNT-CCRD-POSD;Globus Delicatessa;;;Einkauf Globus Delicatessa Luzern Karte xxxx 4821;5411
URS-001003;CH1200778010203040506;2025-05-23;2025-05-23;85.50;CHF;DBIT;PMNT-CCRD-POSD;Migros;;;Einkauf Migros Luzern Karte xxxx 4821;5411
URS-001004;CH1200778010203040506;2025-05-23;2025-05-23;46.00;CHF;DBIT;PMNT-ICDT-ESCT;;;;TWINT *Sende an Beat Wicki;
URS-001005;CH1200778010203040506;2025-05-26;2025-05-26;1000.00;CHF;DBIT;PMNT-ICDT-BOOK;;CH3400778010203040599;;Übertrag Sparkonto;
URS-001006;CH1200778010203040506;2025-05-26;2025-05-26;503.55;CHF;DBIT;PMNT-ICDT-DMCT;Bootsservice Vierwaldstättersee GmbH;;;Zahlung Rechnung Bootsservice;
URS-001007;CH1200778010203040506;2025-05-26;2025-05-26;83.15;CHF;DBIT;PMNT-CCRD-POSD;Wirtshaus Galliker;;;Einkauf Wirtshaus Galliker Luzern Karte xxxx 4821;5812
URS-001008;CH1200778010203040506;2025-05-26;2025-05-26;64.75;CHF;DBIT;PMNT-CCRD-POSD;Fantasywelt Luzern;;;Einkauf Fantasywelt Luzern Luzern Karte xxxx 4821;5945
URS-001009;CH1200778010203040506;2025-05-26;2025-05-26;57.80;CHF;DBIT;PMNT-CCRD-POSD;Migros;;;Einkauf Migros Luzern Karte xxxx 4821;5411
URS-001010;CH1200778010203040506;2025-05-26;2025-05-26;42.30;CHF;DBIT;PMNT-CCRD-POSD;Manor Food;;;Einkauf Manor Food Luzern Karte xxxx 4821;5411
URS-001011;CH1200778010203040506;2025-05-26;2025-05-26;145.00;CHF;CRDT;PMNT-RCDT-DMCT;Hofladen Sörenberg GmbH;;;Gutschrift Hofladen Sörenberg GmbH Käseverkauf;
URS-001012;CH1200778010203040506;2025-05-26;2025-05-26;10643.56;CHF;CRDT;PMNT-RCDT-SALA;Schindler Aufzüge AG;CH9300762011623852333;;Gutschrift Salär Mai 2025;
URS-001013;CH3400778010203040599;2025-05-26;2025-05-26;1000.00;CHF;CRDT;PMNT-RCDT-BOOK;;CH1200778010203040506;;Übertrag Sparkonto;
URS-001014;CH1200778010203040506;2025-05-27;2025-05-27;605.00;CHF;DBIT;PMNT-ICDT-STDO;Frankly Vorsorgestiftung 3a;;;Dauerauftrag Säule 3a;
URS-001015;CH1200778010203040506;2025-05-27;2025-05-27;71.30;CHF;DBIT;PMNT-CCRD-POSD;Games Workshop Luzern;;;Einkauf Games Workshop Luzern Luzern Karte xxxx 4821;5945
URS-001016;CH1200778010203040506;2025-05-28;2025-05-28;2300.00;CHF;DBIT;PMNT-ICDT-STDO;Steueramt der Stadt Luzern;;;Dauerauftrag Steuern Rate;
URS-001017;CH1200778010203040506;2025-05-28;2025-05-28;240.00;CHF;DBIT;PMNT-CCRD-CWDL;;;;Bargeldbezug Bancomat LUKB Schwanenplatz Karte xxxx 4821;6011
URS-001018;CH1200778010203040506;2025-05-28;2025-05-28;39.65;CHF;DBIT;PMNT-CCRD-POSD;Hotel Schweizerhof Restaurant;;;Einkauf Hotel Schweizerhof Restaurant Luzern Karte xxxx 4821;5812
URS-001019;CH1200778010203040506;2025-06-02;2025-06-02;2650.00;CHF;DBIT;PMNT-ICDT-STDO;Allgemeine Baugenossenschaft Luzern;;;Dauerauftrag Miete Haldenstrasse;
URS-001020;CH1200778010203040506;2025-06-02;2025-06-02;900.00;CHF;DBIT;PMNT-ICDT-STDO;Zimmermann Laura;;;Dauerauftrag Unterhalt Laura;
URS-001021;CH1200778010203040506;2025-06-02;2025-06-02;72.70;CHF;DBIT;PMNT-CCRD-POSD;Fantasywelt Luzern;;;Einkauf Fantasywelt Luzern Luzern Karte xxxx 4821;5945
URS-001022;CH1200778010203040506;2025-06-02;2025-06-02;57.65;CHF;DBIT;PMNT-CCRD-POSD;Galaxus;;;Einkauf Galaxus Luzern Karte xxxx 4821;5651
URS-001023;CH1200778010203040506;2025-06-03;2025-06-03;120.00;CHF;DBIT;PMNT-CCRD-CWDL;;;;Bargeldbezug Postomat Luzern Bahnhof Karte xxxx 4821;6011
URS-001024;CH1200778010203040506;2025-06-05;2025-06-05;518.00;CHF;DBIT;PMNT-IDDT-ESDD;Sanitas Grundversicherungen AG;;;LSV Prämie Grundversicherung;
URS-001025;CH1200778010203040506;2025-06-06;2025-06-06;52.60;CHF;DBIT;PMNT-CCRD-POSD;Manor Food;;;Einkauf Manor Food Luzern Karte xxxx 4821;5411
URS-001026;CH1200778010203040506;2025-06-09;2025-06-09;356.70;CHF;DBIT;PMNT-ICDT-DMCT;Physiotherapie Seefeld;;Honorarrechnung;Zahlung Rechnung Physiotherapie Seefeld;
URS-001027;CH1200778010203040506;2025-06-09;2025-06-09;125.05;CHF;DBIT;PMNT-CCRD-POSD;Old Swiss House;;;Einkauf Old Swiss House Luzern Karte xxxx 4821;5812
URS-001028;CH1200778010203040506;2025-06-09;2025-06-09;95.90;CHF;DBIT;PMNT-CCRD-POSD;Games Workshop Luzern;;;Einkauf Games Workshop Luzern Luzern Karte xxxx 4821;5945
URS-001029;CH1200778010203040506;2025-06-09;2025-06-09;65.00;CHF;DBIT;PMNT-IDDT-ESDD;Salt Mobile SA;;;LSV Salt Abo;
URS-001030;CH1200778010203040506;2025-06-09;2025-06-09;49.00;CHF;DBIT;PMNT-IDDT-ESDD;Swisscom (Schweiz) AG;;;LSV blue TV;
URS-001031;CH1200778010203040506;2025-06-09;2025-06-09;29.50;CHF;DBIT;PMNT-CCRD-POSD;Coop;;;Einkauf Coop Luzern Karte xxxx 4821;5411
URS-001032;CH1200778010203040506;2025-06-10;2025-06-10;1650.00;CHF;DBIT;PMNT-ICDT-DMCT;AXA Versicherungen AG;;;Zahlung Motorfahrzeugversicherung;
URS-001033;CH1200778010203040506;2025-06-11;2025-06-11;88.70;CHF;DBIT;PMNT-ICDT-ESCT;;;;TWINT *Sende an Laura Zimmermann;
URS-001034;CH1200778010203040506;2025-06-11;2025-06-11;58.00;CHF;DBIT;PMNT-CCRD-POSD;Manor Food;;;Einkauf Manor Food Luzern Karte xxxx 4821;5411
URS-001035;CH1200778010203040506;2025-06-13;2025-06-13;88.50;CHF;DBIT;PMNT-CCRD-POSD;Globus Delicatessa;;;Einkauf Globus Delicatessa Luzern Karte xxxx 4821;5411
URS-001036;CH1200778010203040506;2025-06-16;2025-06-16;521.45;CHF;DBIT;PMNT-ICDT-DMCT;Himalaya Käse Import GmbH;;;Zahlung Rechnung Yak-Käse Lieferung;
URS-001037;CH1200778010203040506;2025-06-16;2025-06-16;115.00;CHF;DBIT;PMNT-CCRD-POSD;Jelmoli;;;Einkauf Jelmoli Luzern Karte xxxx 4821;5651
URS-001038;CH1200778010203040506;2025-06-16;2025-06-16;72.95;CHF;DBIT;PMNT-CCRD-POSD;Jelmoli;;;Einkauf Jelmoli Luzern Karte xxxx 4821;5651
URS-001039;CH1200778010203040506;2025-06-16;2025-06-16;54.20;CHF;DBIT;PMNT-CCRD-POSD;Fantasywelt Luzern;;;Einkauf Fantasywelt Luzern Luzern Karte xxxx 4821;5945
URS-001040;CH1200778010203040506;2025-06-16;2025-06-16;215.10;CHF;CRDT;PMNT-RCDT-DMCT;Hofladen Sörenberg GmbH;;;Gutschrift Hofladen Sörenberg GmbH Käseverkauf;
URS-001041;CH1200778010203040506;2025-06-17;2025-06-17;78.55;CHF;DBIT;PMNT-CCRD-POSD;Shell;;;Einkauf Shell Luzern Karte xxxx 4821;5541
URS-001042;CH1200778010203040506;2025-06-17;2025-06-17;94.60;CHF;CRDT;PMNT-RCDT-ESCT;;;;TWINT *Empfangen von Laura Zimmermann;
URS-001043;CH1200778010203040506;2025-06-18;2025-06-18;234.75;CHF;DBIT;PMNT-IDDT-ESDD;Swisscard AECS GmbH;;;Lastschrift Swisscard AECS GmbH Monatsrechnung 05/2025;
URS-001044;CH1200778010203040506;2025-06-18;2025-06-18;312.66;CHF;CRDT;PMNT-RCDT-DMCT;Sanitas Grundversicherungen AG;;;Gutschrift Sanitas Grundversicherungen AG Leistungsabrechnung;
URS-001045;CH1200778010203040506;2025-06-19;2025-06-19;83.40;CHF;DBIT;PMNT-CCRD-POSD;Fantasywelt Luzern;;;Einkauf Fantasywelt Luzern Luzern Karte xxxx 4821;5945
URS-001046;CH1200778010203040506;2025-06-19;2025-06-19;36.45;CHF;DBIT;PMNT-CCRD-POSD;Wirtshaus Galliker;;;Einkauf Wirtshaus Galliker Luzern Karte xxxx 4821;5812
URS-001047;CH1200778010203040506;2025-06-20;2025-06-20;30.60;CHF;DBIT;PMNT-CCRD-POSD;Wirtshaus Galliker;;;Einkauf Wirtshaus Galliker Luzern Karte xxxx 4821;5812
URS-001048;CH1200778010203040506;2025-06-23;2025-06-23;115.25;CHF;DBIT;PMNT-CCRD-POSD;Games Workshop Luzern;;;Einkauf Games Workshop Luzern Luzern Karte xxxx 4821;5945
URS-001049;CH1200778010203040506;2025-06-23;2025-06-23;114.95;CHF;DBIT;PMNT-CCRD-POSD;Avia Tankstelle;;;Einkauf Avia Tankstelle Luzern Karte xxxx 4821;5541
URS-001050;CH1200778010203040506;2025-06-23;2025-06-23;86.20;CHF;DBIT;PMNT-CCRD-POSD;Tankstelle Hafen Luzern;;;Einkauf Tankstelle Hafen Luzern Bootsbenzin Karte xxxx 2210;
URS-001051;CH1200778010203040506;2025-06-23;2025-06-23;79.20;CHF;DBIT;PMNT-CCRD-POSD;Manor Food;;;Einkauf Manor Food Luzern Karte xxxx 4821;5411
URS-001052;CH1200778010203040506;2025-06-23;2025-06-23;53.85;CHF;DBIT;PMNT-CCRD-POSD;Wirtshaus Galliker;;;Einkauf Wirtshaus Galliker Luzern Karte xxxx 4821;5812
URS-001053;CH1200778010203040506;2025-06-24;2025-06-24;79.10;CHF;DBIT;PMNT-CCRD-POSD;Tankstelle Hafen Luzern;;;Einkauf Tankstelle Hafen Luzern Bootsbenzin Karte xxxx 2210;
URS-001054;CH1200778010203040506;2025-06-24;2025-06-24;71.40;CHF;DBIT;PMNT-CCRD-POSD;Globus Delicatessa;;;Einkauf Globus Delicatessa Luzern Karte xxxx 4821;5411
URS-001055;CH1200778010203040506;2025-06-25;2025-06-25;300.00;CHF;DBIT;PMNT-CCRD-CWDL;;;;Bargeldbezug Postomat Luzern Bahnhof Karte xxxx 4821;6011
URS-001056;CH1200778010203040506;2025-06-25;2025-06-25;160.00;CHF;DBIT;PMNT-CCRD-CWDL;;;;Bargeldbezug Postomat Luzern Bahnhof Karte xxxx 4821;6011
URS-001057;CH1200778010203040506;2025-06-25;2025-06-25;85.20;CHF;DBIT;PMNT-CCRD-POSD;Migros;;;Einkauf Migros Luzern Karte xxxx 4821;5411
URS-001058;CH1200778010203040506;2025-06-25;2025-06-25;10643.56;CHF;CRDT;PMNT-RCDT-SALA;Schindler Aufzüge AG;CH9300762011623852333;;Gutschrift Salär Juni 2025;
URS-001059;CH1200778010203040506;2025-06-26;2025-06-26;1000.00;CHF;DBIT;PMNT-ICDT-BOOK;;CH3400778010203040599;;Übertrag Sparkonto;
URS-001060;CH3400778010203040599;2025-06-26;2025-06-26;1000.00;CHF;CRDT;PMNT-RCDT-BOOK;;CH1200778010203040506;;Übertrag Sparkonto;
URS-001061;CH1200778010203040506;2025-06-27;2025-06-27;605.00;CHF;DBIT;PMNT-ICDT-STDO;Frankly Vorsorgestiftung 3a;;;Dauerauftrag Säule 3a;
URS-001062;CH1200778010203040506;2025-06-30;2025-06-30;2300.00;CHF;DBIT;PMNT-ICDT-STDO;Steueramt der Stadt Luzern;;;Dauerauftrag Steuern Rate;
URS-001063;CH1200778010203040506;2025-06-30;2025-06-30;360.49;CHF;CRDT;PMNT-RCDT-DMCT;Sanitas Grundversicherungen AG;;;Gutschrift Sanitas Grundversicherungen AG Leistungsabrechnung;
URS-001064;CH1200778010203040506;2025-07-01;2025-07-01;2650.00;CHF;DBIT;PMNT-ICDT-STDO;Allgemeine Baugenossenschaft Luzern;;;Dauerauftrag Miete Haldenstrasse;
URS-001065;CH1200778010203040506;2025-07-01;2025-07-01;900.00;CHF;DBIT;PMNT-ICDT-STDO;Zimmermann Laura;;;Dauerauftrag Unterhalt Laura;
URS-001066;CH1200778010203040506;2025-07-01;2025-07-01;260.00;CHF;DBIT;PMNT-CCRD-CWDL;;;;Bargeldbezug Bancomat LUKB Schwanenplatz Karte xxxx 4821;6011
URS-001067;CH1200778010203040506;2025-07-01;2025-07-01;124.40;CHF;DBIT;PMNT-CCRD-POSD;Old Swiss House;;;Einkauf Old Swiss House Luzern Karte xxxx 4821;5812
URS-001068;CH1200778010203040506;2025-07-01;2025-07-01;48.80;CHF;DBIT;PMNT-CCRD-POSD;Hotel Schweizerhof Restaurant;;;Einkauf Hotel Schweizerhof Restaurant Luzern Karte xxxx 4821;5812
URS-001069;CH1200778010203040506;2025-07-01;2025-07-01;155.93;CHF;CRDT;PMNT-RCDT-DMCT;Sanitas Grundversicherungen AG;;;Gutschrift Sanitas Grundversicherungen AG Leistungsabrechnung;
URS-001070;CH1200778010203040506;2025-07-02;2025-07-02;64.40;CHF;DBIT;PMNT-CCRD-POSD;Manor Food;;;Einkauf Manor Food Luzern Karte xxxx 4821;5411
URS-001071;CH1200778010203040506;2025-07-02;2025-07-02;274.05;CHF;CRDT;PMNT-RCDT-DMCT;Hofladen Sörenberg GmbH;;;Gutschrift Hofladen Sörenberg GmbH Käseverkauf;
URS-001072;CH1200778010203040506;2025-07-04;2025-07-04;98.70;CHF;DBIT;PMNT-CCRD-POSD;Tankstelle Hafen Luzern;;;Einkauf Tankstelle Hafen Luzern Bootsbenzin Karte xxxx 2210;
URS-001073;CH1200778010203040506;2025-07-07;2025-07-07;518.00;CHF;DBIT;PMNT-IDDT-ESDD;Sanitas Grundversicherungen AG;;;LSV Prämie Grundversicherung;
URS-001074;CH1200778010203040506;2025-07-07;2025-07-07;330.10;CHF;DBIT;PMNT-CCRD-POSD;Galaxus;;;Einkauf Galaxus Luzern Karte xxxx 4821;5651
URS-001075;CH1200778010203040506;2025-07-07;2025-07-07;157.65;CHF;DBIT;PMNT-CCRD-POSD;Globus Delicatessa;;;Einkauf Globus Delicatessa Luzern Karte xxxx 4821;5411
URS-001076;CH1200778010203040506;2025-07-07;2025-07-07;88.25;CHF;DBIT;PMNT-CCRD-POSD;Wirtshaus Galliker;;;Einkauf Wirtshaus Galliker Luzern Karte xxxx 4821;5812
URS-001077;CH1200778010203040506;2025-07-07;2025-07-07;37.10;CHF;DBIT;PMNT-CCRD-POSD;Old Swiss House;;;Einkauf Old Swiss House Luzern Karte xxxx 4821;5812
URS-001078;CH1200778010203040506;2025-07-07;2025-07-07;95.45;CHF;CRDT;PMNT-RCDT-DMCT;Hofladen Sörenberg GmbH;;;Gutschrift Hofladen Sörenberg GmbH Käseverkauf;
URS-001079;CH1200778010203040506;2025-07-08;2025-07-08;179.30;CHF;DBIT;PMNT-CCRD-POSD;Games Workshop Luzern;;;Einkauf Games Workshop Luzern Luzern Karte xxxx 4821;5945
URS-001080;CH1200778010203040506;2025-07-08;2025-07-08;65.00;CHF;DBIT;PMNT-IDDT-ESDD;Salt Mobile SA;;;LSV Salt Abo;
URS-001081;CH1200778010203040506;2025-07-09;2025-07-09;49.00;CHF;DBIT;PMNT-IDDT-ESDD;Swisscom (Schweiz) AG;;;LSV blue TV;
URS-001082;CH1200778010203040506;2025-07-10;2025-07-10;158.10;CHF;DBIT;PMNT-CCRD-POSD;Games Workshop Luzern;;;Einkauf Games Workshop Luzern Luzern Karte xxxx 4821;5945
URS-001083;CH1200778010203040506;2025-07-10;2025-07-10;105.00;CHF;DBIT;PMNT-CCRD-POSD;Migros;;;Einkauf Migros Luzern Karte xxxx 4821;5411
URS-001084;CH1200778010203040506;2025-07-10;2025-07-10;81.45;CHF;DBIT;PMNT-CCRD-POSD;Wirtshaus Galliker;;;Einkauf Wirtshaus Galliker Luzern Karte xxxx 4821;5812
URS-001085;CH1200778010203040506;2025-07-10;2025-07-10;62.20;CHF;DBIT;PMNT-CCRD-POSD;Coop;;;Einkauf Coop Luzern Karte xxxx 4821;5411
URS-001086;CH1200778010203040506;2025-07-11;2025-07-11;180.00;CHF;DBIT;PMNT-CCRD-CWDL;;;;Bargeldbezug Postomat Luzern Bahnhof Karte xxxx 4821;6011
URS-001087;CH1200778010203040506;2025-07-11;2025-07-11;175.05;CHF;CRDT;PMNT-RCDT-DMCT;Hofladen Sörenberg GmbH;;;Gutschrift Hofladen Sörenberg GmbH Käseverkauf;
URS-001088;CH1200778010203040506;2025-07-14;2025-07-14;549.00;CHF;DBIT;PMNT-ICDT-DMCT;Himalaya Käse Import GmbH;;;Zahlung Rechnung Yak-Käse Lieferung;
URS-001089;CH1200778010203040506;2025-07-14;2025-07-14;89.85;CHF;DBIT;PMNT-CCRD-POSD;Globus;;;Einkauf Globus Luzern Karte xxxx 4821;5651
URS-001090;CH1200778010203040506;2025-07-14;2025-07-14;53.70;CHF;DBIT;PMNT-CCRD-POSD;Old Swiss House;;;Einkauf Old Swiss House Luzern Karte xxxx 4821;5812
URS-001091;CH1200778010203040506;2025-07-14;2025-07-14;46.40;CHF;DBIT;PMNT-CCRD-POSD;Globus Delicatessa;;;Einkauf Globus Delicatessa Luzern Karte xxxx 4821;5411
URS-001092;CH1200778010203040506;2025-07-14;2025-07-14;43.45;CHF;DBIT;PMNT-CCRD-POSD;Old Swiss House;;;Einkauf Old Swiss House Luzern Karte xxxx 4821;5812
URS-001093;CH1200778010203040506;2025-07-14;2025-07-14;120.65;CHF;CRDT;PMNT-RCDT-DMCT;Marktkasse Wochenmarkt Luzern;;;Gutschrift Marktkasse Wochenmarkt Luzern Käseverkauf;
URS-001094;CH1200778010203040506;2025-07-15;2025-07-15;180.95;CHF;CRDT;PMNT-RCDT-DMCT;Hofladen Sörenberg GmbH;;;Gutschrift Hofladen Sörenberg GmbH Käseverkauf;
URS-001095;CH1200778010203040506;2025-07-16;2025-07-16;114.20;CHF;DBIT;PMNT-CCRD-POSD;Avia Tankstelle;;;Einkauf Avia Tankstelle Luzern Karte xxxx 4821;5541
URS-001096;CH1200778010203040506;2025-07-17;2025-07-17;588.80;CHF;DBIT;PMNT-CCRD-POSD;Globus Delicatessa;;;Einkauf Globus Delicatessa Luzern Karte xxxx 4821;5411
URS-001097;CH1200778010203040506;2025-07-18;2025-07-18;365.65;CHF;DBIT;PMNT-IDDT-ESDD;Swisscard AECS GmbH;;;Lastschrift Swisscard AECS GmbH Monatsrechnung 06/2025;
URS-001098;CH1200778010203040506;2025-07-18;2025-07-18;326.75;CHF;CRDT;PMNT-RCDT-DMCT;Hofladen Sörenberg GmbH;;;Gutschrift Hofladen Sörenberg GmbH Käseverkauf;
URS-001099;CH1200778010203040506;2025-07-21;2025-07-21;145.95;CHF;DBIT;PMNT-IDDT-ESDD;ewl energie wasser luzern;;;LSV Energie;
URS-001100;CH1200778010203040506;2025-07-21;2025-07-21;140.00;CHF;DBIT;PMNT-CCRD-CWDL;;;;Bargeldbezug Bancomat LUKB Schwanenplatz Karte xxxx 4821;6011
URS-001101;CH1200778010203040506;2025-07-21;2025-07-21;108.00;CHF;DBIT;PMNT-CCRD-POSD;BP Tankstelle;;;Einkauf BP Tankstelle Luzern Karte xxxx 4821;5541
URS-001102;CH1200778010203040506;2025-07-21;2025-07-21;42.30;CHF;DBIT;PMNT-ICDT-ESCT;;;;TWINT *Sende an Laura Zimmermann;
URS-001103;CH1200778010203040506;2025-07-21;2025-07-21;321.03;CHF;CRDT;PMNT-RCDT-DMCT;Sanitas Grundversicherungen AG;;;Gutschrift Sanitas Grundversicherungen AG Leistungsabrechnung;
URS-001104;CH1200778010203040506;2025-07-23;2025-07-23;97.35;CHF;DBIT;PMNT-CCRD-POSD;BP Tankstelle;;;Einkauf BP Tankstelle Luzern Karte xxxx 4821;5541
URS-001105;CH1200778010203040506;2025-07-23;2025-07-23;89.00;CHF;DBIT;PMNT-CCRD-POSD;Tankstelle Hafen Luzern;;;Einkauf Tankstelle Hafen Luzern Bootsbenzin Karte xxxx 2210;
URS-001106;CH1200778010203040506;2025-07-25;2025-07-25;48.45;CHF;DBIT;PMNT-CCRD-POSD;Migros;;;Einkauf Migros Luzern Karte xxxx 4821;5411
URS-001107;CH1200778010203040506;2025-07-25;2025-07-25;10643.56;CHF;CRDT;PMNT-RCDT-SALA;Schindler Aufzüge AG;CH9300762011623852333;;Gutschrift Salär Juli 2025;
URS-001108;CH1200778010203040506;2025-07-28;2025-07-28;2300.00;CHF;DBIT;PMNT-ICDT-STDO;Steueramt der Stadt Luzern;;;Dauerauftrag Steuern Rate;
URS-001109;CH1200778010203040506;2025-07-28;2025-07-28;1000.00;CHF;DBIT;PMNT-ICDT-BOOK;;CH3400778010203040599;;Übertrag Sparkonto;
URS-001110;CH1200778010203040506;2025-07-28;2025-07-28;605.00;CHF;DBIT;PMNT-ICDT-STDO;Frankly Vorsorgestiftung 3a;;;Dauerauftrag Säule 3a;
URS-001111;CH1200778010203040506;2025-07-28;2025-07-28;197.80;CHF;DBIT;PMNT-CCRD-POSD;Galaxus;;;Einkauf Galaxus Luzern Karte xxxx 4821;5651
URS-001112;CH1200778010203040506;2025-07-28;2025-07-28;64.65;CHF;CRDT;PMNT-RCDT-ESCT;;;;TWINT *Empfangen von Laura Zimmermann;
URS-001113;CH3400778010203040599;2025-07-28;2025-07-28;1000.00;CHF;CRDT;PMNT-RCDT-BOOK;;CH1200778010203040506;;Übertrag Sparkonto;
URS-001114;CH1200778010203040506;2025-08-01;2025-08-01;2650.00;CHF;DBIT;PMNT-ICDT-STDO;Allgemeine Baugenossenschaft Luzern;;;Dauerauftrag Miete Haldenstrasse;
URS-001115;CH1200778010203040506;2025-08-01;2025-08-01;900.00;CHF;DBIT;PMNT-ICDT-STDO;Zimmermann Laura;;;Dauerauftrag Unterhalt Laura;
URS-001116;CH1200778010203040506;2025-08-01;2025-08-01;54.50;CHF;DBIT;PMNT-CCRD-POSD;Manor Food;;;Einkauf Manor Food Luzern Karte xxxx 4821;5411
URS-001117;CH1200778010203040506;2025-08-04;2025-08-04;160.00;CHF;DBIT;PMNT-CCRD-CWDL;;;;Bargeldbezug Postomat Luzern Bahnhof Karte xxxx 4821;6011
URS-001118;CH1200778010203040506;2025-08-04;2025-08-04;62.95;CHF;DBIT;PMNT-CCRD-POSD;Manor Food;;;Einkauf Manor Food Luzern Karte xxxx 4821;5411
URS-001119;CH1200778010203040506;2025-08-04;2025-08-04;56.55;CHF;DBIT;PMNT-CCRD-POSD;Wirtshaus Galliker;;;Einkauf Wirtshaus Galliker Luzern Karte xxxx 4821;5812
URS-001120;CH1200778010203040506;2025-08-05;2025-08-05;518.00;CHF;DBIT;PMNT-IDDT-ESDD;Sanitas Grundversicherungen AG;;;LSV Prämie Grundversicherung;
URS-001121;CH1200778010203040506;2025-08-05;2025-08-05;180.00;CHF;DBIT;PMNT-CCRD-CWDL;;;;Bargeldbezug Postomat Luzern Bahnhof Karte xxxx 4821;6011
URS-001122;CH1200778010203040506;2025-08-05;2025-08-05;145.55;CHF;DBIT;PMNT-CCRD-POSD;Wirtshaus Galliker;;;Einkauf Wirtshaus Galliker Luzern Karte xxxx 4821;5812
URS-001123;CH1200778010203040506;2025-08-06;2025-08-06;95.90;CHF;DBIT;PMNT-CCRD-POSD;Migros;;;Einkauf Migros Luzern Karte xxxx 4821;5411
URS-001124;CH1200778010203040506;2025-08-06;2025-08-06;27.60;CHF;DBIT;PMNT-CCRD-POSD;Fantasywelt Luzern;;;Einkauf Fantasywelt Luzern Luzern Karte xxxx 4821;5945
URS-001125;CH1200778010203040506;2025-08-07;2025-08-07;153.70;CHF;CRDT;PMNT-RCDT-DMCT;Marktkasse Wochenmarkt Luzern;;;Gutschrift Marktkasse Wochenmarkt Luzern Käseverkauf;
URS-001126;CH1200778010203040506;2025-08-08;2025-08-08;117.65;CHF;DBIT;PMNT-CCRD-POSD;Games Workshop Luzern;;;Einkauf Games Workshop Luzern Luzern Karte xxxx 4821;5945
URS-001127;CH1200778010203040506;2025-08-08;2025-08-08;83.65;CHF;DBIT;PMNT-CCRD-POSD;Jelmoli;;;Einkauf Jelmoli Luzern Karte xxxx 4821;5651
URS-001128;CH1200778010203040506;2025-08-08;2025-08-08;65.00;CHF;DBIT;PMNT-IDDT-ESDD;Salt Mobile SA;;;LSV Salt Abo;
URS-001129;CH1200778010203040506;2025-08-11;2025-08-11;126.60;CHF;DBIT;PMNT-CCRD-POSD;Games Workshop Luzern;;;Einkauf Games Workshop Luzern Luzern Karte xxxx 4821;5945
URS-001130;CH1200778010203040506;2025-08-11;2025-08-11;49.00;CHF;DBIT;PMNT-IDDT-ESDD;Swisscom (Schweiz) AG;;;LSV blue TV;
URS-001131;CH1200778010203040506;2025-08-11;2025-08-11;27.50;CHF;DBIT;PMNT-CCRD-POSD;Manor Food;;;Einkauf Manor Food Luzern Karte xxxx 4821;5411
URS-001132;CH1200778010203040506;2025-08-12;2025-08-12;260.00;CHF;DBIT;PMNT-CCRD-CWDL;;;;Bargeldbezug Postomat Luzern Bahnhof Karte xxxx 4821;6011
URS-001133;CH1200778010203040506;2025-08-12;2025-08-12;71.20;CHF;DBIT;PMNT-CCRD-POSD;Coop;;;Einkauf Coop Luzern Karte xxxx 4821;5411
URS-001134;CH1200778010203040506;2025-08-12;2025-08-12;121.45;CHF;CRDT;PMNT-RCDT-DMCT;Marktkasse Wochenmarkt Luzern;;;Gutschrift Marktkasse Wochenmarkt Luzern Käseverkauf;
URS-001135;CH1200778010203040506;2025-08-14;2025-08-14;279.65;CHF;DBIT;PMNT-ICDT-DMCT;Himalaya Käse Import GmbH;;;Zahlung Rechnung Yak-Käse Lieferung;
URS-001136;CH1200778010203040506;2025-08-18;2025-08-18;142.20;CHF;DBIT;PMNT-IDDT-ESDD;Swisscard AECS GmbH;;;Lastschrift Swisscard AECS GmbH Monatsrechnung 07/2025;
URS-001137;CH1200778010203040506;2025-08-18;2025-08-18;79.15;CHF;DBIT;PMNT-CCRD-POSD;Manor Food;;;Einkauf Manor Food Luzern Karte xxxx 4821;5411
URS-001138;CH1200778010203040506;2025-08-18;2025-08-18;41.25;CHF;DBIT;PMNT-CCRD-POSD;Manor Food;;;Einkauf Manor Food Luzern Karte xxxx 4821;5411
URS-001139;CH1200778010203040506;2025-08-18;2025-08-18;1154.90;CHF;CRDT;PMNT-RCDT-DMCT;Marktkasse Wochenmarkt Luzern;;;Gutschrift Marktkasse Wochenmarkt Luzern Käseverkauf;
URS-001140;CH1200778010203040506;2025-08-19;2025-08-19;57.50;CHF;DBIT;PMNT-CCRD-POSD;Wirtshaus Galliker;;;Einkauf Wirtshaus Galliker Luzern Karte xxxx 4821;5812
URS-001141;CH1200778010203040506;2025-08-19;2025-08-19;314.45;CHF;CRDT;PMNT-RCDT-DMCT;Hofladen Sörenberg GmbH;;;Gutschrift Hofladen Sörenberg GmbH Käseverkauf;
URS-001142;CH1200778010203040506;2025-08-20;2025-08-20;65.95;CHF;DBIT;PMNT-ICDT-ESCT;;;;TWINT *Sende an Laura Zimmermann;
URS-001143;CH1200778010203040506;2025-08-22;2025-08-22;71.95;CHF;DBIT;PMNT-CCRD-POSD;Manor Food;;;Einkauf Manor Food Luzern Karte xxxx 4821;5411
URS-001144;CH1200778010203040506;2025-08-22;2025-08-22;42.00;CHF;DBIT;PMNT-CCRD-POSD;Hotel Schweizerhof Restaurant;;;Einkauf Hotel Schweizerhof Restaurant Luzern Karte xxxx 4821;5812
URS-001145;CH1200778010203040506;2025-08-22;2025-08-22;262.50;CHF;CRDT;PMNT-RCDT-DMCT;Marktkasse Wochenmarkt Luzern;;;Gutschrift Marktkasse Wochenmarkt Luzern Käseverkauf;
URS-001146;CH1200778010203040506;2025-08-25;2025-08-25;320.00;CHF;DBIT;PMNT-CCRD-CWDL;;;;Bargeldbezug Postomat Luzern Bahnhof Karte xxxx 4821;6011
URS-001147;CH1200778010203040506;2025-08-25;2025-08-25;133.65;CHF;DBIT;PMNT-CCRD-POSD;Galaxus;;;Einkauf Galaxus Luzern Karte xxxx 4821;5651
URS-001148;CH1200778010203040506;2025-08-25;2025-08-25;75.45;CHF;DBIT;PMNT-CCRD-POSD;Games Workshop Luzern;;;Einkauf Games Workshop Luzern Luzern Karte xxxx 4821;5945
URS-001149;CH1200778010203040506;2025-08-25;2025-08-25;33.95;CHF;DBIT;PMNT-CCRD-POSD;Manor Food;;;Einkauf Manor Food Luzern Karte xxxx 4821;5411
URS-001150;CH1200778010203040506;2025-08-25;2025-08-25;144.80;CHF;CRDT;PMNT-RCDT-DMCT;Hofladen Sörenberg GmbH;;;Gutschrift Hofladen Sörenberg GmbH Käseverkauf;
URS-001151;CH1200778010203040506;2025-08-25;2025-08-25;260.70;CHF;CRDT;PMNT-RCDT-DMCT;Marktkasse Wochenmarkt Luzern;;;Gutschrift Marktkasse Wochenmarkt Luzern Käseverkauf;
URS-001152;CH1200778010203040506;2025-08-25;2025-08-25;10643.56;CHF;CRDT;PMNT-RCDT-SALA;Schindler Aufzüge AG;CH9300762011623852333;;Gutschrift Salär August 2025;
URS-001153;CH1200778010203040506;2025-08-26;2025-08-26;1000.00;CHF;DBIT;PMNT-ICDT-BOOK;;CH3400778010203040599;;Übertrag Sparkonto;
URS-001154;CH3400778010203040599;2025-08-26;2025-08-26;1000.00;CHF;CRDT;PMNT-RCDT-BOOK;;CH1200778010203040506;;Übertrag Sparkonto;
URS-001155;CH1200778010203040506;2025-08-27;2025-08-27;605.00;CHF;DBIT;PMNT-ICDT-STDO;Frankly Vorsorgestiftung 3a;;;Dauerauftrag Säule 3a;
URS-001156;CH1200778010203040506;2025-08-27;2025-08-27;71.05;CHF;DBIT;PMNT-CCRD-POSD;Coop;;;Einkauf Coop Luzern Karte xxxx 4821;5411
URS-001157;CH1200778010203040506;2025-08-28;2025-08-28;2300.00;CHF;DBIT;PMNT-ICDT-STDO;Steueramt der Stadt Luzern;;;Dauerauftrag Steuern Rate;
URS-001158;CH1200778010203040506;2025-08-28;2025-08-28;148.95;CHF;DBIT;PMNT-CCRD-POSD;Tankstelle Hafen Luzern;;;Einkauf Tankstelle Hafen Luzern Bootsbenzin Karte xxxx 2210;
URS-001159;CH1200778010203040506;2025-08-28;2025-08-28;140.75;CHF;DBIT;PMNT-CCRD-POSD;Globus Delicatessa;;;Einkauf Globus Delicatessa Luzern Karte xxxx 4821;5411
URS-001160;CH1200778010203040506;2025-08-28;2025-08-28;46.35;CHF;DBIT;PMNT-CCRD-POSD;Hotel Schweizerhof Restaurant;;;Einkauf Hotel Schweizerhof Restaurant Luzern Karte xxxx 4821;5812
URS-001161;CH1200778010203040506;2025-09-01;2025-09-01;2650.00;CHF;DBIT;PMNT-ICDT-STDO;Allgemeine Baugenossenschaft Luzern;;;Dauerauftrag Miete Haldenstrasse;
URS-001162;CH1200778010203040506;2025-09-01;2025-09-01;900.00;CHF;DBIT;PMNT-ICDT-STDO;Zimmermann Laura;;;Dauerauftrag Unterhalt Laura;
URS-001163;CH1200778010203040506;2025-09-01;2025-09-01;250.40;CHF;DBIT;PMNT-CCRD-POSD;Games Workshop Luzern;;;Einkauf Games Workshop Luzern Luzern Karte xxxx 4821;5945
URS-001164;CH1200778010203040506;2025-09-01;2025-09-01;99.60;CHF;DBIT;PMNT-CCRD-POSD;Old Swiss House;;;Einkauf Old Swiss House Luzern Karte xxxx 4821;5812
URS-001165;CH1200778010203040506;2025-09-02;2025-09-02;220.00;CHF;DBIT;PMNT-CCRD-CWDL;;;;Bargeldbezug Bancomat LUKB Schwanenplatz Karte xxxx 4821;6011
URS-001166;CH1200778010203040506;2025-09-02;2025-09-02;135.40;CHF;DBIT;PMNT-CCRD-POSD;BP Tankstelle;;;Einkauf BP Tankstelle Luzern Karte xxxx 4821;5541
URS-001167;CH1200778010203040506;2025-09-03;2025-09-03;280.00;CHF;DBIT;PMNT-CCRD-CWDL;;;;Bargeldbezug Bancomat LUKB Schwanenplatz Karte xxxx 4821;6011
URS-001168;CH1200778010203040506;2025-09-03;2025-09-03;140.80;CHF;CRDT;PMNT-RCDT-DMCT;Marktkasse Wochenmarkt Luzern;;;Gutschrift Marktkasse Wochenmarkt Luzern Käseverkauf;
URS-001169;CH1200778010203040506;2025-09-03;2025-09-03;182.45;CHF;CRDT;PMNT-RCDT-DMCT;Marktkasse Wochenmarkt Luzern;;;Gutschrift Marktkasse Wochenmarkt Luzern Käseverkauf;
URS-001170;CH1200778010203040506;2025-09-04;2025-09-04;219.45;CHF;DBIT;PMNT-CCRD-POSD;Manor Food;;;Einkauf Manor Food Luzern Karte xxxx 4821;5411
URS-001171;CH1200778010203040506;2025-09-05;2025-09-05;518.00;CHF;DBIT;PMNT-IDDT-ESDD;Sanitas Grundversicherungen AG;;;LSV Prämie Grundversicherung;
URS-001172;CH1200778010203040506;2025-09-05;2025-09-05;63.05;CHF;DBIT;PMNT-CCRD-POSD;Hotel Schweizerhof Restaurant;;;Einkauf Hotel Schweizerhof Restaurant Luzern Karte xxxx 4821;5812
URS-001173;CH1200778010203040506;2025-09-08;2025-09-08;160.00;CHF;DBIT;PMNT-CCRD-CWDL;;;;Bargeldbezug Postomat Luzern Bahnhof Karte xxxx 4821;6011
URS-001174;CH1200778010203040506;2025-09-08;2025-09-08;65.00;CHF;DBIT;PMNT-IDDT-ESDD;Salt Mobile SA;;;LSV Salt Abo;
URS-001175;CH1200778010203040506;2025-09-08;2025-09-08;56.25;CHF;DBIT;PMNT-CCRD-POSD;Tankstelle Hafen Luzern;;;Einkauf Tankstelle Hafen Luzern Bootsbenzin Karte xxxx 2210;
URS-001176;CH1200778010203040506;2025-09-09;2025-09-09;49.00;CHF;DBIT;PMNT-IDDT-ESDD;Swisscom (Schweiz) AG;;;LSV blue TV;
URS-001177;CH1200778010203040506;2025-09-09;2025-09-09;415.40;CHF;CRDT;PMNT-RCDT-DMCT;Marktkasse Wochenmarkt Luzern;;;Gutschrift Marktkasse Wochenmarkt Luzern Käseverkauf;
URS-001178;CH1200778010203040506;2025-09-10;2025-09-10;95.70;CHF;DBIT;PMNT-CCRD-POSD;Manor Food;;;Einkauf Manor Food Luzern Karte xxxx 4821;5411
URS-001179;CH1200778010203040506;2025-09-10;2025-09-10;26.25;CHF;DBIT;PMNT-CCRD-POSD;Galaxus;;;Einkauf Galaxus Luzern Karte xxxx 4821;5651
URS-001180;CH1200778010203040506;2025-09-11;2025-09-11;63.85;CHF;DBIT;PMNT-CCRD-POSD;Manor Food;;;Einkauf Manor Food Luzern Karte xxxx 4821;5411
URS-001181;CH1200778010203040506;2025-09-11;2025-09-11;20.80;CHF;DBIT;PMNT-CCRD-POSD;Wirtshaus Galliker;;;Einkauf Wirtshaus Galliker Luzern Karte xxxx 4821;5812
URS-001182;CH1200778010203040506;2025-09-11;2025-09-11;116.95;CHF;CRDT;PMNT-RCDT-DMCT;Marktkasse Wochenmarkt Luzern;;;Gutschrift Marktkasse Wochenmarkt Luzern Käseverkauf;
URS-001183;CH1200778010203040506;2025-09-12;2025-09-12;220.00;CHF;DBIT;PMNT-CCRD-CWDL;;;;Bargeldbezug Postomat Luzern Bahnhof Karte xxxx 4821;6011
URS-001184;CH1200778010203040506;2025-09-12;2025-09-12;141.70;CHF;CRDT;PMNT-RCDT-ESCT;;;;TWINT *Empfangen von Laura Zimmermann;
URS-001185;CH1200778010203040506;2025-09-15;2025-09-15;307.70;CHF;DBIT;PMNT-ICDT-DMCT;Himalaya Käse Import GmbH;;;Zahlung Rechnung Yak-Käse Lieferung;
URS-001186;CH1200778010203040506;2025-09-15;2025-09-15;134.40;CHF;DBIT;PMNT-CCRD-POSD;Globus;;;Einkauf Globus Luzern Karte xxxx 4821;5651
URS-001187;CH1200778010203040506;2025-09-15;2025-09-15;106.90;CHF;DBIT;PMNT-CCRD-POSD;Old Swiss House;;;Einkauf Old Swiss House Luzern Karte xxxx 4821;5812
URS-001188;CH1200778010203040506;2025-09-15;2025-09-15;89.35;CHF;DBIT;PMNT-CCRD-POSD;Tankstelle Hafen Luzern;;;Einkauf Tankstelle Hafen Luzern Bootsbenzin Karte xxxx 2210;
URS-001189;CH1200778010203040506;2025-09-15;2025-09-15;58.90;CHF;DBIT;PMNT-CCRD-POSD;Wirtshaus Galliker;;;Einkauf Wirtshaus Galliker Luzern Karte xxxx 4821;5812
URS-001190;CH1200778010203040506;2025-09-15;2025-09-15;31.25;CHF;DBIT;PMNT-CCRD-POSD;Coop;;;Einkauf Coop Luzern Karte xxxx 4821;5411
URS-001191;CH1200778010203040506;2025-09-15;2025-09-15;106.00;CHF;CRDT;PMNT-RCDT-DMCT;Marktkasse Wochenmarkt Luzern;;;Gutschrift Marktkasse Wochenmarkt Luzern Käseverkauf;
URS-001192;CH1200778010203040506;2025-09-18;2025-09-18;4145.60;CHF;DBIT;PMNT-IDDT-ESDD;Swisscard AECS GmbH;;;Lastschrift Swisscard AECS GmbH Monatsrechnung 08/2025;
URS-001193;CH1200778010203040506;2025-09-23;2025-09-23;98.45;CHF;DBIT;PMNT-CCRD-POSD;Tankstelle Hafen Luzern;;;Einkauf Tankstelle Hafen Luzern Bootsbenzin Karte xxxx 2210;
URS-001194;CH1200778010203040506;2025-09-23;2025-09-23;36.65;CHF;DBIT;PMNT-CCRD-POSD;Globus Delicatessa;;;Einkauf Globus Delicatessa Luzern Karte xxxx 4821;5411
URS-001195;CH1200778010203040506;2025-09-23;2025-09-23;37.20;CHF;CRDT;PMNT-RCDT-ESCT;;;;TWINT *Empfangen von Laura Zimmermann;
URS-001196;CH1200778010203040506;2025-09-24;2025-09-24;183.70;CHF;DBIT;PMNT-CCRD-POSD;Jelmoli;;;Einkauf Jelmoli Luzern Karte xxxx 4821;5651
URS-001197;CH1200778010203040506;2025-09-24;2025-09-24;362.90;CHF;CRDT;PMNT-RCDT-DMCT;Marktkasse Wochenmarkt Luzern;;;Gutschrift Marktkasse Wochenmarkt Luzern Käseverkauf;
URS-001198;CH1200778010203040506;2025-09-25;2025-09-25;10643.56;CHF;CRDT;PMNT-RCDT-SALA;Schindler Aufzüge AG;CH9300762011623852333;;Gutschrift Salär September 2025;
URS-001199;CH1200778010203040506;2025-09-26;2025-09-26;1000.00;CHF;DBIT;PMNT-ICDT-BOOK;;CH3400778010203040599;;Übertrag Sparkonto;
URS-001200;CH1200778010203040506;2025-09-26;2025-09-26;50.20;CHF;DBIT;PMNT-CCRD-POSD;Globus Delicatessa;;;Einkauf Globus Delicatessa Luzern Karte xxxx 4821;5411
URS-001201;CH1200778010203040506;2025-09-26;2025-09-26;316.90;CHF;CRDT;PMNT-RCDT-DMCT;Hofladen Sörenberg GmbH;;;Gutschrift Hofladen Sörenberg GmbH Käseverkauf;
URS-001202;CH3400778010203040599;2025-09-26;2025-09-26;1000.00;CHF;CRDT;PMNT-RCDT-BOOK;;CH1200778010203040506;;Übertrag Sparkonto;
URS-001203;CH1200778010203040506;2025-09-29;2025-09-29;2300.00;CHF;DBIT;PMNT-ICDT-STDO;Steueramt der Stadt Luzern;;;Dauerauftrag Steuern Rate;
URS-001204;CH1200778010203040506;2025-09-29;2025-09-29;605.00;CHF;DBIT;PMNT-ICDT-STDO;Frankly Vorsorgestiftung 3a;;;Dauerauftrag Säule 3a;
URS-001205;CH1200778010203040506;2025-09-29;2025-09-29;142.95;CHF;DBIT;PMNT-CCRD-POSD;Tankstelle Hafen Luzern;;;Einkauf Tankstelle Hafen Luzern Bootsbenzin Karte xxxx 2210;
URS-001206;CH1200778010203040506;2025-09-29;2025-09-29;76.30;CHF;DBIT;PMNT-CCRD-POSD;Globus Delicatessa;;;Einkauf Globus Delicatessa Luzern Karte xxxx 4821;5411
URS-001207;CH1200778010203040506;2025-10-01;2025-10-01;2650.00;CHF;DBIT;PMNT-ICDT-STDO;Allgemeine Baugenossenschaft Luzern;;;Dauerauftrag Miete Haldenstrasse;
URS-001208;CH1200778010203040506;2025-10-01;2025-10-01;900.00;CHF;DBIT;PMNT-ICDT-STDO;Zimmermann Laura;;;Dauerauftrag Unterhalt Laura;
URS-001209;CH1200778010203040506;2025-10-02;2025-10-02;118.25;CHF;DBIT;PMNT-CCRD-POSD;BP Tankstelle;;;Einkauf BP Tankstelle Luzern Karte xxxx 4821;5541
URS-001210;CH1200778010203040506;2025-10-03;2025-10-03;56.90;CHF;DBIT;PMNT-CCRD-POSD;Coop;;;Einkauf Coop Luzern Karte xxxx 4821;5411
URS-001211;CH1200778010203040506;2025-10-06;2025-10-06;518.00;CHF;DBIT;PMNT-IDDT-ESDD;Sanitas Grundversicherungen AG;;;LSV Prämie Grundversicherung;
URS-001212;CH1200778010203040506;2025-10-06;2025-10-06;86.00;CHF;DBIT;PMNT-CCRD-POSD;Games Workshop Luzern;;;Einkauf Games Workshop Luzern Luzern Karte xxxx 4821;5945
URS-001213;CH1200778010203040506;2025-10-06;2025-10-06;85.50;CHF;CRDT;PMNT-RCDT-DMCT;Hofladen Sörenberg GmbH;;;Gutschrift Hofladen Sörenberg GmbH Käseverkauf;
URS-001214;CH1200778010203040506;2025-10-08;2025-10-08;300.00;CHF;DBIT;PMNT-CCRD-CWDL;;;;Bargeldbezug Bancomat LUKB Schwanenplatz Karte xxxx 4821;6011
URS-001215;CH1200778010203040506;2025-10-08;2025-10-08;65.00;CHF;DBIT;PMNT-IDDT-ESDD;Salt Mobile SA;;;LSV Salt Abo;
URS-001216;CH1200778010203040506;2025-10-09;2025-10-09;49.00;CHF;DBIT;PMNT-IDDT-ESDD;Swisscom (Schweiz) AG;;;LSV blue TV;
URS-001217;CH1200778010203040506;2025-10-09;2025-10-09;260.85;CHF;CRDT;PMNT-RCDT-DMCT;Hofladen Sörenberg GmbH;;;Gutschrift Hofladen Sörenberg GmbH Käseverkauf;
URS-001218;CH1200778010203040506;2025-10-10;2025-10-10;340.00;CHF;DBIT;PMNT-CCRD-CWDL;;;;Bargeldbezug Postomat Luzern Bahnhof Karte xxxx 4821;6011
URS-001219;CH1200778010203040506;2025-10-10;2025-10-10;102.30;CHF;DBIT;PMNT-CCRD-POSD;Shell;;;Einkauf Shell Luzern Karte xxxx 4821;5541
URS-001220;CH1200778010203040506;2025-10-13;2025-10-13;119.35;CHF;DBIT;PMNT-CCRD-POSD;BP Tankstelle;;;Einkauf BP Tankstelle Luzern Karte xxxx 4821;5541
URS-001221;CH1200778010203040506;2025-10-13;2025-10-13;114.15;CHF;DBIT;PMNT-CCRD-POSD;Migros;;;Einkauf Migros Luzern Karte xxxx 4821;5411
URS-001222;CH1200778010203040506;2025-10-13;2025-10-13;59.25;CHF;DBIT;PMNT-CCRD-POSD;Manor Food;;;Einkauf Manor Food Luzern Karte xxxx 4821;5411
URS-001223;CH1200778010203040506;2025-10-13;2025-10-13;48.45;CHF;DBIT;PMNT-CCRD-POSD;Manor Food;;;Einkauf Manor Food Luzern Karte xxxx 4821;5411
URS-001224;CH1200778010203040506;2025-10-13;2025-10-13;36.50;CHF;DBIT;PMNT-CCRD-POSD;Wirtshaus Galliker;;;Einkauf Wirtshaus Galliker Luzern Karte xxxx 4821;5812
URS-001225;CH1200778010203040506;2025-10-13;2025-10-13;27.15;CHF;DBIT;PMNT-CCRD-POSD;Coop;;;Einkauf Coop Luzern Karte xxxx 4821;5411
URS-001226;CH1200778010203040506;2025-10-14;2025-10-14;378.90;CHF;DBIT;PMNT-ICDT-DMCT;Himalaya Käse Import GmbH;;;Zahlung Rechnung Yak-Käse Lieferung;
URS-001227;CH1200778010203040506;2025-10-14;2025-10-14;30.25;CHF;DBIT;PMNT-ICDT-ESCT;;;;TWINT *Sende an Laura Zimmermann;
URS-001228;CH1200778010203040506;2025-10-14;2025-10-14;83.35;CHF;CRDT;PMNT-RCDT-DMCT;Hofladen Sörenberg GmbH;;;Gutschrift Hofladen Sörenberg GmbH Käseverkauf;
URS-001229;CH1200778010203040506;2025-10-16;2025-10-16;95.65;CHF;DBIT;PMNT-CCRD-POSD;Shell;;;Einkauf Shell Luzern Karte xxxx 4821;5541
URS-001230;CH1200778010203040506;2025-10-16;2025-10-16;152.10;CHF;CRDT;PMNT-RCDT-DMCT;Hofladen Sörenberg GmbH;;;Gutschrift Hofladen Sörenberg GmbH Käseverkauf;
URS-001231;CH1200778010203040506;2025-10-17;2025-10-17;51.05;CHF;DBIT;PMNT-CCRD-POSD;Coop;;;Einkauf Coop Luzern Karte xxxx 4821;5411
URS-001232;CH1200778010203040506;2025-10-20;2025-10-20;1900.00;CHF;DBIT;PMNT-ICDT-DMCT;Bootswerft Kehrsiten AG;;;Zahlung Rechnung Winterlager Boot;
URS-001233;CH1200778010203040506;2025-10-20;2025-10-20;186.85;CHF;DBIT;PMNT-IDDT-ESDD;Swisscard AECS GmbH;;;Lastschrift Swisscard AECS GmbH Monatsrechnung 09/2025;
URS-001234;CH1200778010203040506;2025-10-20;2025-10-20;135.00;CHF;DBIT;PMNT-IDDT-ESDD;ewl energie wasser luzern;;;LSV Energie;
URS-001235;CH1200778010203040506;2025-10-20;2025-10-20;113.35;CHF;DBIT;PMNT-CCRD-POSD;Shell;;;Einkauf Shell Luzern Karte xxxx 4821;5541
URS-001236;CH1200778010203040506;2025-10-20;2025-10-20;91.75;CHF;DBIT;PMNT-CCRD-POSD;BP Tankstelle;;;Einkauf BP Tankstelle Luzern Karte xxxx 4821;5541
URS-001237;CH1200778010203040506;2025-10-20;2025-10-20;75.45;CHF;DBIT;PMNT-ICDT-ESCT;;;;TWINT *Sende an Laura Zimmermann;
URS-001238;CH1200778010203040506;2025-10-20;2025-10-20;26.95;CHF;DBIT;PMNT-CCRD-POSD;Manor Food;;;Einkauf Manor Food Luzern Karte xxxx 4821;5411
URS-001239;CH1200778010203040506;2025-10-20;2025-10-20;26.90;CHF;DBIT;PMNT-CCRD-POSD;Coop;;;Einkauf Coop Luzern Karte xxxx 4821;5411
URS-001240;CH1200778010203040506;2025-10-21;2025-10-21;138.80;CHF;DBIT;PMNT-CCRD-POSD;Shell;;;Einkauf Shell Luzern Karte xxxx 4821;5541
URS-001241;CH1200778010203040506;2025-10-21;2025-10-21;106.70;CHF;DBIT;PMNT-CCRD-POSD;Avia Tankstelle;;;Einkauf Avia Tankstelle Luzern Karte xxxx 4821;5541
URS-001242;CH1200778010203040506;2025-10-21;2025-10-21;159.95;CHF;CRDT;PMNT-RCDT-DMCT;Hofladen Sörenberg GmbH;;;Gutschrift Hofladen Sörenberg GmbH Käseverkauf;
URS-001243;CH1200778010203040506;2025-10-22;2025-10-22;103.25;CHF;DBIT;PMNT-CCRD-POSD;Wirtshaus Galliker;;;Einkauf Wirtshaus Galliker Luzern Karte xxxx 4821;5812
URS-001244;CH1200778010203040506;2025-10-22;2025-10-22;82.60;CHF;DBIT;PMNT-CCRD-POSD;Shell;;;Einkauf Shell Luzern Karte xxxx 4821;5541
URS-001245;CH1200778010203040506;2025-10-23;2025-10-23;67.35;CHF;DBIT;PMNT-CCRD-POSD;Coop;;;Einkauf Coop Luzern Karte xxxx 4821;5411
URS-001246;CH1200778010203040506;2025-10-24;2025-10-24;133.05;CHF;DBIT;PMNT-CCRD-POSD;Wirtshaus Galliker;;;Einkauf Wirtshaus Galliker Luzern Karte xxxx 4821;5812
URS-001247;CH1200778010203040506;2025-10-27;2025-10-27;1000.00;CHF;DBIT;PMNT-ICDT-BOOK;;CH3400778010203040599;;Übertrag Sparkonto;
URS-001248;CH1200778010203040506;2025-10-27;2025-10-27;605.00;CHF;DBIT;PMNT-ICDT-STDO;Frankly Vorsorgestiftung 3a;;;Dauerauftrag Säule 3a;
URS-001249;CH1200778010203040506;2025-10-27;2025-10-27;112.20;CHF;DBIT;PMNT-CCRD-POSD;Wirtshaus Galliker;;;Einkauf Wirtshaus Galliker Luzern Karte xxxx 4821;5812
URS-001250;CH1200778010203040506;2025-10-27;2025-10-27;27.60;CHF;DBIT;PMNT-CCRD-POSD;Wirtshaus Galliker;;;Einkauf Wirtshaus Galliker Luzern Karte xxxx 4821;5812
URS-001251;CH1200778010203040506;2025-10-27;2025-10-27;103.55;CHF;CRDT;PMNT-RCDT-DMCT;Marktkasse Wochenmarkt Luzern;;;Gutschrift Marktkasse Wochenmarkt Luzern Käseverkauf;
URS-001252;CH1200778010203040506;2025-10-27;2025-10-27;215.40;CHF;CRDT;PMNT-RCDT-DMCT;Hofladen Sörenberg GmbH;;;Gutschrift Hofladen Sörenberg GmbH Käseverkauf;
URS-001253;CH1200778010203040506;2025-10-27;2025-10-27;10643.56;CHF;CRDT;PMNT-RCDT-SALA;Schindler Aufzüge AG;CH9300762011623852333;;Gutschrift Salär Oktober 2025;
URS-001254;CH3400778010203040599;2025-10-27;2025-10-27;1000.00;CHF;CRDT;PMNT-RCDT-BOOK;;CH1200778010203040506;;Übertrag Sparkonto;
URS-001255;CH1200778010203040506;2025-10-28;2025-10-28;2300.00;CHF;DBIT;PMNT-ICDT-STDO;Steueramt der Stadt Luzern;;;Dauerauftrag Steuern Rate;
URS-001256;CH1200778010203040506;2025-10-28;2025-10-28;244.55;CHF;DBIT;PMNT-CCRD-POSD;Hotel Schweizerhof Restaurant;;;Einkauf Hotel Schweizerhof Restaurant Luzern Karte xxxx 4821;5812
URS-001257;CH1200778010203040506;2025-10-28;2025-10-28;130.05;CHF;DBIT;PMNT-CCRD-POSD;BP Tankstelle;;;Einkauf BP Tankstelle Luzern Karte xxxx 4821;5541
URS-001258;CH1200778010203040506;2025-10-28;2025-10-28;127.95;CHF;DBIT;PMNT-CCRD-POSD;Migros;;;Einkauf Migros Luzern Karte xxxx 4821;5411
URS-001259;CH1200778010203040506;2025-10-28;2025-10-28;57.05;CHF;DBIT;PMNT-CCRD-POSD;Globus Delicatessa;;;Einkauf Globus Delicatessa Luzern Karte xxxx 4821;5411
URS-001260;CH1200778010203040506;2025-10-28;2025-10-28;52.05;CHF;DBIT;PMNT-CCRD-POSD;Old Swiss House;;;Einkauf Old Swiss House Luzern Karte xxxx 4821;5812
URS-001261;CH1200778010203040506;2025-11-03;2025-11-03;2650.00;CHF;DBIT;PMNT-ICDT-STDO;Allgemeine Baugenossenschaft Luzern;;;Dauerauftrag Miete Haldenstrasse;
URS-001262;CH1200778010203040506;2025-11-03;2025-11-03;900.00;CHF;DBIT;PMNT-ICDT-STDO;Zimmermann Laura;;;Dauerauftrag Unterhalt Laura;
URS-001263;CH1200778010203040506;2025-11-03;2025-11-03;115.75;CHF;DBIT;PMNT-CCRD-POSD;BP Tankstelle;;;Einkauf BP Tankstelle Luzern Karte xxxx 4821;5541
URS-001264;CH1200778010203040506;2025-11-03;2025-11-03;91.05;CHF;DBIT;PMNT-CCRD-POSD;Fantasywelt Luzern;;;Einkauf Fantasywelt Luzern Luzern Karte xxxx 4821;5945
URS-001265;CH1200778010203040506;2025-11-03;2025-11-03;87.20;CHF;DBIT;PMNT-CCRD-POSD;Coop;;;Einkauf Coop Luzern Karte xxxx 4821;5411
URS-001266;CH1200778010203040506;2025-11-03;2025-11-03;63.95;CHF;DBIT;PMNT-CCRD-POSD;Hotel Schweizerhof Restaurant;;;Einkauf Hotel Schweizerhof Restaurant Luzern Karte xxxx 4821;5812
URS-001267;CH1200778010203040506;2025-11-05;2025-11-05;518.00;CHF;DBIT;PMNT-IDDT-ESDD;Sanitas Grundversicherungen AG;;;LSV Prämie Grundversicherung;
URS-001268;CH1200778010203040506;2025-11-05;2025-11-05;63.65;CHF;DBIT;PMNT-CCRD-POSD;Wirtshaus Galliker;;;Einkauf Wirtshaus Galliker Luzern Karte xxxx 4821;5812
URS-001269;CH1200778010203040506;2025-11-06;2025-11-06;74.60;CHF;DBIT;PMNT-CCRD-POSD;Wirtshaus Galliker;;;Einkauf Wirtshaus Galliker Luzern Karte xxxx 4821;5812
URS-001270;CH1200778010203040506;2025-11-06;2025-11-06;34.10;CHF;DBIT;PMNT-CCRD-POSD;Migros;;;Einkauf Migros Luzern Karte xxxx 4821;5411
URS-001271;CH1200778010203040506;2025-11-06;2025-11-06;117.65;CHF;CRDT;PMNT-RCDT-DMCT;Marktkasse Wochenmarkt Luzern;;;Gutschrift Marktkasse Wochenmarkt Luzern Käseverkauf;
URS-001272;CH1200778010203040506;2025-11-07;2025-11-07;132.90;CHF;DBIT;PMNT-CCRD-POSD;Hotel Schweizerhof Restaurant;;;Einkauf Hotel Schweizerhof Restaurant Luzern Karte xxxx 4821;5812
URS-001273;CH1200778010203040506;2025-11-07;2025-11-07;99.25;CHF;DBIT;PMNT-CCRD-POSD;Manor Food;;;Einkauf Manor Food Luzern Karte xxxx 4821;5411
URS-001274;CH1200778010203040506;2025-11-07;2025-11-07;65.40;CHF;DBIT;PMNT-CCRD-POSD;Globus Delicatessa;;;Einkauf Globus Delicatessa Luzern Karte xxxx 4821;5411
URS-001275;CH1200778010203040506;2025-11-10;2025-11-10;65.00;CHF;DBIT;PMNT-IDDT-ESDD;Salt Mobile SA;;;LSV Salt Abo;
URS-001276;CH1200778010203040506;2025-11-10;2025-11-10;49.00;CHF;DBIT;PMNT-IDDT-ESDD;Swisscom (Schweiz) AG;;;LSV blue TV;
URS-001277;CH1200778010203040506;2025-11-10;2025-11-10;17.55;CHF;DBIT;PMNT-CCRD-POSD;Migros;;;Einkauf Migros Luzern Karte xxxx 4821;5411
URS-001278;CH1200778010203040506;2025-11-10;2025-11-10;111.65;CHF;CRDT;PMNT-RCDT-DMCT;Hofladen Sörenberg GmbH;;;Gutschrift Hofladen Sörenberg GmbH Käseverkauf;
URS-001279;CH1200778010203040506;2025-11-11;2025-11-11;52.85;CHF;DBIT;PMNT-CCRD-POSD;Globus Delicatessa;;;Einkauf Globus Delicatessa Luzern Karte xxxx 4821;5411
URS-001280;CH1200778010203040506;2025-11-12;2025-11-12;240.95;CHF;DBIT;PMNT-CCRD-POSD;Jelmoli;;;Einkauf Jelmoli Luzern Karte xxxx 4821;5651
URS-001281;CH1200778010203040506;2025-11-14;2025-11-14;300.50;CHF;DBIT;PMNT-ICDT-DMCT;Himalaya Käse Import GmbH;;;Zahlung Rechnung Yak-Käse Lieferung;
URS-001282;CH1200778010203040506;2025-11-14;2025-11-14;143.55;CHF;DBIT;PMNT-CCRD-POSD;Galaxus;;;Einkauf Galaxus Luzern Karte xxxx 4821;5651
URS-001283;CH1200778010203040506;2025-11-14;2025-11-14;104.75;CHF;DBIT;PMNT-CCRD-POSD;Globus Delicatessa;;;Einkauf Globus Delicatessa Luzern Karte xxxx 4821;5411
URS-001284;CH1200778010203040506;2025-11-14;2025-11-14;128.90;CHF;CRDT;PMNT-RCDT-DMCT;Hofladen Sörenberg GmbH;;;Gutschrift Hofladen Sörenberg GmbH Käseverkauf;
URS-001285;CH1200778010203040506;2025-11-17;2025-11-17;95.90;CHF;DBIT;PMNT-CCRD-POSD;Manor Food;;;Einkauf Manor Food Luzern Karte xxxx 4821;5411
URS-001286;CH1200778010203040506;2025-11-17;2025-11-17;92.35;CHF;DBIT;PMNT-CCRD-POSD;Coop;;;Einkauf Coop Luzern Karte xxxx 4821;5411
URS-001287;CH1200778010203040506;2025-11-17;2025-11-17;63.05;CHF;DBIT;PMNT-CCRD-POSD;Globus Delicatessa;;;Einkauf Globus Delicatessa Luzern Karte xxxx 4821;5411
URS-001288;CH1200778010203040506;2025-11-17;2025-11-17;60.40;CHF;DBIT;PMNT-CCRD-POSD;Hotel Schweizerhof Restaurant;;;Einkauf Hotel Schweizerhof Restaurant Luzern Karte xxxx 4821;5812
URS-001289;CH1200778010203040506;2025-11-17;2025-11-17;54.40;CHF;DBIT;PMNT-CCRD-POSD;Hotel Schweizerhof Restaurant;;;Einkauf Hotel Schweizerhof Restaurant Luzern Karte xxxx 4821;5812
URS-001290;CH1200778010203040506;2025-11-17;2025-11-17;44.10;CHF;DBIT;PMNT-CCRD-POSD;Fantasywelt Luzern;;;Einkauf Fantasywelt Luzern Luzern Karte xxxx 4821;5945
URS-001291;CH1200778010203040506;2025-11-17;2025-11-17;38.40;CHF;DBIT;PMNT-CCRD-POSD;Old Swiss House;;;Einkauf Old Swiss House Luzern Karte xxxx 4821;5812
URS-001292;CH1200778010203040506;2025-11-17;2025-11-17;179.95;CHF;CRDT;PMNT-RCDT-DMCT;Hofladen Sörenberg GmbH;;;Gutschrift Hofladen Sörenberg GmbH Käseverkauf;
URS-001293;CH1200778010203040506;2025-11-17;2025-11-17;322.25;CHF;CRDT;PMNT-RCDT-DMCT;Marktkasse Wochenmarkt Luzern;;;Gutschrift Marktkasse Wochenmarkt Luzern Käseverkauf;
URS-001294;CH1200778010203040506;2025-11-18;2025-11-18;147.10;CHF;DBIT;PMNT-IDDT-ESDD;Swisscard AECS GmbH;;;Lastschrift Swisscard AECS GmbH Monatsrechnung 10/2025;
URS-001295;CH1200778010203040506;2025-11-18;2025-11-18;46.15;CHF;DBIT;PMNT-CCRD-POSD;Globus Delicatessa;;;Einkauf Globus Delicatessa Luzern Karte xxxx 4821;5411
URS-001296;CH1200778010203040506;2025-11-21;2025-11-21;51.85;CHF;DBIT;PMNT-CCRD-POSD;Wirtshaus Galliker;;;Einkauf Wirtshaus Galliker Luzern Karte xxxx 4821;5812
URS-001297;CH1200778010203040506;2025-11-24;2025-11-24;139.15;CHF;DBIT;PMNT-ICDT-ESCT;;;;TWINT *Sende an Beat Wicki;
URS-001298;CH1200778010203040506;2025-11-24;2025-11-24;99.75;CHF;DBIT;PMNT-CCRD-POSD;Migros;;;Einkauf Migros Luzern Karte xxxx 4821;5411
URS-001299;CH1200778010203040506;2025-11-24;2025-11-24;52.25;CHF;DBIT;PMNT-CCRD-POSD;Hotel Schweizerhof Restaurant;;;Einkauf Hotel Schweizerhof Restaurant Luzern Karte xxxx 4821;5812
URS-001300;CH1200778010203040506;2025-11-24;2025-11-24;47.90;CHF;DBIT;PMNT-CCRD-POSD;Manor Food;;;Einkauf Manor Food Luzern Karte xxxx 4821;5411
URS-001301;CH1200778010203040506;2025-11-24;2025-11-24;38.30;CHF;DBIT;PMNT-CCRD-POSD;Migros;;;Einkauf Migros Luzern Karte xxxx 4821;5411
URS-001302;CH1200778010203040506;2025-11-24;2025-11-24;25.95;CHF;DBIT;PMNT-CCRD-POSD;Coop;;;Einkauf Coop Luzern Karte xxxx 4821;5411
URS-001303;CH1200778010203040506;2025-11-25;2025-11-25;175.45;CHF;DBIT;PMNT-CCRD-POSD;Hotel Schweizerhof Restaurant;;;Einkauf Hotel Schweizerhof Restaurant Luzern Karte xxxx 4821;5812
URS-001304;CH1200778010203040506;2025-11-25;2025-11-25;10643.56;CHF;CRDT;PMNT-RCDT-SALA;Schindler Aufzüge AG;CH9300762011623852333;;Gutschrift Salär November 2025;
URS-001305;CH1200778010203040506;2025-11-26;2025-11-26;1000.00;CHF;DBIT;PMNT-ICDT-BOOK;;CH3400778010203040599;;Übertrag Sparkonto;
URS-001306;CH3400778010203040599;2025-11-26;2025-11-26;1000.00;CHF;CRDT;PMNT-RCDT-BOOK;;CH1200778010203040506;;Übertrag Sparkonto;
URS-001307;CH1200778010203040506;2025-11-27;2025-11-27;605.00;CHF;DBIT;PMNT-ICDT-STDO;Frankly Vorsorgestiftung 3a;;;Dauerauftrag Säule 3a;
URS-001308;CH1200778010203040506;2025-11-27;2025-11-27;94.55;CHF;DBIT;PMNT-CCRD-POSD;Globus Delicatessa;;;Einkauf Globus Delicatessa Luzern Karte xxxx 4821;5411
URS-001309;CH1200778010203040506;2025-11-28;2025-11-28;2300.00;CHF;DBIT;PMNT-ICDT-STDO;Steueramt der Stadt Luzern;;;Dauerauftrag Steuern Rate;
URS-001310;CH1200778010203040506;2025-11-28;2025-11-28;75.80;CHF;DBIT;PMNT-CCRD-POSD;Globus Delicatessa;;;Einkauf Globus Delicatessa Luzern Karte xxxx 4821;5411
URS-001311;CH1200778010203040506;2025-11-28;2025-11-28;72.95;CHF;DBIT;PMNT-CCRD-POSD;Games Workshop Luzern;;;Einkauf Games Workshop Luzern Luzern Karte xxxx 4821;5945
URS-001312;CH1200778010203040506;2025-12-01;2025-12-01;2650.00;CHF;DBIT;PMNT-ICDT-STDO;Allgemeine Baugenossenschaft Luzern;;;Dauerauftrag Miete Haldenstrasse;
URS-001313;CH1200778010203040506;2025-12-01;2025-12-01;900.00;CHF;DBIT;PMNT-ICDT-STDO;Zimmermann Laura;;;Dauerauftrag Unterhalt Laura;
URS-001314;CH1200778010203040506;2025-12-01;2025-12-01;240.65;CHF;DBIT;PMNT-CCRD-POSD;Migros;;;Einkauf Migros Luzern Karte xxxx 4821;5411
URS-001315;CH1200778010203040506;2025-12-01;2025-12-01;164.30;CHF;DBIT;PMNT-CCRD-POSD;Hotel Schweizerhof Restaurant;;;Einkauf Hotel Schweizerhof Restaurant Luzern Karte xxxx 4821;5812
URS-001316;CH1200778010203040506;2025-12-01;2025-12-01;516.95;CHF;CRDT;PMNT-RCDT-DMCT;Hofladen Sörenberg GmbH;;;Gutschrift Hofladen Sörenberg GmbH Käseverkauf;
URS-001317;CH1200778010203040506;2025-12-02;2025-12-02;240.00;CHF;DBIT;PMNT-CCRD-CWDL;;;;Bargeldbezug Bancomat LUKB Schwanenplatz Karte xxxx 4821;6011
URS-001318;CH1200778010203040506;2025-12-02;2025-12-02;133.00;CHF;DBIT;PMNT-CCRD-POSD;Shell;;;Einkauf Shell Luzern Karte xxxx 4821;5541
URS-001319;CH1200778010203040506;2025-12-02;2025-12-02;308.70;CHF;CRDT;PMNT-RCDT-DMCT;Marktkasse Wochenmarkt Luzern;;;Gutschrift Marktkasse Wochenmarkt Luzern Käseverkauf;
URS-001320;CH1200778010203040506;2025-12-02;2025-12-02;468.95;CHF;CRDT;PMNT-RCDT-DMCT;Marktkasse Wochenmarkt Luzern;;;Gutschrift Marktkasse Wochenmarkt Luzern Käseverkauf;
URS-001321;CH1200778010203040506;2025-12-03;2025-12-03;98.55;CHF;DBIT;PMNT-CCRD-POSD;Old Swiss House;;;Einkauf Old Swiss House Luzern Karte xxxx 4821;5812
URS-001322;CH1200778010203040506;2025-12-05;2025-12-05;518.00;CHF;DBIT;PMNT-IDDT-ESDD;Sanitas Grundversicherungen AG;;;LSV Prämie Grundversicherung;
URS-001323;CH1200778010203040506;2025-12-08;2025-12-08;104.65;CHF;DBIT;PMNT-CCRD-POSD;Coop;;;Einkauf Coop Luzern Karte xxxx 4821;5411
URS-001324;CH1200778010203040506;2025-12-08;2025-12-08;91.70;CHF;DBIT;PMNT-ICDT-ESCT;;;;TWINT *Sende an Beat Wicki;
URS-001325;CH1200778010203040506;2025-12-08;2025-12-08;65.00;CHF;DBIT;PMNT-IDDT-ESDD;Salt Mobile SA;;;LSV Salt Abo;
URS-001326;CH1200778010203040506;2025-12-09;2025-12-09;49.00;CHF;DBIT;PMNT-IDDT-ESDD;Swisscom (Schweiz) AG;;;LSV blue TV;
URS-001327;CH1200778010203040506;2025-12-09;2025-12-09;31.15;CHF;DBIT;PMNT-CCRD-POSD;Coop;;;Einkauf Coop Luzern Karte xxxx 4821;5411
URS-001328;CH1200778010203040506;2025-12-12;2025-12-12;27.45;CHF;DBIT;PMNT-ICDT-ESCT;;;;TWINT *Sende an Laura Zimmermann;
URS-001329;CH1200778010203040506;2025-12-15;2025-12-15;449.25;CHF;DBIT;PMNT-ICDT-DMCT;Himalaya Käse Import GmbH;;;Zahlung Rechnung Yak-Käse Lieferung;
URS-001330;CH1200778010203040506;2025-12-15;2025-12-15;124.45;CHF;DBIT;PMNT-CCRD-POSD;Old Swiss House;;;Einkauf Old Swiss House Luzern Karte xxxx 4821;5812
URS-001331;CH1200778010203040506;2025-12-15;2025-12-15;97.90;CHF;DBIT;PMNT-CCRD-POSD;Hotel Schweizerhof Restaurant;;;Einkauf Hotel Schweizerhof Restaurant Luzern Karte xxxx 4821;5812
URS-001332;CH1200778010203040506;2025-12-15;2025-12-15;85.40;CHF;DBIT;PMNT-CCRD-POSD;Wirtshaus Galliker;;;Einkauf Wirtshaus Galliker Luzern Karte xxxx 4821;5812
URS-001333;CH1200778010203040506;2025-12-15;2025-12-15;59.65;CHF;DBIT;PMNT-CCRD-POSD;Galaxus;;;Einkauf Galaxus Luzern Karte xxxx 4821;5651
URS-001334;CH1200778010203040506;2025-12-15;2025-12-15;40.05;CHF;DBIT;PMNT-CCRD-POSD;Hotel Schweizerhof Restaurant;;;Einkauf Hotel Schweizerhof Restaurant Luzern Karte xxxx 4821;5812
URS-001335;CH1200778010203040506;2025-12-16;2025-12-16;278.60;CHF;DBIT;PMNT-CCRD-POSD;Jelmoli;;;Einkauf Jelmoli Luzern Karte xxxx 4821;5651
URS-001336;CH1200778010203040506;2025-12-16;2025-12-16;91.55;CHF;DBIT;PMNT-CCRD-POSD;Coop;;;Einkauf Coop Luzern Karte xxxx 4821;5411
URS-001337;CH1200778010203040506;2025-12-16;2025-12-16;53.20;CHF;DBIT;PMNT-CCRD-POSD;Coop;;;Einkauf Coop Luzern Karte xxxx 4821;5411
URS-001338;CH1200778010203040506;2025-12-17;2025-12-17;62.60;CHF;DBIT;PMNT-CCRD-POSD;Coop;;;Einkauf Coop Luzern Karte xxxx 4821;5411
URS-001339;CH1200778010203040506;2025-12-17;2025-12-17;29.05;CHF;DBIT;PMNT-CCRD-POSD;Globus Delicatessa;;;Einkauf Globus Delicatessa Luzern Karte xxxx 4821;5411
URS-001340;CH1200778010203040506;2025-12-17;2025-12-17;21.25;CHF;CRDT;PMNT-RCDT-ESCT;;;;TWINT *Empfangen von Laura Zimmermann;
URS-001341;CH1200778010203040506;2025-12-18;2025-12-18;932.05;CHF;DBIT;PMNT-IDDT-ESDD;Swisscard AECS GmbH;;;Lastschrift Swisscard AECS GmbH Monatsrechnung 11/2025;
URS-001342;CH1200778010203040506;2025-12-18;2025-12-18;66.40;CHF;DBIT;PMNT-CCRD-POSD;Wirtshaus Galliker;;;Einkauf Wirtshaus Galliker Luzern Karte xxxx 4821;5812
URS-001343;CH1200778010203040506;2025-12-18;2025-12-18;380.95;CHF;CRDT;PMNT-RCDT-DMCT;Marktkasse Wochenmarkt Luzern;;;Gutschrift Marktkasse Wochenmarkt Luzern Käseverkauf;
URS-001344;CH1200778010203040506;2025-12-19;2025-12-19;88.25;CHF;DBIT;PMNT-CCRD-POSD;BP Tankstelle;;;Einkauf BP Tankstelle Luzern Karte xxxx 4821;5541
URS-001345;CH1200778010203040506;2025-12-22;2025-12-22;200.40;CHF;DBIT;PMNT-CCRD-POSD;Wirtshaus Galliker;;;Einkauf Wirtshaus Galliker Luzern Karte xxxx 4821;5812
URS-001346;CH1200778010203040506;2025-12-22;2025-12-22;58.70;CHF;DBIT;PMNT-CCRD-POSD;Galaxus;;;Einkauf Galaxus Luzern Karte xxxx 4821;5651
URS-001347;CH1200778010203040506;2025-12-22;2025-12-22;533.50;CHF;CRDT;PMNT-RCDT-DMCT;Hofladen Sörenberg GmbH;;;Gutschrift Hofladen Sörenberg GmbH Käseverkauf;
URS-001348;CH1200778010203040506;2025-12-24;2025-12-24;190.10;CHF;DBIT;PMNT-CCRD-POSD;Globus;;;Einkauf Globus Luzern Karte xxxx 4821;5651
URS-001349;CH1200778010203040506;2025-12-25;2025-12-25;10643.56;CHF;CRDT;PMNT-RCDT-SALA;Schindler Aufzüge AG;CH9300762011623852333;;Gutschrift Salär Dezember 2025;
URS-001350;CH1200778010203040506;2025-12-25;2025-12-25;10643.56;CHF;CRDT;PMNT-RCDT-SALA;Schindler Aufzüge AG;CH9300762011623852333;;Gutschrift 13. Monatslohn 2025;
URS-001351;CH1200778010203040506;2025-12-26;2025-12-26;1000.00;CHF;DBIT;PMNT-ICDT-BOOK;;CH3400778010203040599;;Übertrag Sparkonto;
URS-001352;CH3400778010203040599;2025-12-26;2025-12-26;1000.00;CHF;CRDT;PMNT-RCDT-BOOK;;CH1200778010203040506;;Übertrag Sparkonto;
URS-001353;CH1200778010203040506;2025-12-29;2025-12-29;2300.00;CHF;DBIT;PMNT-ICDT-STDO;Steueramt der Stadt Luzern;;;Dauerauftrag Steuern Rate;
URS-001354;CH1200778010203040506;2025-12-29;2025-12-29;605.00;CHF;DBIT;PMNT-ICDT-STDO;Frankly Vorsorgestiftung 3a;;;Dauerauftrag Säule 3a;
URS-001355;CH1200778010203040506;2025-12-29;2025-12-29;120.00;CHF;DBIT;PMNT-CCRD-CWDL;;;;Bargeldbezug Bancomat LUKB Schwanenplatz Karte xxxx 4821;6011
URS-001356;CH1200778010203040506;2025-12-29;2025-12-29;39.25;CHF;DBIT;PMNT-CCRD-POSD;Manor Food;;;Einkauf Manor Food Luzern Karte xxxx 4821;5411
URS-001357;CH1200778010203040506;2025-12-29;2025-12-29;199.50;CHF;CRDT;PMNT-RCDT-DMCT;Marktkasse Wochenmarkt Luzern;;;Gutschrift Marktkasse Wochenmarkt Luzern Käseverkauf;
URS-001358;CH3400778010203040599;2025-12-31;2025-12-31;144.00;CHF;CRDT;ACMT-MDOP-INTR;;;;Zinsgutschrift;
URS-001359;CH1200778010203040506;2026-01-01;2026-01-01;2650.00;CHF;DBIT;PMNT-ICDT-STDO;Allgemeine Baugenossenschaft Luzern;;;Dauerauftrag Miete Haldenstrasse;
URS-001360;CH1200778010203040506;2026-01-01;2026-01-01;900.00;CHF;DBIT;PMNT-ICDT-STDO;Zimmermann Laura;;;Dauerauftrag Unterhalt Laura;
URS-001361;CH1200778010203040506;2026-01-02;2026-01-02;14.55;CHF;DBIT;PMNT-CCRD-POSD;Coop;;;Einkauf Coop Luzern Karte xxxx 4821;5411
URS-001362;CH1200778010203040506;2026-01-05;2026-01-05;518.00;CHF;DBIT;PMNT-IDDT-ESDD;Sanitas Grundversicherungen AG;;;LSV Prämie Grundversicherung;
URS-001363;CH1200778010203040506;2026-01-05;2026-01-05;214.70;CHF;DBIT;PMNT-CCRD-POSD;Galaxus;;;Einkauf Galaxus Luzern Karte xxxx 4821;5651
URS-001364;CH1200778010203040506;2026-01-05;2026-01-05;144.85;CHF;DBIT;PMNT-CCRD-POSD;Globus;;;Einkauf Globus Luzern Karte xxxx 4821;5651
URS-001365;CH1200778010203040506;2026-01-05;2026-01-05;29.05;CHF;DBIT;PMNT-CCRD-POSD;Globus;;;Einkauf Globus Luzern Karte xxxx 4821;5651
URS-001366;CH1200778010203040506;2026-01-05;2026-01-05;13.20;CHF;DBIT;PMNT-CCRD-POSD;Manor Food;;;Einkauf Manor Food Luzern Karte xxxx 4821;5411
URS-001367;CH1200778010203040506;2026-01-06;2026-01-06;129.25;CHF;DBIT;PMNT-CCRD-POSD;Avia Tankstelle;;;Einkauf Avia Tankstelle Luzern Karte xxxx 4821;5541
URS-001368;CH1200778010203040506;2026-01-06;2026-01-06;112.55;CHF;CRDT;PMNT-RCDT-DMCT;Marktkasse Wochenmarkt Luzern;;;Gutschrift Marktkasse Wochenmarkt Luzern Käseverkauf;
URS-001369;CH1200778010203040506;2026-01-06;2026-01-06;127.75;CHF;CRDT;PMNT-RCDT-DMCT;Hofladen Sörenberg GmbH;;;Gutschrift Hofladen Sörenberg GmbH Käseverkauf;
URS-001370;CH1200778010203040506;2026-01-07;2026-01-07;33.85;CHF;DBIT;PMNT-CCRD-POSD;Globus Delicatessa;;;Einkauf Globus Delicatessa Luzern Karte xxxx 4821;5411
URS-001371;CH1200778010203040506;2026-01-08;2026-01-08;116.30;CHF;DBIT;PMNT-CCRD-POSD;Shell;;;Einkauf Shell Luzern Karte xxxx 4821;5541
URS-001372;CH1200778010203040506;2026-01-08;2026-01-08;65.00;CHF;DBIT;PMNT-IDDT-ESDD;Salt Mobile SA;;;LSV Salt Abo;
URS-001373;CH1200778010203040506;2026-01-08;2026-01-08;37.75;CHF;DBIT;PMNT-CCRD-POSD;Games Workshop Luzern;;;Einkauf Games Workshop Luzern Luzern Karte xxxx 4821;5945
URS-001374;CH1200778010203040506;2026-01-09;2026-01-09;61.00;CHF;DBIT;PMNT-CCRD-POSD;Migros;;;Einkauf Migros Luzern Karte xxxx 4821;5411
URS-001375;CH1200778010203040506;2026-01-09;2026-01-09;49.00;CHF;DBIT;PMNT-IDDT-ESDD;Swisscom (Schweiz) AG;;;LSV blue TV;
URS-001376;CH1200778010203040506;2026-01-12;2026-01-12;132.85;CHF;DBIT;PMNT-CCRD-POSD;Old Swiss House;;;Einkauf Old Swiss House Luzern Karte xxxx 4821;5812
URS-001377;CH1200778010203040506;2026-01-12;2026-01-12;50.00;CHF;DBIT;PMNT-CCRD-POSD;Globus Delicatessa;;;Einkauf Globus Delicatessa Luzern Karte xxxx 4821;5411
URS-001378;CH1200778010203040506;2026-01-12;2026-01-12;33.55;CHF;DBIT;PMNT-ICDT-ESCT;;;;TWINT *Sende an Beat Wicki;
URS-001379;CH1200778010203040506;2026-01-12;2026-01-12;80.30;CHF;CRDT;PMNT-RCDT-DMCT;Marktkasse Wochenmarkt Luzern;;;Gutschrift Marktkasse Wochenmarkt Luzern Käseverkauf;
URS-001380;CH1200778010203040506;2026-01-14;2026-01-14;349.55;CHF;DBIT;PMNT-ICDT-DMCT;Himalaya Käse Import GmbH;;;Zahlung Rechnung Yak-Käse Lieferung;
URS-001381;CH1200778010203040506;2026-01-14;2026-01-14;114.10;CHF;DBIT;PMNT-CCRD-POSD;Avia Tankstelle;;;Einkauf Avia Tankstelle Luzern Karte xxxx 4821;5541
URS-001382;CH1200778010203040506;2026-01-14;2026-01-14;109.75;CHF;DBIT;PMNT-CCRD-POSD;Migros;;;Einkauf Migros Luzern Karte xxxx 4821;5411
URS-001383;CH1200778010203040506;2026-01-14;2026-01-14;53.65;CHF;DBIT;PMNT-CCRD-POSD;Globus Delicatessa;;;Einkauf Globus Delicatessa Luzern Karte xxxx 4821;5411
URS-001384;CH1200778010203040506;2026-01-15;2026-01-15;45.50;CHF;DBIT;PMNT-CCRD-POSD;Hotel Schweizerhof Restaurant;;;Einkauf Hotel Schweizerhof Restaurant Luzern Karte xxxx 4821;5812
URS-001385;CH1200778010203040506;2026-01-19;2026-01-19;713.80;CHF;DBIT;PMNT-IDDT-ESDD;Swisscard AECS GmbH;;;Lastschrift Swisscard AECS GmbH Monatsrechnung 12/2025;
URS-001386;CH1200778010203040506;2026-01-19;2026-01-19;48.85;CHF;DBIT;PMNT-CCRD-POSD;Coop;;;Einkauf Coop Luzern Karte xxxx 4821;5411
URS-001387;CH1200778010203040506;2026-01-20;2026-01-20;520.00;CHF;DBIT;PMNT-ICDT-DMCT;Strassenverkehrsamt Luzern;;;Zahlung Verkehrssteuer;
URS-001388;CH1200778010203040506;2026-01-20;2026-01-20;135.00;CHF;DBIT;PMNT-IDDT-ESDD;ewl energie wasser luzern;;;LSV Energie;
URS-001389;CH1200778010203040506;2026-01-21;2026-01-21;125.65;CHF;DBIT;PMNT-CCRD-POSD;BP Tankstelle;;;Einkauf BP Tankstelle Luzern Karte xxxx 4821;5541
URS-001390;CH1200778010203040506;2026-01-21;2026-01-21;63.00;CHF;DBIT;PMNT-CCRD-POSD;Old Swiss House;;;Einkauf Old Swiss House Luzern Karte xxxx 4821;5812
URS-001391;CH1200778010203040506;2026-01-22;2026-01-22;332.40;CHF;DBIT;PMNT-ICDT-DMCT;Hausarztpraxis Luzern;;Honorarrechnung;Zahlung Rechnung Hausarztpraxis Luzern;
URS-001392;CH1200778010203040506;2026-01-22;2026-01-22;180.00;CHF;DBIT;PMNT-CCRD-CWDL;;;;Bargeldbezug Postomat Luzern Bahnhof Karte xxxx 4821;6011
URS-001393;CH1200778010203040506;2026-01-22;2026-01-22;142.25;CHF;DBIT;PMNT-CCRD-POSD;Hotel Schweizerhof Restaurant;;;Einkauf Hotel Schweizerhof Restaurant Luzern Karte xxxx 4821;5812
URS-001394;CH1200778010203040506;2026-01-22;2026-01-22;66.85;CHF;CRDT;PMNT-RCDT-DMCT;Hofladen Sörenberg GmbH;;;Gutschrift Hofladen Sörenberg GmbH Käseverkauf;
URS-001395;CH1200778010203040506;2026-01-26;2026-01-26;1000.00;CHF;DBIT;PMNT-ICDT-BOOK;;CH3400778010203040599;;Übertrag Sparkonto;
URS-001396;CH1200778010203040506;2026-01-26;2026-01-26;254.90;CHF;DBIT;PMNT-CCRD-POSD;Hotel Schweizerhof Restaurant;;;Einkauf Hotel Schweizerhof Restaurant Luzern Karte xxxx 4821;5812
URS-001397;CH1200778010203040506;2026-01-26;2026-01-26;100.50;CHF;DBIT;PMNT-CCRD-POSD;Avia Tankstelle;;;Einkauf Avia Tankstelle Luzern Karte xxxx 4821;5541
URS-001398;CH1200778010203040506;2026-01-26;2026-01-26;69.70;CHF;DBIT;PMNT-CCRD-POSD;Migros;;;Einkauf Migros Luzern Karte xxxx 4821;5411
URS-001399;CH1200778010203040506;2026-01-26;2026-01-26;317.30;CHF;CRDT;PMNT-RCDT-DMCT;Marktkasse Wochenmarkt Luzern;;;Gutschrift Marktkasse Wochenmarkt Luzern Käseverkauf;
URS-001400;CH1200778010203040506;2026-01-26;2026-01-26;10750.00;CHF;CRDT;PMNT-RCDT-SALA;Schindler Aufzüge AG;CH9300762011623852333;;Gutschrift Salär Januar 2026;
URS-001401;CH3400778010203040599;2026-01-26;2026-01-26;1000.00;CHF;CRDT;PMNT-RCDT-BOOK;;CH1200778010203040506;;Übertrag Sparkonto;
URS-001402;CH1200778010203040506;2026-01-27;2026-01-27;605.00;CHF;DBIT;PMNT-ICDT-STDO;Frankly Vorsorgestiftung 3a;;;Dauerauftrag Säule 3a;
URS-001403;CH1200778010203040506;2026-01-27;2026-01-27;120.10;CHF;DBIT;PMNT-CCRD-POSD;Avia Tankstelle;;;Einkauf Avia Tankstelle Luzern Karte xxxx 4821;5541
URS-001404;CH1200778010203040506;2026-01-27;2026-01-27;50.15;CHF;DBIT;PMNT-CCRD-POSD;Migros;;;Einkauf Migros Luzern Karte xxxx 4821;5411
URS-001405;CH1200778010203040506;2026-01-28;2026-01-28;2300.00;CHF;DBIT;PMNT-ICDT-STDO;Steueramt der Stadt Luzern;;;Dauerauftrag Steuern Rate;
URS-001406;CH1200778010203040506;2026-02-02;2026-02-02;2650.00;CHF;DBIT;PMNT-ICDT-STDO;Allgemeine Baugenossenschaft Luzern;;;Dauerauftrag Miete Haldenstrasse;
URS-001407;CH1200778010203040506;2026-02-02;2026-02-02;900.00;CHF;DBIT;PMNT-ICDT-STDO;Zimmermann Laura;;;Dauerauftrag Unterhalt Laura;
URS-001408;CH1200778010203040506;2026-02-02;2026-02-02;66.20;CHF;DBIT;PMNT-ICDT-ESCT;;;;TWINT *Sende an Beat Wicki;
URS-001409;CH1200778010203040506;2026-02-02;2026-02-02;46.60;CHF;DBIT;PMNT-ICDT-ESCT;;;;TWINT *Sende an Beat Wicki;
URS-001410;CH1200778010203040506;2026-02-03;2026-02-03;80.60;CHF;DBIT;PMNT-CCRD-POSD;Fantasywelt Luzern;;;Einkauf Fantasywelt Luzern Luzern Karte xxxx 4821;5945
URS-001411;CH1200778010203040506;2026-02-03;2026-02-03;46.65;CHF;DBIT;PMNT-ICDT-ESCT;;;;TWINT *Sende an Laura Zimmermann;
URS-001412;CH1200778010203040506;2026-02-03;2026-02-03;36.20;CHF;DBIT;PMNT-CCRD-POSD;Manor Food;;;Einkauf Manor Food Luzern Karte xxxx 4821;5411
URS-001413;CH1200778010203040506;2026-02-04;2026-02-04;24.20;CHF;DBIT;PMNT-CCRD-POSD;Jelmoli;;;Einkauf Jelmoli Luzern Karte xxxx 4821;5651
URS-001414;CH1200778010203040506;2026-02-05;2026-02-05;518.00;CHF;DBIT;PMNT-IDDT-ESDD;Sanitas Grundversicherungen AG;;;LSV Prämie Grundversicherung;
URS-001415;CH1200778010203040506;2026-02-05;2026-02-05;310.10;CHF;DBIT;PMNT-CCRD-POSD;Games Workshop Luzern;;;Einkauf Games Workshop Luzern Luzern Karte xxxx 4821;5945
URS-001416;CH1200778010203040506;2026-02-06;2026-02-06;160.00;CHF;DBIT;PMNT-CCRD-CWDL;;;;Bargeldbezug Postomat Luzern Bahnhof Karte xxxx 4821;6011
URS-001417;CH1200778010203040506;2026-02-06;2026-02-06;164.35;CHF;CRDT;PMNT-RCDT-DMCT;Hofladen Sörenberg GmbH;;;Gutschrift Hofladen Sörenberg GmbH Käseverkauf;
URS-001418;CH1200778010203040506;2026-02-09;2026-02-09;282.70;CHF;DBIT;PMNT-CCRD-POSD;Coop;;;Einkauf Coop Luzern Karte xxxx 4821;5411
URS-001419;CH1200778010203040506;2026-02-09;2026-02-09;140.00;CHF;DBIT;PMNT-CCRD-CWDL;;;;Bargeldbezug Bancomat LUKB Schwanenplatz Karte xxxx 4821;6011
URS-001420;CH1200778010203040506;2026-02-09;2026-02-09;93.90;CHF;DBIT;PMNT-CCRD-POSD;Wirtshaus Galliker;;;Einkauf Wirtshaus Galliker Luzern Karte xxxx 4821;5812
URS-001421;CH1200778010203040506;2026-02-09;2026-02-09;65.00;CHF;DBIT;PMNT-IDDT-ESDD;Salt Mobile SA;;;LSV Salt Abo;
URS-001422;CH1200778010203040506;2026-02-09;2026-02-09;52.00;CHF;DBIT;PMNT-CCRD-POSD;Migros;;;Einkauf Migros Luzern Karte xxxx 4821;5411
URS-001423;CH1200778010203040506;2026-02-09;2026-02-09;49.00;CHF;DBIT;PMNT-IDDT-ESDD;Swisscom (Schweiz) AG;;;LSV blue TV;
URS-001424;CH1200778010203040506;2026-02-09;2026-02-09;42.30;CHF;DBIT;PMNT-CCRD-POSD;Old Swiss House;;;Einkauf Old Swiss House Luzern Karte xxxx 4821;5812
URS-001425;CH1200778010203040506;2026-02-09;2026-02-09;42.25;CHF;DBIT;PMNT-CCRD-POSD;Wirtshaus Galliker;;;Einkauf Wirtshaus Galliker Luzern Karte xxxx 4821;5812
URS-001426;CH1200778010203040506;2026-02-09;2026-02-09;26.10;CHF;DBIT;PMNT-CCRD-POSD;Coop;;;Einkauf Coop Luzern Karte xxxx 4821;5411
URS-001427;CH1200778010203040506;2026-02-09;2026-02-09;181.45;CHF;CRDT;PMNT-RCDT-DMCT;Hofladen Sörenberg GmbH;;;Gutschrift Hofladen Sörenberg GmbH Käseverkauf;
URS-001428;CH1200778010203040506;2026-02-10;2026-02-10;64.75;CHF;DBIT;PMNT-CCRD-POSD;Manor Food;;;Einkauf Manor Food Luzern Karte xxxx 4821;5411
URS-001429;CH1200778010203040506;2026-02-11;2026-02-11;59.80;CHF;DBIT;PMNT-CCRD-POSD;Globus Delicatessa;;;Einkauf Globus Delicatessa Luzern Karte xxxx 4821;5411
URS-001430;CH1200778010203040506;2026-02-11;2026-02-11;324.75;CHF;CRDT;PMNT-RCDT-DMCT;Marktkasse Wochenmarkt Luzern;;;Gutschrift Marktkasse Wochenmarkt Luzern Käseverkauf;
URS-001431;CH1200778010203040506;2026-02-13;2026-02-13;74.85;CHF;DBIT;PMNT-CCRD-POSD;Coop;;;Einkauf Coop Luzern Karte xxxx 4821;5411
URS-001432;CH1200778010203040506;2026-02-16;2026-02-16;350.70;CHF;DBIT;PMNT-ICDT-DMCT;Himalaya Käse Import GmbH;;;Zahlung Rechnung Yak-Käse Lieferung;
URS-001433;CH1200778010203040506;2026-02-16;2026-02-16;300.00;CHF;DBIT;PMNT-CCRD-CWDL;;;;Bargeldbezug Bancomat LUKB Schwanenplatz Karte xxxx 4821;6011
URS-001434;CH1200778010203040506;2026-02-16;2026-02-16;109.15;CHF;DBIT;PMNT-CCRD-POSD;Jelmoli;;;Einkauf Jelmoli Luzern Karte xxxx 4821;5651
URS-001435;CH1200778010203040506;2026-02-16;2026-02-16;82.00;CHF;DBIT;PMNT-CCRD-POSD;Manor Food;;;Einkauf Manor Food Luzern Karte xxxx 4821;5411
URS-001436;CH1200778010203040506;2026-02-16;2026-02-16;77.25;CHF;DBIT;PMNT-CCRD-POSD;Galaxus;;;Einkauf Galaxus Luzern Karte xxxx 4821;5651
URS-001437;CH1200778010203040506;2026-02-16;2026-02-16;54.75;CHF;DBIT;PMNT-ICDT-ESCT;;;;TWINT *Sende an Laura Zimmermann;
URS-001438;CH1200778010203040506;2026-02-16;2026-02-16;27.70;CHF;DBIT;PMNT-CCRD-POSD;Manor Food;;;Einkauf Manor Food Luzern Karte xxxx 4821;5411
URS-001439;CH1200778010203040506;2026-02-17;2026-02-17;110.50;CHF;CRDT;PMNT-RCDT-DMCT;Hofladen Sörenberg GmbH;;;Gutschrift Hofladen Sörenberg GmbH Käseverkauf;
URS-001440;CH1200778010203040506;2026-02-18;2026-02-18;395.45;CHF;DBIT;PMNT-IDDT-ESDD;Swisscard AECS GmbH;;;Lastschrift Swisscard AECS GmbH Monatsrechnung 01/2026;
URS-001441;CH1200778010203040506;2026-02-19;2026-02-19;53.10;CHF;DBIT;PMNT-CCRD-POSD;Migros;;;Einkauf Migros Luzern Karte xxxx 4821;5411
URS-001442;CH1200778010203040506;2026-02-23;2026-02-23;181.15;CHF;DBIT;PMNT-CCRD-POSD;Galaxus;;;Einkauf Galaxus Luzern Karte xxxx 4821;5651
URS-001443;CH1200778010203040506;2026-02-23;2026-02-23;47.90;CHF;DBIT;PMNT-ICDT-ESCT;;;;TWINT *Sende an Laura Zimmermann;
URS-001444;CH1200778010203040506;2026-02-23;2026-02-23;232.95;CHF;CRDT;PMNT-RCDT-DMCT;Hofladen Sörenberg GmbH;;;Gutschrift Hofladen Sörenberg GmbH Käseverkauf;
URS-001445;CH1200778010203040506;2026-02-24;2026-02-24;204.75;CHF;DBIT;PMNT-CCRD-POSD;Globus Delicatessa;;;Einkauf Globus Delicatessa Luzern Karte xxxx 4821;5411
URS-001446;CH1200778010203040506;2026-02-24;2026-02-24;91.65;CHF;DBIT;PMNT-CCRD-POSD;Globus Delicatessa;;;Einkauf Globus Delicatessa Luzern Karte xxxx 4821;5411
URS-001447;CH1200778010203040506;2026-02-24;2026-02-24;43.85;CHF;DBIT;PMNT-CCRD-POSD;Migros;;;Einkauf Migros Luzern Karte xxxx 4821;5411
URS-001448;CH1200778010203040506;2026-02-25;2026-02-25;92.50;CHF;DBIT;PMNT-CCRD-POSD;Shell;;;Einkauf Shell Luzern Karte xxxx 4821;5541
URS-001449;CH1200778010203040506;2026-02-25;2026-02-25;10750.00;CHF;CRDT;PMNT-RCDT-SALA;Schindler Aufzüge AG;CH9300762011623852333;;Gutschrift Salär Februar 2026;
URS-001450;CH1200778010203040506;2026-02-26;2026-02-26;1000.00;CHF;DBIT;PMNT-ICDT-BOOK;;CH3400778010203040599;;Übertrag Sparkonto;
URS-001451;CH1200778010203040506;2026-02-26;2026-02-26;191.15;CHF;CRDT;PMNT-RCDT-DMCT;Hofladen Sörenberg GmbH;;;Gutschrift Hofladen Sörenberg GmbH Käseverkauf;
URS-001452;CH3400778010203040599;2026-02-26;2026-02-26;1000.00;CHF;CRDT;PMNT-RCDT-BOOK;;CH1200778010203040506;;Übertrag Sparkonto;
URS-001453;CH1200778010203040506;2026-02-27;2026-02-27;605.00;CHF;DBIT;PMNT-ICDT-STDO;Frankly Vorsorgestiftung 3a;;;Dauerauftrag Säule 3a;
URS-001454;CH1200778010203040506;2026-03-02;2026-03-02;2650.00;CHF;DBIT;PMNT-ICDT-STDO;Allgemeine Baugenossenschaft Luzern;;;Dauerauftrag Miete Haldenstrasse;
URS-001455;CH1200778010203040506;2026-03-02;2026-03-02;2300.00;CHF;DBIT;PMNT-ICDT-STDO;Steueramt der Stadt Luzern;;;Dauerauftrag Steuern Rate;
URS-001456;CH1200778010203040506;2026-03-02;2026-03-02;900.00;CHF;DBIT;PMNT-ICDT-STDO;Zimmermann Laura;;;Dauerauftrag Unterhalt Laura;
URS-001457;CH1200778010203040506;2026-03-02;2026-03-02;88.20;CHF;DBIT;PMNT-CCRD-POSD;Coop;;;Einkauf Coop Luzern Karte xxxx 4821;5411
URS-001458;CH1200778010203040506;2026-03-02;2026-03-02;60.85;CHF;DBIT;PMNT-CCRD-POSD;Manor Food;;;Einkauf Manor Food Luzern Karte xxxx 4821;5411
URS-001459;CH1200778010203040506;2026-03-02;2026-03-02;56.25;CHF;DBIT;PMNT-CCRD-POSD;Wirtshaus Galliker;;;Einkauf Wirtshaus Galliker Luzern Karte xxxx 4821;5812
URS-001460;CH1200778010203040506;2026-03-02;2026-03-02;59.70;CHF;CRDT;PMNT-RCDT-ESCT;;;;TWINT *Empfangen von Beat Wicki;
URS-001461;CH1200778010203040506;2026-03-03;2026-03-03;29.16;CHF;CRDT;PMNT-RCDT-DMCT;Sanitas Grundversicherungen AG;;;Gutschrift Sanitas Grundversicherungen AG Leistungsabrechnung;
URS-001462;CH1200778010203040506;2026-03-04;2026-03-04;73.65;CHF;DBIT;PMNT-CCRD-POSD;Manor Food;;;Einkauf Manor Food Luzern Karte xxxx 4821;5411
URS-001463;CH1200778010203040506;2026-03-05;2026-03-05;518.00;CHF;DBIT;PMNT-IDDT-ESDD;Sanitas Grundversicherungen AG;;;LSV Prämie Grundversicherung;
URS-001464;CH1200778010203040506;2026-03-05;2026-03-05;95.15;CHF;DBIT;PMNT-CCRD-POSD;BP Tankstelle;;;Einkauf BP Tankstelle Luzern Karte xxxx 4821;5541
URS-001465;CH1200778010203040506;2026-03-05;2026-03-05;264.85;CHF;CRDT;PMNT-RCDT-DMCT;Marktkasse Wochenmarkt Luzern;;;Gutschrift Marktkasse Wochenmarkt Luzern Käseverkauf;
URS-001466;CH1200778010203040506;2026-03-06;2026-03-06;476.85;CHF;DBIT;PMNT-ICDT-DMCT;Physiotherapie Seefeld;;Honorarrechnung;Zahlung Rechnung Physiotherapie Seefeld;
URS-001467;CH1200778010203040506;2026-03-06;2026-03-06;46.15;CHF;DBIT;PMNT-CCRD-POSD;Coop;;;Einkauf Coop Luzern Karte xxxx 4821;5411
URS-001468;CH1200778010203040506;2026-03-06;2026-03-06;29.50;CHF;DBIT;PMNT-CCRD-POSD;Migros;;;Einkauf Migros Luzern Karte xxxx 4821;5411
URS-001469;CH1200778010203040506;2026-03-09;2026-03-09;65.00;CHF;DBIT;PMNT-IDDT-ESDD;Salt Mobile SA;;;LSV Salt Abo;
URS-001470;CH1200778010203040506;2026-03-09;2026-03-09;49.00;CHF;DBIT;PMNT-IDDT-ESDD;Swisscom (Schweiz) AG;;;LSV blue TV;
URS-001471;CH1200778010203040506;2026-03-09;2026-03-09;22.30;CHF;DBIT;PMNT-ICDT-ESCT;;;;TWINT *Sende an Laura Zimmermann;
URS-001472;CH1200778010203040506;2026-03-13;2026-03-13;200.65;CHF;DBIT;PMNT-CCRD-POSD;Wirtshaus Galliker;;;Einkauf Wirtshaus Galliker Luzern Karte xxxx 4821;5812
URS-001473;CH1200778010203040506;2026-03-16;2026-03-16;480.00;CHF;DBIT;PMNT-ICDT-DMCT;Stadt Luzern;;;Zahlung Marktbewilligung Wochenmarkt;
URS-001474;CH1200778010203040506;2026-03-16;2026-03-16;357.75;CHF;DBIT;PMNT-ICDT-DMCT;Himalaya Käse Import GmbH;;;Zahlung Rechnung Yak-Käse Lieferung;
URS-001475;CH1200778010203040506;2026-03-16;2026-03-16;109.30;CHF;DBIT;PMNT-CCRD-POSD;Coop;;;Einkauf Coop Luzern Karte xxxx 4821;5411
URS-001476;CH1200778010203040506;2026-03-17;2026-03-17;52.65;CHF;DBIT;PMNT-CCRD-POSD;Old Swiss House;;;Einkauf Old Swiss House Luzern Karte xxxx 4821;5812
URS-001477;CH1200778010203040506;2026-03-17;2026-03-17;199.45;CHF;CRDT;PMNT-RCDT-DMCT;Hofladen Sörenberg GmbH;;;Gutschrift Hofladen Sörenberg GmbH Käseverkauf;
URS-001478;CH1200778010203040506;2026-03-18;2026-03-18;2124.65;CHF;DBIT;PMNT-IDDT-ESDD;Swisscard AECS GmbH;;;Lastschrift Swisscard AECS GmbH Monatsrechnung 02/2026;
URS-001479;CH1200778010203040506;2026-03-18;2026-03-18;58.10;CHF;DBIT;PMNT-CCRD-POSD;Manor Food;;;Einkauf Manor Food Luzern Karte xxxx 4821;5411
URS-001480;CH1200778010203040506;2026-03-18;2026-03-18;179.15;CHF;CRDT;PMNT-RCDT-DMCT;Marktkasse Wochenmarkt Luzern;;;Gutschrift Marktkasse Wochenmarkt Luzern Käseverkauf;
URS-001481;CH1200778010203040506;2026-03-19;2026-03-19;67.40;CHF;DBIT;PMNT-CCRD-POSD;Wirtshaus Galliker;;;Einkauf Wirtshaus Galliker Luzern Karte xxxx 4821;5812
URS-001482;CH1200778010203040506;2026-03-19;2026-03-19;52.90;CHF;DBIT;PMNT-CCRD-POSD;Hotel Schweizerhof Restaurant;;;Einkauf Hotel Schweizerhof Restaurant Luzern Karte xxxx 4821;5812
URS-001483;CH1200778010203040506;2026-03-19;2026-03-19;361.30;CHF;CRDT;PMNT-RCDT-DMCT;Hofladen Sörenberg GmbH;;;Gutschrift Hofladen Sörenberg GmbH Käseverkauf;
URS-001484;CH1200778010203040506;2026-03-23;2026-03-23;134.35;CHF;DBIT;PMNT-CCRD-POSD;BP Tankstelle;;;Einkauf BP Tankstelle Luzern Karte xxxx 4821;5541
URS-001485;CH1200778010203040506;2026-03-23;2026-03-23;120.00;CHF;DBIT;PMNT-CCRD-CWDL;;;;Bargeldbezug Bancomat LUKB Schwanenplatz Karte xxxx 4821;6011
URS-001486;CH1200778010203040506;2026-03-23;2026-03-23;51.40;CHF;DBIT;PMNT-CCRD-POSD;Globus Delicatessa;;;Einkauf Globus Delicatessa Luzern Karte xxxx 4821;5411
URS-001487;CH1200778010203040506;2026-03-23;2026-03-23;175.00;CHF;CRDT;PMNT-RCDT-DMCT;Marktkasse Wochenmarkt Luzern;;;Gutschrift Marktkasse Wochenmarkt Luzern Käseverkauf;
URS-001488;CH1200778010203040506;2026-03-23;2026-03-23;289.10;CHF;CRDT;PMNT-RCDT-DMCT;Marktkasse Wochenmarkt Luzern;;;Gutschrift Marktkasse Wochenmarkt Luzern Käseverkauf;
URS-001489;CH1200778010203040506;2026-03-24;2026-03-24;145.10;CHF;CRDT;PMNT-RCDT-DMCT;Marktkasse Wochenmarkt Luzern;;;Gutschrift Marktkasse Wochenmarkt Luzern Käseverkauf;
URS-001490;CH1200778010203040506;2026-03-24;2026-03-24;184.20;CHF;CRDT;PMNT-RCDT-DMCT;Marktkasse Wochenmarkt Luzern;;;Gutschrift Marktkasse Wochenmarkt Luzern Käseverkauf;
URS-001491;CH1200778010203040506;2026-03-24;2026-03-24;307.15;CHF;CRDT;PMNT-RCDT-DMCT;Marktkasse Wochenmarkt Luzern;;;Gutschrift Marktkasse Wochenmarkt Luzern Käseverkauf;
URS-001492;CH1200778010203040506;2026-03-25;2026-03-25;10750.00;CHF;CRDT;PMNT-RCDT-SALA;Schindler Aufzüge AG;CH9300762011623852333;;Gutschrift Salär März 2026;
URS-001493;CH1200778010203040506;2026-03-26;2026-03-26;1000.00;CHF;DBIT;PMNT-ICDT-BOOK;;CH3400778010203040599;;Übertrag Sparkonto;
URS-001494;CH1200778010203040506;2026-03-26;2026-03-26;136.00;CHF;DBIT;PMNT-CCRD-POSD;Avia Tankstelle;;;Einkauf Avia Tankstelle Luzern Karte xxxx 4821;5541
URS-001495;CH3400778010203040599;2026-03-26;2026-03-26;1000.00;CHF;CRDT;PMNT-RCDT-BOOK;;CH1200778010203040506;;Übertrag Sparkonto;
URS-001496;CH1200778010203040506;2026-03-27;2026-03-27;605.00;CHF;DBIT;PMNT-ICDT-STDO;Frankly Vorsorgestiftung 3a;;;Dauerauftrag Säule 3a;
URS-001497;CH1200778010203040506;2026-03-27;2026-03-27;115.90;CHF;DBIT;PMNT-CCRD-POSD;Avia Tankstelle;;;Einkauf Avia Tankstelle Luzern Karte xxxx 4821;5541
URS-001498;CH1200778010203040506;2026-03-30;2026-03-30;2300.00;CHF;DBIT;PMNT-ICDT-STDO;Steueramt der Stadt Luzern;;;Dauerauftrag Steuern Rate;
URS-001499;CH1200778010203040506;2026-03-30;2026-03-30;132.10;CHF;DBIT;PMNT-CCRD-POSD;Shell;;;Einkauf Shell Luzern Karte xxxx 4821;5541
URS-001500;CH1200778010203040506;2026-04-01;2026-04-01;2650.00;CHF;DBIT;PMNT-ICDT-STDO;Allgemeine Baugenossenschaft Luzern;;;Dauerauftrag Miete Haldenstrasse;
URS-001501;CH1200778010203040506;2026-04-01;2026-04-01;900.00;CHF;DBIT;PMNT-ICDT-STDO;Zimmermann Laura;;;Dauerauftrag Unterhalt Laura;
URS-001502;CH1200778010203040506;2026-04-01;2026-04-01;102.30;CHF;DBIT;PMNT-CCRD-POSD;Shell;;;Einkauf Shell Luzern Karte xxxx 4821;5541
URS-001503;CH1200778010203040506;2026-04-01;2026-04-01;164.60;CHF;CRDT;PMNT-RCDT-DMCT;Hofladen Sörenberg GmbH;;;Gutschrift Hofladen Sörenberg GmbH Käseverkauf;
URS-001504;CH1200778010203040506;2026-04-02;2026-04-02;142.75;CHF;DBIT;PMNT-CCRD-POSD;Hotel Schweizerhof Restaurant;;;Einkauf Hotel Schweizerhof Restaurant Luzern Karte xxxx 4821;5812
URS-001505;CH1200778010203040506;2026-04-03;2026-04-03;111.95;CHF;DBIT;PMNT-CCRD-POSD;Old Swiss House;;;Einkauf Old Swiss House Luzern Karte xxxx 4821;5812
URS-001506;CH1200778010203040506;2026-04-06;2026-04-06;518.00;CHF;DBIT;PMNT-IDDT-ESDD;Sanitas Grundversicherungen AG;;;LSV Prämie Grundversicherung;
URS-001507;CH1200778010203040506;2026-04-06;2026-04-06;147.30;CHF;DBIT;PMNT-CCRD-POSD;Avia Tankstelle;;;Einkauf Avia Tankstelle Luzern Karte xxxx 4821;5541
URS-001508;CH1200778010203040506;2026-04-06;2026-04-06;57.80;CHF;DBIT;PMNT-CCRD-POSD;Old Swiss House;;;Einkauf Old Swiss House Luzern Karte xxxx 4821;5812
URS-001509;CH1200778010203040506;2026-04-06;2026-04-06;211.90;CHF;CRDT;PMNT-RCDT-DMCT;Marktkasse Wochenmarkt Luzern;;;Gutschrift Marktkasse Wochenmarkt Luzern Käseverkauf;
URS-001510;CH1200778010203040506;2026-04-06;2026-04-06;233.75;CHF;CRDT;PMNT-RCDT-DMCT;Marktkasse Wochenmarkt Luzern;;;Gutschrift Marktkasse Wochenmarkt Luzern Käseverkauf;
URS-001511;CH1200778010203040506;2026-04-07;2026-04-07;43.10;CHF;DBIT;PMNT-CCRD-POSD;Migros;;;Einkauf Migros Luzern Karte xxxx 4821;5411
URS-001512;CH1200778010203040506;2026-04-07;2026-04-07;689.35;CHF;CRDT;PMNT-RCDT-DMCT;Hofladen Sörenberg GmbH;;;Gutschrift Hofladen Sörenberg GmbH Käseverkauf;
URS-001513;CH1200778010203040506;2026-04-08;2026-04-08;2850.00;CHF;DBIT;PMNT-ICDT-DMCT;Hafen Luzern AG;;;Zahlung Rechnung Bootsplatz Saison 2026;
URS-001514;CH1200778010203040506;2026-04-08;2026-04-08;140.30;CHF;DBIT;PMNT-CCRD-POSD;Globus Delicatessa;;;Einkauf Globus Delicatessa Luzern Karte xxxx 4821;5411
URS-001515;CH1200778010203040506;2026-04-08;2026-04-08;65.00;CHF;DBIT;PMNT-IDDT-ESDD;Salt Mobile SA;;;LSV Salt Abo;
URS-001516;CH1200778010203040506;2026-04-08;2026-04-08;147.55;CHF;CRDT;PMNT-RCDT-DMCT;Marktkasse Wochenmarkt Luzern;;;Gutschrift Marktkasse Wochenmarkt Luzern Käseverkauf;
URS-001517;CH1200778010203040506;2026-04-09;2026-04-09;49.00;CHF;DBIT;PMNT-IDDT-ESDD;Swisscom (Schweiz) AG;;;LSV blue TV;
URS-001518;CH1200778010203040506;2026-04-13;2026-04-13;335.00;CHF;DBIT;PMNT-ICDT-DMCT;Serafe AG;;;Zahlung Radio- und Fernsehabgabe 2026;
URS-001519;CH1200778010203040506;2026-04-13;2026-04-13;280.80;CHF;CRDT;PMNT-RCDT-DMCT;Marktkasse Wochenmarkt Luzern;;;Gutschrift Marktkasse Wochenmarkt Luzern Käseverkauf;
URS-001520;CH1200778010203040506;2026-04-14;2026-04-14;301.75;CHF;DBIT;PMNT-ICDT-DMCT;Himalaya Käse Import GmbH;;;Zahlung Rechnung Yak-Käse Lieferung;
URS-001521;CH1200778010203040506;2026-04-14;2026-04-14;44.60;CHF;DBIT;PMNT-CCRD-POSD;Globus Delicatessa;;;Einkauf Globus Delicatessa Luzern Karte xxxx 4821;5411
URS-001522;CH1200778010203040506;2026-04-15;2026-04-15;429.17;CHF;CRDT;PMNT-RCDT-DMCT;Sanitas Grundversicherungen AG;;;Gutschrift Sanitas Grundversicherungen AG Leistungsabrechnung;
URS-001523;CH1200778010203040506;2026-04-16;2026-04-16;262.25;CHF;DBIT;PMNT-CCRD-POSD;Globus;;;Einkauf Globus Luzern Karte xxxx 4821;5651
URS-001524;CH1200778010203040506;2026-04-16;2026-04-16;125.05;CHF;DBIT;PMNT-CCRD-POSD;Migros;;;Einkauf Migros Luzern Karte xxxx 4821;5411
URS-001525;CH1200778010203040506;2026-04-16;2026-04-16;37.95;CHF;DBIT;PMNT-CCRD-POSD;Wirtshaus Galliker;;;Einkauf Wirtshaus Galliker Luzern Karte xxxx 4821;5812
URS-001526;CH1200778010203040506;2026-04-16;2026-04-16;25.15;CHF;DBIT;PMNT-CCRD-POSD;Coop;;;Einkauf Coop Luzern Karte xxxx 4821;5411
URS-001527;CH1200778010203040506;2026-04-16;2026-04-16;161.20;CHF;CRDT;PMNT-RCDT-DMCT;Marktkasse Wochenmarkt Luzern;;;Gutschrift Marktkasse Wochenmarkt Luzern Käseverkauf;
URS-001528;CH1200778010203040506;2026-04-20;2026-04-20;200.00;CHF;DBIT;PMNT-CCRD-CWDL;;;;Bargeldbezug Bancomat LUKB Schwanenplatz Karte xxxx 4821;6011
URS-001529;CH1200778010203040506;2026-04-20;2026-04-20;140.15;CHF;DBIT;PMNT-IDDT-ESDD;ewl energie wasser luzern;;;LSV Energie;
URS-001530;CH1200778010203040506;2026-04-20;2026-04-20;101.15;CHF;DBIT;PMNT-CCRD-POSD;Migros;;;Einkauf Migros Luzern Karte xxxx 4821;5411
URS-001531;CH1200778010203040506;2026-04-20;2026-04-20;79.50;CHF;DBIT;PMNT-CCRD-POSD;Wirtshaus Galliker;;;Einkauf Wirtshaus Galliker Luzern Karte xxxx 4821;5812
URS-001532;CH1200778010203040506;2026-04-20;2026-04-20;33.75;CHF;DBIT;PMNT-CCRD-POSD;Hotel Schweizerhof Restaurant;;;Einkauf Hotel Schweizerhof Restaurant Luzern Karte xxxx 4821;5812
URS-001533;CH1200778010203040506;2026-04-20;2026-04-20;24.20;CHF;DBIT;PMNT-CCRD-POSD;Coop;;;Einkauf Coop Luzern Karte xxxx 4821;5411
URS-001534;CH1200778010203040506;2026-04-20;2026-04-20;23.95;CHF;DBIT;PMNT-IDDT-ESDD;Swisscard AECS GmbH;;;Lastschrift Swisscard AECS GmbH Monatsrechnung 03/2026;
URS-001535;CH1200778010203040506;2026-04-21;2026-04-21;180.00;CHF;DBIT;PMNT-CCRD-CWDL;;;;Bargeldbezug Postomat Luzern Bahnhof Karte xxxx 4821;6011
URS-001536;CH1200778010203040506;2026-04-21;2026-04-21;84.25;CHF;DBIT;PMNT-CCRD-POSD;Globus Delicatessa;;;Einkauf Globus Delicatessa Luzern Karte xxxx 4821;5411
URS-001537;CH1200778010203040506;2026-04-21;2026-04-21;108.15;CHF;CRDT;PMNT-RCDT-DMCT;Marktkasse Wochenmarkt Luzern;;;Gutschrift Marktkasse Wochenmarkt Luzern Käseverkauf;
URS-001538;CH1200778010203040506;2026-04-22;2026-04-22;107.25;CHF;DBIT;PMNT-CCRD-POSD;Avia Tankstelle;;;Einkauf Avia Tankstelle Luzern Karte xxxx 4821;5541
URS-001539;CH1200778010203040506;2026-04-22;2026-04-22;57.45;CHF;DBIT;PMNT-CCRD-POSD;Coop;;;Einkauf Coop Luzern Karte xxxx 4821;5411
URS-001540;CH1200778010203040506;2026-04-22;2026-04-22;106.50;CHF;CRDT;PMNT-RCDT-DMCT;Hofladen Sörenberg GmbH;;;Gutschrift Hofladen Sörenberg GmbH Käseverkauf;
URS-001541;CH1200778010203040506;2026-04-22;2026-04-22;151.00;CHF;CRDT;PMNT-RCDT-DMCT;Marktkasse Wochenmarkt Luzern;;;Gutschrift Marktkasse Wochenmarkt Luzern Käseverkauf;
URS-001542;CH1200778010203040506;2026-04-23;2026-04-23;138.50;CHF;DBIT;PMNT-CCRD-POSD;Hotel Schweizerhof Restaurant;;;Einkauf Hotel Schweizerhof Restaurant Luzern Karte xxxx 4821;5812
URS-001543;CH1200778010203040506;2026-04-23;2026-04-23;88.00;CHF;DBIT;PMNT-CCRD-POSD;Avia Tankstelle;;;Einkauf Avia Tankstelle Luzern Karte xxxx 4821;5541
URS-001544;CH1200778010203040506;2026-04-24;2026-04-24;69.75;CHF;DBIT;PMNT-CCRD-POSD;Coop;;;Einkauf Coop Luzern Karte xxxx 4821;5411
URS-001545;CH1200778010203040506;2026-04-24;2026-04-24;44.15;CHF;DBIT;PMNT-CCRD-POSD;Fantasywelt Luzern;;;Einkauf Fantasywelt Luzern Luzern Karte xxxx 4821;5945
URS-001546;CH1200778010203040506;2026-04-27;2026-04-27;1000.00;CHF;DBIT;PMNT-ICDT-BOOK;;CH3400778010203040599;;Übertrag Sparkonto;
URS-001547;CH1200778010203040506;2026-04-27;2026-04-27;605.00;CHF;DBIT;PMNT-ICDT-STDO;Frankly Vorsorgestiftung 3a;;;Dauerauftrag Säule 3a;
URS-001548;CH1200778010203040506;2026-04-27;2026-04-27;132.30;CHF;CRDT;PMNT-RCDT-DMCT;Hofladen Sörenberg GmbH;;;Gutschrift Hofladen Sörenberg GmbH Käseverkauf;
URS-001549;CH1200778010203040506;2026-04-27;2026-04-27;10750.00;CHF;CRDT;PMNT-RCDT-SALA;Schindler Aufzüge AG;CH9300762011623852333;;Gutschrift Salär April 2026;
URS-001550;CH3400778010203040599;2026-04-27;2026-04-27;1000.00;CHF;CRDT;PMNT-RCDT-BOOK;;CH1200778010203040506;;Übertrag Sparkonto;
URS-001551;CH1200778010203040506;2026-04-28;2026-04-28;2300.00;CHF;DBIT;PMNT-ICDT-STDO;Steueramt der Stadt Luzern;;;Dauerauftrag Steuern Rate;
URS-001552;CH1200778010203040506;2026-04-28;2026-04-28;259.25;CHF;DBIT;PMNT-CCRD-POSD;Old Swiss House;;;Einkauf Old Swiss House Luzern Karte xxxx 4821;5812
URS-001553;CH1200778010203040506;2026-04-28;2026-04-28;218.80;CHF;CRDT;PMNT-RCDT-DMCT;Marktkasse Wochenmarkt Luzern;;;Gutschrift Marktkasse Wochenmarkt Luzern Käseverkauf;
URS-001554;CH1200778010203040506;2026-05-01;2026-05-01;2650.00;CHF;DBIT;PMNT-ICDT-STDO;Allgemeine Baugenossenschaft Luzern;;;Dauerauftrag Miete Haldenstrasse;
URS-001555;CH1200778010203040506;2026-05-01;2026-05-01;900.00;CHF;DBIT;PMNT-ICDT-STDO;Zimmermann Laura;;;Dauerauftrag Unterhalt Laura;
URS-001556;CH1200778010203040506;2026-05-01;2026-05-01;160.00;CHF;DBIT;PMNT-CCRD-CWDL;;;;Bargeldbezug Bancomat LUKB Schwanenplatz Karte xxxx 4821;6011
URS-001557;CH1200778010203040506;2026-05-04;2026-05-04;80.85;CHF;DBIT;PMNT-CCRD-POSD;Jelmoli;;;Einkauf Jelmoli Luzern Karte xxxx 4821;5651
URS-001558;CH1200778010203040506;2026-05-05;2026-05-05;518.00;CHF;DBIT;PMNT-IDDT-ESDD;Sanitas Grundversicherungen AG;;;LSV Prämie Grundversicherung;
URS-001559;CH1200778010203040506;2026-05-05;2026-05-05;31.35;CHF;DBIT;PMNT-CCRD-POSD;Migros;;;Einkauf Migros Luzern Karte xxxx 4821;5411
URS-001560;CH1200778010203040506;2026-05-06;2026-05-06;160.00;CHF;DBIT;PMNT-CCRD-CWDL;;;;Bargeldbezug Bancomat LUKB Schwanenplatz Karte xxxx 4821;6011
URS-001561;CH1200778010203040506;2026-05-06;2026-05-06;46.80;CHF;DBIT;PMNT-ICDT-ESCT;;;;TWINT *Sende an Beat Wicki;
URS-001562;CH1200778010203040506;2026-05-07;2026-05-07;60.70;CHF;DBIT;PMNT-ICDT-ESCT;;;;TWINT *Sende an Beat Wicki;
URS-001563;CH1200778010203040506;2026-05-08;2026-05-08;240.00;CHF;DBIT;PMNT-CCRD-CWDL;;;;Bargeldbezug Postomat Luzern Bahnhof Karte xxxx 4821;6011
URS-001564;CH1200778010203040506;2026-05-08;2026-05-08;91.40;CHF;DBIT;PMNT-CCRD-POSD;BP Tankstelle;;;Einkauf BP Tankstelle Luzern Karte xxxx 4821;5541
URS-001565;CH1200778010203040506;2026-05-08;2026-05-08;65.00;CHF;DBIT;PMNT-IDDT-ESDD;Salt Mobile SA;;;LSV Salt Abo;
URS-001566;CH1200778010203040506;2026-05-08;2026-05-08;57.10;CHF;DBIT;PMNT-ICDT-ESCT;;;;TWINT *Sende an Beat Wicki;
URS-001567;CH1200778010203040506;2026-05-11;2026-05-11;130.30;CHF;DBIT;PMNT-CCRD-POSD;Shell;;;Einkauf Shell Luzern Karte xxxx 4821;5541
URS-001568;CH1200778010203040506;2026-05-11;2026-05-11;92.25;CHF;DBIT;PMNT-CCRD-POSD;Old Swiss House;;;Einkauf Old Swiss House Luzern Karte xxxx 4821;5812
URS-001569;CH1200778010203040506;2026-05-11;2026-05-11;62.60;CHF;DBIT;PMNT-CCRD-POSD;Tankstelle Hafen Luzern;;;Einkauf Tankstelle Hafen Luzern Bootsbenzin Karte xxxx 2210;
URS-001570;CH1200778010203040506;2026-05-11;2026-05-11;49.00;CHF;DBIT;PMNT-IDDT-ESDD;Swisscom (Schweiz) AG;;;LSV blue TV;
URS-001571;CH1200778010203040506;2026-05-11;2026-05-11;224.70;CHF;CRDT;PMNT-RCDT-DMCT;Marktkasse Wochenmarkt Luzern;;;Gutschrift Marktkasse Wochenmarkt Luzern Käseverkauf;
URS-001572;CH1200778010203040506;2026-05-12;2026-05-12;780.00;CHF;DBIT;PMNT-ICDT-DMCT;Allianz Suisse;;;Zahlung Prämie Bootsversicherung;
URS-001573;CH1200778010203040506;2026-05-12;2026-05-12;93.45;CHF;DBIT;PMNT-CCRD-POSD;Hotel Schweizerhof Restaurant;;;Einkauf Hotel Schweizerhof Restaurant Luzern Karte xxxx 4821;5812
URS-001574;CH1200778010203040506;2026-05-13;2026-05-13;49.35;CHF;DBIT;PMNT-CCRD-POSD;Hotel Schweizerhof Restaurant;;;Einkauf Hotel Schweizerhof Restaurant Luzern Karte xxxx 4821;5812
URS-001575;CH1200778010203040506;2026-05-14;2026-05-14;490.85;CHF;DBIT;PMNT-ICDT-DMCT;Himalaya Käse Import GmbH;;;Zahlung Rechnung Yak-Käse Lieferung;
URS-001576;CH1200778010203040506;2026-05-14;2026-05-14;150.75;CHF;DBIT;PMNT-CCRD-POSD;Games Workshop Luzern;;;Einkauf Games Workshop Luzern Luzern Karte xxxx 4821;5945
URS-001577;CH1200778010203040506;2026-05-15;2026-05-15;131.45;CHF;DBIT;PMNT-CCRD-POSD;Old Swiss House;;;Einkauf Old Swiss House Luzern Karte xxxx 4821;5812
URS-001578;CH1200778010203040506;2026-05-15;2026-05-15;110.05;CHF;DBIT;PMNT-CCRD-POSD;Tankstelle Hafen Luzern;;;Einkauf Tankstelle Hafen Luzern Bootsbenzin Karte xxxx 2210;
URS-001579;CH1200778010203040506;2026-05-18;2026-05-18;536.70;CHF;DBIT;PMNT-IDDT-ESDD;Swisscard AECS GmbH;;;Lastschrift Swisscard AECS GmbH Monatsrechnung 04/2026;
URS-001580;CH1200778010203040506;2026-05-18;2026-05-18;108.15;CHF;DBIT;PMNT-CCRD-POSD;Avia Tankstelle;;;Einkauf Avia Tankstelle Luzern Karte xxxx 4821;5541
URS-001581;CH1200778010203040506;2026-05-18;2026-05-18;80.80;CHF;DBIT;PMNT-CCRD-POSD;Wirtshaus Galliker;;;Einkauf Wirtshaus Galliker Luzern Karte xxxx 4821;5812
URS-001582;CH1200778010203040506;2026-05-18;2026-05-18;43.00;CHF;DBIT;PMNT-CCRD-POSD;Manor Food;;;Einkauf Manor Food Luzern Karte xxxx 4821;5411
URS-001583;CH1200778010203040506;2026-05-18;2026-05-18;26.40;CHF;DBIT;PMNT-CCRD-POSD;Coop;;;Einkauf Coop Luzern Karte xxxx 4821;5411
URS-001584;CH1200778010203040506;2026-05-19;2026-05-19;139.75;CHF;DBIT;PMNT-CCRD-POSD;Fantasywelt Luzern;;;Einkauf Fantasywelt Luzern Luzern Karte xxxx 4821;5945
URS-001585;CH1200778010203040506;2026-05-20;2026-05-20;160.05;CHF;DBIT;PMNT-CCRD-POSD;Coop;;;Einkauf Coop Luzern Karte xxxx 4821;5411
URS-001586;CH1200778010203040506;2026-05-20;2026-05-20;113.10;CHF;DBIT;PMNT-CCRD-POSD;Tankstelle Hafen Luzern;;;Einkauf Tankstelle Hafen Luzern Bootsbenzin Karte xxxx 2210;
URS-001587;CH1200778010203040506;2026-05-21;2026-05-21;76.20;CHF;DBIT;PMNT-CCRD-POSD;Games Workshop Luzern;;;Einkauf Games Workshop Luzern Luzern Karte xxxx 4821;5945
URS-001588;CH1200778010203040506;2026-05-22;2026-05-22;37.65;CHF;DBIT;PMNT-CCRD-POSD;Migros;;;Einkauf Migros Luzern Karte xxxx 4821;5411
URS-001589;CH1200778010203040506;2026-05-25;2026-05-25;741.10;CHF;DBIT;PMNT-ICDT-DMCT;Bootsservice Vierwaldstättersee GmbH;;;Zahlung Rechnung Bootsservice;
URS-001590;CH1200778010203040506;2026-05-25;2026-05-25;138.60;CHF;DBIT;PMNT-ICDT-ESCT;;;;TWINT *Sende an Laura Zimmermann;
URS-001591;CH1200778010203040506;2026-05-25;2026-05-25;114.40;CHF;DBIT;PMNT-CCRD-POSD;Old Swiss House;;;Einkauf Old Swiss House Luzern Karte xxxx 4821;5812
URS-001592;CH1200778010203040506;2026-05-25;2026-05-25;102.85;CHF;DBIT;PMNT-CCRD-POSD;Migros;;;Einkauf Migros Luzern Karte xxxx 4821;5411
URS-001593;CH1200778010203040506;2026-05-25;2026-05-25;53.35;CHF;DBIT;PMNT-CCRD-POSD;Manor Food;;;Einkauf Manor Food Luzern Karte xxxx 4821;5411
URS-001594;CH1200778010203040506;2026-05-25;2026-05-25;10750.00;CHF;CRDT;PMNT-RCDT-SALA;Schindler Aufzüge AG;CH9300762011623852333;;Gutschrift Salär Mai 2026;
URS-001595;CH1200778010203040506;2026-05-26;2026-05-26;1000.00;CHF;DBIT;PMNT-ICDT-BOOK;;CH3400778010203040599;;Übertrag Sparkonto;
URS-001596;CH1200778010203040506;2026-05-26;2026-05-26;259.15;CHF;CRDT;PMNT-RCDT-DMCT;Hofladen Sörenberg GmbH;;;Gutschrift Hofladen Sörenberg GmbH Käseverkauf;
URS-001597;CH3400778010203040599;2026-05-26;2026-05-26;1000.00;CHF;CRDT;PMNT-RCDT-BOOK;;CH1200778010203040506;;Übertrag Sparkonto;
URS-001598;CH1200778010203040506;2026-05-27;2026-05-27;605.00;CHF;DBIT;PMNT-ICDT-STDO;Frankly Vorsorgestiftung 3a;;;Dauerauftrag Säule 3a;
URS-001599;CH1200778010203040506;2026-05-27;2026-05-27;76.10;CHF;DBIT;PMNT-CCRD-POSD;Hotel Schweizerhof Restaurant;;;Einkauf Hotel Schweizerhof Restaurant Luzern Karte xxxx 4821;5812
URS-001600;CH1200778010203040506;2026-05-27;2026-05-27;38.50;CHF;DBIT;PMNT-CCRD-POSD;Migros;;;Einkauf Migros Luzern Karte xxxx 4821;5411
URS-001601;CH1200778010203040506;2026-05-27;2026-05-27;35.50;CHF;DBIT;PMNT-CCRD-POSD;Migros;;;Einkauf Migros Luzern Karte xxxx 4821;5411
URS-001602;CH1200778010203040506;2026-05-27;2026-05-27;35.50;CHF;DBIT;PMNT-CCRD-POSD;Migros;;;Einkauf Migros Luzern Karte xxxx 4821;5411
URS-001603;CH1200778010203040506;2026-05-28;2026-05-28;2300.00;CHF;DBIT;PMNT-ICDT-STDO;Steueramt der Stadt Luzern;;;Dauerauftrag Steuern Rate;
URS-001604;CH1200778010203040506;2026-05-28;2026-05-28;36.70;CHF;DBIT;PMNT-CCRD-POSD;Hotel Schweizerhof Restaurant;;;Einkauf Hotel Schweizerhof Restaurant Luzern Karte xxxx 4821;5812
URS-001605;CH1200778010203040506;2026-06-01;2026-06-01;2650.00;CHF;DBIT;PMNT-ICDT-STDO;Allgemeine Baugenossenschaft Luzern;;;Dauerauftrag Miete Haldenstrasse;
URS-001606;CH1200778010203040506;2026-06-01;2026-06-01;900.00;CHF;DBIT;PMNT-ICDT-STDO;Zimmermann Laura;;;Dauerauftrag Unterhalt Laura;
URS-001607;CH1200778010203040506;2026-06-01;2026-06-01;87.50;CHF;DBIT;PMNT-CCRD-POSD;Shell;;;Einkauf Shell Luzern Karte xxxx 4821;5541
URS-001608;CH1200778010203040506;2026-06-02;2026-06-02;60.95;CHF;DBIT;PMNT-CCRD-POSD;Globus Delicatessa;;;Einkauf Globus Delicatessa Luzern Karte xxxx 4821;5411
URS-001609;CH1200778010203040506;2026-06-02;2026-06-02;41.40;CHF;DBIT;PMNT-ICDT-ESCT;;;;TWINT *Sende an Beat Wicki;
URS-001610;CH1200778010203040506;2026-06-03;2026-06-03;123.55;CHF;DBIT;PMNT-CCRD-POSD;Shell;;;Einkauf Shell Luzern Karte xxxx 4821;5541
URS-001611;CH1200778010203040506;2026-06-03;2026-06-03;91.95;CHF;DBIT;PMNT-CCRD-POSD;Globus;;;Einkauf Globus Luzern Karte xxxx 4821;5651
URS-001612;CH1200778010203040506;2026-06-03;2026-06-03;58.65;CHF;DBIT;PMNT-CCRD-POSD;Jelmoli;;;Einkauf Jelmoli Luzern Karte xxxx 4821;5651
URS-001613;CH1200778010203040506;2026-06-05;2026-06-05;518.00;CHF;DBIT;PMNT-IDDT-ESDD;Sanitas Grundversicherungen AG;;;LSV Prämie Grundversicherung;
URS-001614;CH1200778010203040506;2026-06-05;2026-06-05;65.60;CHF;DBIT;PMNT-CCRD-POSD;Manor Food;;;Einkauf Manor Food Luzern Karte xxxx 4821;5411
URS-001615;CH1200778010203040506;2026-06-05;2026-06-05;46.30;CHF;DBIT;PMNT-CCRD-POSD;Old Swiss House;;;Einkauf Old Swiss House Luzern Karte xxxx 4821;5812
URS-001616;CH1200778010203040506;2026-06-08;2026-06-08;197.40;CHF;DBIT;PMNT-CCRD-POSD;Jelmoli;;;Einkauf Jelmoli Luzern Karte xxxx 4821;5651
URS-001617;CH1200778010203040506;2026-06-08;2026-06-08;95.05;CHF;DBIT;PMNT-CCRD-POSD;Old Swiss House;;;Einkauf Old Swiss House Luzern Karte xxxx 4821;5812
URS-001618;CH1200778010203040506;2026-06-08;2026-06-08;65.00;CHF;DBIT;PMNT-IDDT-ESDD;Salt Mobile SA;;;LSV Salt Abo;
URS-001619;CH1200778010203040506;2026-06-08;2026-06-08;63.40;CHF;DBIT;PMNT-CCRD-POSD;Manor Food;;;Einkauf Manor Food Luzern Karte xxxx 4821;5411
URS-001620;CH1200778010203040506;2026-06-08;2026-06-08;48.65;CHF;DBIT;PMNT-CCRD-POSD;Migros;;;Einkauf Migros Luzern Karte xxxx 4821;5411
URS-001621;CH1200778010203040506;2026-06-08;2026-06-08;34.40;CHF;DBIT;PMNT-CCRD-POSD;Old Swiss House;;;Einkauf Old Swiss House Luzern Karte xxxx 4821;5812
URS-001622;CH1200778010203040506;2026-06-08;2026-06-08;132.85;CHF;CRDT;PMNT-RCDT-DMCT;Marktkasse Wochenmarkt Luzern;;;Gutschrift Marktkasse Wochenmarkt Luzern Käseverkauf;
URS-001623;CH1200778010203040506;2026-06-09;2026-06-09;148.30;CHF;DBIT;PMNT-CCRD-POSD;Globus;;;Einkauf Globus Luzern Karte xxxx 4821;5651
URS-001624;CH1200778010203040506;2026-06-09;2026-06-09;49.00;CHF;DBIT;PMNT-IDDT-ESDD;Swisscom (Schweiz) AG;;;LSV blue TV;
URS-001625;CH1200778010203040506;2026-06-10;2026-06-10;1650.00;CHF;DBIT;PMNT-ICDT-DMCT;AXA Versicherungen AG;;;Zahlung Motorfahrzeugversicherung;
URS-001626;CH1200778010203040506;2026-06-10;2026-06-10;187.15;CHF;DBIT;PMNT-CCRD-POSD;Old Swiss House;;;Einkauf Old Swiss House Luzern Karte xxxx 4821;5812
URS-001627;CH1200778010203040506;2026-06-10;2026-06-10;185.15;CHF;CRDT;PMNT-RCDT-DMCT;Hofladen Sörenberg GmbH;;;Gutschrift Hofladen Sörenberg GmbH Käseverkauf;
URS-001628;CH1200778010203040506;2026-06-12;2026-06-12;90.75;CHF;DBIT;PMNT-CCRD-POSD;Globus Delicatessa;;;Einkauf Globus Delicatessa Luzern Karte xxxx 4821;5411
URS-001629;CH1200778010203040506;2026-06-12;2026-06-12;77.15;CHF;DBIT;PMNT-CCRD-POSD;Coop;;;Einkauf Coop Luzern Karte xxxx 4821;5411
URS-001630;CH1200778010203040506;2026-06-15;2026-06-15;464.30;CHF;DBIT;PMNT-ICDT-DMCT;Himalaya Käse Import GmbH;;;Zahlung Rechnung Yak-Käse Lieferung;
URS-001631;CH1200778010203040506;2026-06-15;2026-06-15;104.05;CHF;DBIT;PMNT-CCRD-POSD;Fantasywelt Luzern;;;Einkauf Fantasywelt Luzern Luzern Karte xxxx 4821;5945
URS-001632;CH1200778010203040506;2026-06-15;2026-06-15;44.10;CHF;DBIT;PMNT-CCRD-POSD;Globus Delicatessa;;;Einkauf Globus Delicatessa Luzern Karte xxxx 4821;5411
URS-001633;CH1200778010203040506;2026-06-15;2026-06-15;35.95;CHF;DBIT;PMNT-CCRD-POSD;Globus Delicatessa;;;Einkauf Globus Delicatessa Luzern Karte xxxx 4821;5411
URS-001634;CH1200778010203040506;2026-06-15;2026-06-15;62.35;CHF;CRDT;PMNT-RCDT-ESCT;;;;TWINT *Empfangen von Laura Zimmermann;
URS-001635;CH1200778010203040506;2026-06-16;2026-06-16;293.60;CHF;CRDT;PMNT-RCDT-DMCT;Marktkasse Wochenmarkt Luzern;;;Gutschrift Marktkasse Wochenmarkt Luzern Käseverkauf;
URS-001636;CH1200778010203040506;2026-06-17;2026-06-17;106.15;CHF;DBIT;PMNT-CCRD-POSD;Migros;;;Einkauf Migros Luzern Karte xxxx 4821;5411
URS-001637;CH1200778010203040506;2026-06-17;2026-06-17;44.60;CHF;DBIT;PMNT-CCRD-POSD;Manor Food;;;Einkauf Manor Food Luzern Karte xxxx 4821;5411
URS-001638;CH1200778010203040506;2026-06-18;2026-06-18;194.55;CHF;DBIT;PMNT-CCRD-POSD;Old Swiss House;;;Einkauf Old Swiss House Luzern Karte xxxx 4821;5812
URS-001639;CH1200778010203040506;2026-06-18;2026-06-18;91.80;CHF;DBIT;PMNT-IDDT-ESDD;Swisscard AECS GmbH;;;Lastschrift Swisscard AECS GmbH Monatsrechnung 05/2026;
URS-001640;CH1200778010203040506;2026-06-18;2026-06-18;47.80;CHF;DBIT;PMNT-CCRD-POSD;Old Swiss House;;;Einkauf Old Swiss House Luzern Karte xxxx 4821;5812
URS-001641;CH1200778010203040506;2026-06-18;2026-06-18;120.45;CHF;CRDT;PMNT-RCDT-DMCT;Marktkasse Wochenmarkt Luzern;;;Gutschrift Marktkasse Wochenmarkt Luzern Käseverkauf;
URS-001642;CH1200778010203040506;2026-06-18;2026-06-18;122.90;CHF;CRDT;PMNT-RCDT-DMCT;Marktkasse Wochenmarkt Luzern;;;Gutschrift Marktkasse Wochenmarkt Luzern Käseverkauf;
URS-001643;CH1200778010203040506;2026-06-19;2026-06-19;104.25;CHF;DBIT;PMNT-CCRD-POSD;Wirtshaus Galliker;;;Einkauf Wirtshaus Galliker Luzern Karte xxxx 4821;5812
URS-001644;CH1200778010203040506;2026-06-19;2026-06-19;55.40;CHF;DBIT;PMNT-CCRD-POSD;Old Swiss House;;;Einkauf Old Swiss House Luzern Karte xxxx 4821;5812
URS-001645;CH1200778010203040506;2026-06-22;2026-06-22;120.95;CHF;DBIT;PMNT-CCRD-POSD;Fantasywelt Luzern;;;Einkauf Fantasywelt Luzern Luzern Karte xxxx 4821;5945
URS-001646;CH1200778010203040506;2026-06-22;2026-06-22;37.35;CHF;DBIT;PMNT-CCRD-POSD;Wirtshaus Galliker;;;Einkauf Wirtshaus Galliker Luzern Karte xxxx 4821;5812
URS-001647;CH1200778010203040506;2026-06-23;2026-06-23;135.20;CHF;DBIT;PMNT-CCRD-POSD;Migros;;;Einkauf Migros Luzern Karte xxxx 4821;5411
URS-001648;CH1200778010203040506;2026-06-24;2026-06-24;129.30;CHF;DBIT;PMNT-CCRD-POSD;Galaxus;;;Einkauf Galaxus Luzern Karte xxxx 4821;5651
URS-001649;CH1200778010203040506;2026-06-24;2026-06-24;37.05;CHF;DBIT;PMNT-CCRD-POSD;Globus Delicatessa;;;Einkauf Globus Delicatessa Luzern Karte xxxx 4821;5411
URS-001650;CH1200778010203040506;2026-06-25;2026-06-25;200.00;CHF;DBIT;PMNT-CCRD-CWDL;;;;Bargeldbezug Postomat Luzern Bahnhof Karte xxxx 4821;6011
URS-001651;CH1200778010203040506;2026-06-25;2026-06-25;38.55;CHF;DBIT;PMNT-CCRD-POSD;Globus Delicatessa;;;Einkauf Globus Delicatessa Luzern Karte xxxx 4821;5411
URS-001652;CH1200778010203040506;2026-06-25;2026-06-25;10750.00;CHF;CRDT;PMNT-RCDT-SALA;Schindler Aufzüge AG;CH9300762011623852333;;Gutschrift Salär Juni 2026;
URS-001653;CH1200778010203040506;2026-06-26;2026-06-26;1000.00;CHF;DBIT;PMNT-ICDT-BOOK;;CH3400778010203040599;;Übertrag Sparkonto;
URS-001654;CH3400778010203040599;2026-06-26;2026-06-26;1000.00;CHF;CRDT;PMNT-RCDT-BOOK;;CH1200778010203040506;;Übertrag Sparkonto;
URS-001655;CH1200778010203040506;2026-06-29;2026-06-29;2300.00;CHF;DBIT;PMNT-ICDT-STDO;Steueramt der Stadt Luzern;;;Dauerauftrag Steuern Rate;
URS-001656;CH1200778010203040506;2026-06-29;2026-06-29;605.00;CHF;DBIT;PMNT-ICDT-STDO;Frankly Vorsorgestiftung 3a;;;Dauerauftrag Säule 3a;
URS-001657;CH1200778010203040506;2026-06-29;2026-06-29;54.30;CHF;DBIT;PMNT-CCRD-POSD;Globus Delicatessa;;;Einkauf Globus Delicatessa Luzern Karte xxxx 4821;5411
URS-001658;CH1200778010203040506;2026-06-29;2026-06-29;53.40;CHF;DBIT;PMNT-CCRD-POSD;Migros;;;Einkauf Migros Luzern Karte xxxx 4821;5411
URS-001659;CH1200778010203040506;2026-06-29;2026-06-29;16.55;CHF;DBIT;PMNT-CCRD-POSD;Globus;;;Einkauf Globus Luzern Karte xxxx 4821;5651
URS-001660;CH1200778010203040506;2026-07-01;2026-07-01;2650.00;CHF;DBIT;PMNT-ICDT-STDO;Allgemeine Baugenossenschaft Luzern;;;Dauerauftrag Miete Haldenstrasse;
URS-001661;CH1200778010203040506;2026-07-01;2026-07-01;900.00;CHF;DBIT;PMNT-ICDT-STDO;Zimmermann Laura;;;Dauerauftrag Unterhalt Laura;
URS-001662;CH1200778010203040506;2026-07-01;2026-07-01;127.85;CHF;DBIT;PMNT-CCRD-POSD;BP Tankstelle;;;Einkauf BP Tankstelle Luzern Karte xxxx 4821;5541
URS-001663;CH1200778010203040506;2026-07-01;2026-07-01;120.00;CHF;DBIT;PMNT-CCRD-CWDL;;;;Bargeldbezug Postomat Luzern Bahnhof Karte xxxx 4821;6011
URS-001664;CH1200778010203040506;2026-07-01;2026-07-01;64.60;CHF;DBIT;PMNT-CCRD-POSD;Globus;;;Einkauf Globus Luzern Karte xxxx 4821;5651
URS-001665;CH1200778010203040506;2026-07-02;2026-07-02;101.50;CHF;DBIT;PMNT-CCRD-POSD;Avia Tankstelle;;;Einkauf Avia Tankstelle Luzern Karte xxxx 4821;5541
URS-001666;CH1200778010203040506;2026-07-02;2026-07-02;73.00;CHF;DBIT;PMNT-CCRD-POSD;Wirtshaus Galliker;;;Einkauf Wirtshaus Galliker Luzern Karte xxxx 4821;5812
URS-001667;CH1200778010203040506;2026-07-02;2026-07-02;72.20;CHF;DBIT;PMNT-CCRD-POSD;Globus Delicatessa;;;Einkauf Globus Delicatessa Luzern Karte xxxx 4821;5411
URS-001668;CH1200778010203040506;2026-07-02;2026-07-02;65.55;CHF;DBIT;PMNT-CCRD-POSD;Manor Food;;;Einkauf Manor Food Luzern Karte xxxx 4821;5411
URS-001669;CH1200778010203040506;2026-07-02;2026-07-02;337.05;CHF;CRDT;PMNT-RCDT-DMCT;Marktkasse Wochenmarkt Luzern;;;Gutschrift Marktkasse Wochenmarkt Luzern Käseverkauf;
URS-001670;CH1200778010203040506;2026-07-03;2026-07-03;300.00;CHF;DBIT;PMNT-CCRD-CWDL;;;;Bargeldbezug Bancomat LUKB Schwanenplatz Karte xxxx 4821;6011
URS-001671;CH1200778010203040506;2026-07-06;2026-07-06;518.00;CHF;DBIT;PMNT-IDDT-ESDD;Sanitas Grundversicherungen AG;;;LSV Prämie Grundversicherung;
URS-001672;CH1200778010203040506;2026-07-06;2026-07-06;201.60;CHF;DBIT;PMNT-CCRD-POSD;Galaxus;;;Einkauf Galaxus Luzern Karte xxxx 4821;5651
URS-001673;CH1200778010203040506;2026-07-06;2026-07-06;112.95;CHF;DBIT;PMNT-CCRD-POSD;Games Workshop Luzern;;;Einkauf Games Workshop Luzern Luzern Karte xxxx 4821;5945
URS-001674;CH1200778010203040506;2026-07-06;2026-07-06;83.50;CHF;DBIT;PMNT-CCRD-POSD;Manor Food;;;Einkauf Manor Food Luzern Karte xxxx 4821;5411
URS-001675;CH1200778010203040506;2026-07-06;2026-07-06;76.05;CHF;DBIT;PMNT-CCRD-POSD;Wirtshaus Galliker;;;Einkauf Wirtshaus Galliker Luzern Karte xxxx 4821;5812
URS-001676;CH1200778010203040506;2026-07-06;2026-07-06;63.25;CHF;DBIT;PMNT-CCRD-POSD;Shell;;;Einkauf Shell Luzern Karte xxxx 4821;5541
URS-001677;CH1200778010203040506;2026-07-06;2026-07-06;34.55;CHF;DBIT;PMNT-CCRD-POSD;Migros;;;Einkauf Migros Luzern Karte xxxx 4821;5411
URS-001678;CH1200778010203040506;2026-07-06;2026-07-06;281.25;CHF;CRDT;PMNT-RCDT-DMCT;Marktkasse Wochenmarkt Luzern;;;Gutschrift Marktkasse Wochenmarkt Luzern Käseverkauf;
URS-001679;CH1200778010203040506;2026-07-08;2026-07-08;104.30;CHF;DBIT;PMNT-CCRD-POSD;Shell;;;Einkauf Shell Luzern Karte xxxx 4821;5541
URS-001680;CH1200778010203040506;2026-07-08;2026-07-08;65.00;CHF;DBIT;PMNT-IDDT-ESDD;Salt Mobile SA;;;LSV Salt Abo;
URS-001681;CH1200778010203040506;2026-07-09;2026-07-09;73.85;CHF;DBIT;PMNT-CCRD-POSD;Avia Tankstelle;;;Einkauf Avia Tankstelle Luzern Karte xxxx 4821;5541
URS-001682;CH1200778010203040506;2026-07-09;2026-07-09;49.00;CHF;DBIT;PMNT-IDDT-ESDD;Swisscom (Schweiz) AG;;;LSV blue TV;
URS-001683;CH1200778010203040506;2026-07-10;2026-07-10;110.35;CHF;DBIT;PMNT-CCRD-POSD;Wirtshaus Galliker;;;Einkauf Wirtshaus Galliker Luzern Karte xxxx 4821;5812
URS-001684;CH1200778010203040506;2026-07-14;2026-07-14;451.30;CHF;DBIT;PMNT-ICDT-DMCT;Himalaya Käse Import GmbH;;;Zahlung Rechnung Yak-Käse Lieferung;
URS-001685;CH1200778010203040506;2026-07-14;2026-07-14;150.20;CHF;DBIT;PMNT-CCRD-POSD;Shell;;;Einkauf Shell Luzern Karte xxxx 4821;5541
URS-001686;CH1200778010203040506;2026-07-14;2026-07-14;80.35;CHF;DBIT;PMNT-CCRD-POSD;Manor Food;;;Einkauf Manor Food Luzern Karte xxxx 4821;5411
URS-001687;CH1200778010203040506;2026-07-14;2026-07-14;65.25;CHF;DBIT;PMNT-CCRD-POSD;Migros;;;Einkauf Migros Luzern Karte xxxx 4821;5411
URS-001688;CH1200778010203040506;2026-07-14;2026-07-14;21.45;CHF;DBIT;PMNT-CCRD-POSD;Coop;;;Einkauf Coop Luzern Karte xxxx 4821;5411
URS-001689;CH1200778010203040506;2026-07-15;2026-07-15;62.50;CHF;DBIT;PMNT-CCRD-POSD;Migros;;;Einkauf Migros Luzern Karte xxxx 4821;5411
URS-001690;CH1200778010203040506;2026-07-15;2026-07-15;132.65;CHF;CRDT;PMNT-RCDT-DMCT;Marktkasse Wochenmarkt Luzern;;;Gutschrift Marktkasse Wochenmarkt Luzern Käseverkauf;
URS-001691;CH1200778010203040506;2026-07-16;2026-07-16;90.15;CHF;DBIT;PMNT-CCRD-POSD;Hotel Schweizerhof Restaurant;;;Einkauf Hotel Schweizerhof Restaurant Luzern Karte xxxx 4821;5812
URS-001692;CH1200778010203040506;2026-07-17;2026-07-17;88.30;CHF;DBIT;PMNT-CCRD-POSD;Tankstelle Hafen Luzern;;;Einkauf Tankstelle Hafen Luzern Bootsbenzin Karte xxxx 2210;
URS-001693;CH1200778010203040506;2026-07-17;2026-07-17;41.15;CHF;DBIT;PMNT-CCRD-POSD;Coop;;;Einkauf Coop Luzern Karte xxxx 4821;5411
URS-001694;CH1200778010203040506;2026-07-17;2026-07-17;40.25;CHF;DBIT;PMNT-CCRD-POSD;Old Swiss House;;;Einkauf Old Swiss House Luzern Karte xxxx 4821;5812
URS-001695;CH1200778010203040506;2026-07-20;2026-07-20;373.35;CHF;DBIT;PMNT-CCRD-POSD;Jelmoli;;;Einkauf Jelmoli Luzern Karte xxxx 4821;5651
URS-001696;CH1200778010203040506;2026-07-20;2026-07-20;248.20;CHF;DBIT;PMNT-IDDT-ESDD;Swisscard AECS GmbH;;;Lastschrift Swisscard AECS GmbH Monatsrechnung 06/2026;
URS-001697;CH1200778010203040506;2026-07-20;2026-07-20;119.70;CHF;DBIT;PMNT-IDDT-ESDD;ewl energie wasser luzern;;;LSV Energie;
URS-001698;CH1200778010203040506;2026-07-20;2026-07-20;83.50;CHF;DBIT;PMNT-CCRD-POSD;Hotel Schweizerhof Restaurant;;;Einkauf Hotel Schweizerhof Restaurant Luzern Karte xxxx 4821;5812
URS-001699;CH1200778010203040506;2026-07-20;2026-07-20;80.60;CHF;DBIT;PMNT-ICDT-ESCT;;;;TWINT *Sende an Laura Zimmermann;
URS-001700;CH1200778010203040506;2026-07-20;2026-07-20;74.80;CHF;DBIT;PMNT-CCRD-POSD;Manor Food;;;Einkauf Manor Food Luzern Karte xxxx 4821;5411
URS-001701;CH1200778010203040506;2026-07-20;2026-07-20;72.65;CHF;DBIT;PMNT-CCRD-POSD;Manor Food;;;Einkauf Manor Food Luzern Karte xxxx 4821;5411
URS-001702;CH1200778010203040506;2026-07-20;2026-07-20;37.25;CHF;DBIT;PMNT-CCRD-POSD;Globus Delicatessa;;;Einkauf Globus Delicatessa Luzern Karte xxxx 4821;5411
URS-001703;CH1200778010203040506;2026-07-22;2026-07-22;74.60;CHF;DBIT;PMNT-CCRD-POSD;Fantasywelt Luzern;;;Einkauf Fantasywelt Luzern Luzern Karte xxxx 4821;5945
URS-001704;CH1200778010203040506;2026-07-22;2026-07-22;123.95;CHF;CRDT;PMNT-RCDT-DMCT;Hofladen Sörenberg GmbH;;;Gutschrift Hofladen Sörenberg GmbH Käseverkauf;
URS-001705;CH1200778010203040506;2026-07-23;2026-07-23;97.50;CHF;DBIT;PMNT-CCRD-POSD;Old Swiss House;;;Einkauf Old Swiss House Luzern Karte xxxx 4821;5812
URS-001706;CH1200778010203040506;2026-07-23;2026-07-23;58.65;CHF;DBIT;PMNT-CCRD-POSD;Wirtshaus Galliker;;;Einkauf Wirtshaus Galliker Luzern Karte xxxx 4821;5812
URS-001707;CH1200778010203040506;2026-07-23;2026-07-23;50.80;CHF;DBIT;PMNT-CCRD-POSD;Manor Food;;;Einkauf Manor Food Luzern Karte xxxx 4821;5411
URS-001708;CH1200778010203040506;2026-07-24;2026-07-24;240.00;CHF;DBIT;PMNT-CCRD-CWDL;;;;Bargeldbezug Bancomat LUKB Schwanenplatz Karte xxxx 4821;6011
URS-001709;CH1200778010203040506;2026-07-27;2026-07-27;1000.00;CHF;DBIT;PMNT-ICDT-BOOK;;CH3400778010203040599;;Übertrag Sparkonto;
URS-001710;CH1200778010203040506;2026-07-27;2026-07-27;605.00;CHF;DBIT;PMNT-ICDT-STDO;Frankly Vorsorgestiftung 3a;;;Dauerauftrag Säule 3a;
URS-001711;CH1200778010203040506;2026-07-27;2026-07-27;77.15;CHF;DBIT;PMNT-CCRD-POSD;Manor Food;;;Einkauf Manor Food Luzern Karte xxxx 4821;5411
URS-001712;CH1200778010203040506;2026-07-27;2026-07-27;66.15;CHF;DBIT;PMNT-CCRD-POSD;Tankstelle Hafen Luzern;;;Einkauf Tankstelle Hafen Luzern Bootsbenzin Karte xxxx 2210;
URS-001713;CH1200778010203040506;2026-07-27;2026-07-27;55.30;CHF;DBIT;PMNT-CCRD-POSD;Migros;;;Einkauf Migros Luzern Karte xxxx 4821;5411
URS-001714;CH1200778010203040506;2026-07-27;2026-07-27;10750.00;CHF;CRDT;PMNT-RCDT-SALA;Schindler Aufzüge AG;CH9300762011623852333;;Gutschrift Salär Juli 2026;
URS-001715;CH3400778010203040599;2026-07-27;2026-07-27;1000.00;CHF;CRDT;PMNT-RCDT-BOOK;;CH1200778010203040506;;Übertrag Sparkonto;
URS-001716;CH1200778010203040506;2026-07-28;2026-07-28;2300.00;CHF;DBIT;PMNT-ICDT-STDO;Steueramt der Stadt Luzern;;;Dauerauftrag Steuern Rate;
URS-001717;CH1200778010203040506;2026-07-28;2026-07-28;23.70;CHF;DBIT;PMNT-CCRD-POSD;Manor Food;;;Einkauf Manor Food Luzern Karte xxxx 4821;5411
URS-001718;CH1200778010203040506;2026-07-28;2026-07-28;129.80;CHF;CRDT;PMNT-RCDT-DMCT;Marktkasse Wochenmarkt Luzern;;;Gutschrift Marktkasse Wochenmarkt Luzern Käseverkauf;
URS-001719;CH1200778010203040506;2026-07-28;2026-07-28;168.50;CHF;CRDT;PMNT-RCDT-ESCT;;;;TWINT *Empfangen von Laura Zimmermann;
URS-001720;CH1200778010203040506;2026-08-03;2026-08-03;2650.00;CHF;DBIT;PMNT-ICDT-STDO;Allgemeine Baugenossenschaft Luzern;;;Dauerauftrag Miete Haldenstrasse;
URS-001721;CH1200778010203040506;2026-08-03;2026-08-03;900.00;CHF;DBIT;PMNT-ICDT-STDO;Zimmermann Laura;;;Dauerauftrag Unterhalt Laura;
URS-001722;CH1200778010203040506;2026-08-03;2026-08-03;516.25;CHF;DBIT;PMNT-ICDT-DMCT;Physiotherapie Seefeld;;Honorarrechnung;Zahlung Rechnung Physiotherapie Seefeld;
URS-001723;CH1200778010203040506;2026-08-03;2026-08-03;153.35;CHF;DBIT;PMNT-CCRD-POSD;Migros;;;Einkauf Migros Luzern Karte xxxx 4821;5411
URS-001724;CH1200778010203040506;2026-08-03;2026-08-03;128.70;CHF;DBIT;PMNT-CCRD-POSD;Tankstelle Hafen Luzern;;;Einkauf Tankstelle Hafen Luzern Bootsbenzin Karte xxxx 2210;
URS-001725;CH1200778010203040506;2026-08-03;2026-08-03;68.50;CHF;DBIT;PMNT-CCRD-POSD;Manor Food;;;Einkauf Manor Food Luzern Karte xxxx 4821;5411
URS-001726;CH1200778010203040506;2026-08-03;2026-08-03;60.80;CHF;DBIT;PMNT-CCRD-POSD;Migros;;;Einkauf Migros Luzern Karte xxxx 4821;5411
URS-001727;CH1200778010203040506;2026-08-03;2026-08-03;106.80;CHF;CRDT;PMNT-RCDT-DMCT;Marktkasse Wochenmarkt Luzern;;;Gutschrift Marktkasse Wochenmarkt Luzern Käseverkauf;
URS-001728;CH1200778010203040506;2026-08-05;2026-08-05;518.00;CHF;DBIT;PMNT-IDDT-ESDD;Sanitas Grundversicherungen AG;;;LSV Prämie Grundversicherung;
URS-001729;CH1200778010203040506;2026-08-05;2026-08-05;249.70;CHF;CRDT;PMNT-RCDT-DMCT;Marktkasse Wochenmarkt Luzern;;;Gutschrift Marktkasse Wochenmarkt Luzern Käseverkauf;
URS-001730;CH1200778010203040506;2026-08-06;2026-08-06;136.80;CHF;DBIT;PMNT-CCRD-POSD;Hotel Schweizerhof Restaurant;;;Einkauf Hotel Schweizerhof Restaurant Luzern Karte xxxx 4821;5812
URS-001731;CH1200778010203040506;2026-08-06;2026-08-06;99.25;CHF;DBIT;PMNT-CCRD-POSD;Migros;;;Einkauf Migros Luzern Karte xxxx 4821;5411
URS-001732;CH1200778010203040506;2026-08-06;2026-08-06;427.50;CHF;CRDT;PMNT-RCDT-DMCT;Hofladen Sörenberg GmbH;;;Gutschrift Hofladen Sörenberg GmbH Käseverkauf;
URS-001733;CH1200778010203040506;2026-08-07;2026-08-07;94.70;CHF;DBIT;PMNT-CCRD-POSD;Avia Tankstelle;;;Einkauf Avia Tankstelle Luzern Karte xxxx 4821;5541
URS-001734;CH1200778010203040506;2026-08-07;2026-08-07;11.15;CHF;DBIT;PMNT-CCRD-POSD;Migros;;;Einkauf Migros Luzern Karte xxxx 4821;5411
URS-001735;CH1200778010203040506;2026-08-10;2026-08-10;184.80;CHF;DBIT;PMNT-CCRD-POSD;Globus;;;Einkauf Globus Luzern Karte xxxx 4821;5651
URS-001736;CH1200778010203040506;2026-08-10;2026-08-10;142.75;CHF;DBIT;PMNT-CCRD-POSD;Avia Tankstelle;;;Einkauf Avia Tankstelle Luzern Karte xxxx 4821;5541
URS-001737;CH1200778010203040506;2026-08-10;2026-08-10;109.90;CHF;DBIT;PMNT-CCRD-POSD;Globus;;;Einkauf Globus Luzern Karte xxxx 4821;5651
URS-001738;CH1200778010203040506;2026-08-10;2026-08-10;100.65;CHF;DBIT;PMNT-CCRD-POSD;Fantasywelt Luzern;;;Einkauf Fantasywelt Luzern Luzern Karte xxxx 4821;5945
URS-001739;CH1200778010203040506;2026-08-10;2026-08-10;65.00;CHF;DBIT;PMNT-IDDT-ESDD;Salt Mobile SA;;;LSV Salt Abo;
URS-001740;CH1200778010203040506;2026-08-10;2026-08-10;61.85;CHF;DBIT;PMNT-CCRD-POSD;Hotel Schweizerhof Restaurant;;;Einkauf Hotel Schweizerhof Restaurant Luzern Karte xxxx 4821;5812
URS-001741;CH1200778010203040506;2026-08-10;2026-08-10;49.00;CHF;DBIT;PMNT-IDDT-ESDD;Swisscom (Schweiz) AG;;;LSV blue TV;
URS-001742;CH1200778010203040506;2026-08-11;2026-08-11;53.60;CHF;DBIT;PMNT-CCRD-POSD;Fantasywelt Luzern;;;Einkauf Fantasywelt Luzern Luzern Karte xxxx 4821;5945
URS-001743;CH1200778010203040506;2026-08-12;2026-08-12;208.10;CHF;DBIT;PMNT-CCRD-POSD;Coop;;;Einkauf Coop Luzern Karte xxxx 4821;5411
URS-001744;CH1200778010203040506;2026-08-12;2026-08-12;142.20;CHF;DBIT;PMNT-CCRD-POSD;BP Tankstelle;;;Einkauf BP Tankstelle Luzern Karte xxxx 4821;5541
URS-001745;CH1200778010203040506;2026-08-13;2026-08-13;121.10;CHF;DBIT;PMNT-CCRD-POSD;Coop;;;Einkauf Coop Luzern Karte xxxx 4821;5411
URS-001746;CH1200778010203040506;2026-08-13;2026-08-13;156.20;CHF;CRDT;PMNT-RCDT-DMCT;Hofladen Sörenberg GmbH;;;Gutschrift Hofladen Sörenberg GmbH Käseverkauf;
URS-001747;CH1200778010203040506;2026-08-14;2026-08-14;283.00;CHF;DBIT;PMNT-ICDT-DMCT;Himalaya Käse Import GmbH;;;Zahlung Rechnung Yak-Käse Lieferung;
URS-001748;CH1200778010203040506;2026-08-14;2026-08-14;127.65;CHF;DBIT;PMNT-CCRD-POSD;BP Tankstelle;;;Einkauf BP Tankstelle Luzern Karte xxxx 4821;5541
URS-001749;CH1200778010203040506;2026-08-14;2026-08-14;166.65;CHF;CRDT;PMNT-RCDT-DMCT;Marktkasse Wochenmarkt Luzern;;;Gutschrift Marktkasse Wochenmarkt Luzern Käseverkauf;
URS-001750;CH1200778010203040506;2026-08-17;2026-08-17;132.30;CHF;DBIT;PMNT-CCRD-POSD;Coop;;;Einkauf Coop Luzern Karte xxxx 4821;5411
URS-001751;CH1200778010203040506;2026-08-17;2026-08-17;127.70;CHF;DBIT;PMNT-CCRD-POSD;Shell;;;Einkauf Shell Luzern Karte xxxx 4821;5541
URS-001752;CH1200778010203040506;2026-08-17;2026-08-17;88.60;CHF;DBIT;PMNT-CCRD-POSD;Manor Food;;;Einkauf Manor Food Luzern Karte xxxx 4821;5411
URS-001753;CH1200778010203040506;2026-08-17;2026-08-17;174.90;CHF;CRDT;PMNT-RCDT-DMCT;Marktkasse Wochenmarkt Luzern;;;Gutschrift Marktkasse Wochenmarkt Luzern Käseverkauf;
URS-001754;CH1200778010203040506;2026-08-18;2026-08-18;372.95;CHF;DBIT;PMNT-IDDT-ESDD;Swisscard AECS GmbH;;;Lastschrift Swisscard AECS GmbH Monatsrechnung 07/2026;
URS-001755;CH1200778010203040506;2026-08-18;2026-08-18;46.65;CHF;DBIT;PMNT-CCRD-POSD;Manor Food;;;Einkauf Manor Food Luzern Karte xxxx 4821;5411
URS-001756;CH1200778010203040506;2026-08-18;2026-08-18;187.20;CHF;CRDT;PMNT-RCDT-DMCT;Marktkasse Wochenmarkt Luzern;;;Gutschrift Marktkasse Wochenmarkt Luzern Käseverkauf;
URS-001757;CH1200778010203040506;2026-08-19;2026-08-19;125.95;CHF;DBIT;PMNT-CCRD-POSD;Globus Delicatessa;;;Einkauf Globus Delicatessa Luzern Karte xxxx 4821;5411
URS-001758;CH1200778010203040506;2026-08-19;2026-08-19;96.30;CHF;DBIT;PMNT-CCRD-POSD;Old Swiss House;;;Einkauf Old Swiss House Luzern Karte xxxx 4821;5812
URS-001759;CH1200778010203040506;2026-08-19;2026-08-19;112.80;CHF;CRDT;PMNT-RCDT-DMCT;Hofladen Sörenberg GmbH;;;Gutschrift Hofladen Sörenberg GmbH Käseverkauf;
URS-001760;CH1200778010203040506;2026-08-20;2026-08-20;40.15;CHF;DBIT;PMNT-ICDT-ESCT;;;;TWINT *Sende an Beat Wicki;
URS-001761;CH1200778010203040506;2026-08-21;2026-08-21;125.05;CHF;DBIT;PMNT-CCRD-POSD;Shell;;;Einkauf Shell Luzern Karte xxxx 4821;5541
URS-001762;CH1200778010203040506;2026-08-21;2026-08-21;20.70;CHF;DBIT;PMNT-CCRD-POSD;Coop;;;Einkauf Coop Luzern Karte xxxx 4821;5411
URS-001763;CH1200778010203040506;2026-08-21;2026-08-21;82.30;CHF;CRDT;PMNT-RCDT-ESCT;;;;TWINT *Empfangen von Beat Wicki;
URS-001764;CH1200778010203040506;2026-08-24;2026-08-24;139.05;CHF;DBIT;PMNT-CCRD-POSD;Avia Tankstelle;;;Einkauf Avia Tankstelle Luzern Karte xxxx 4821;5541
URS-001765;CH1200778010203040506;2026-08-24;2026-08-24;52.20;CHF;DBIT;PMNT-CCRD-POSD;Migros;;;Einkauf Migros Luzern Karte xxxx 4821;5411
URS-001766;CH1200778010203040506;2026-08-24;2026-08-24;31.90;CHF;DBIT;PMNT-CCRD-POSD;Migros;;;Einkauf Migros Luzern Karte xxxx 4821;5411
URS-001767;CH1200778010203040506;2026-08-25;2026-08-25;55.15;CHF;DBIT;PMNT-CCRD-POSD;Tankstelle Hafen Luzern;;;Einkauf Tankstelle Hafen Luzern Bootsbenzin Karte xxxx 2210;
URS-001768;CH1200778010203040506;2026-08-25;2026-08-25;10750.00;CHF;CRDT;PMNT-RCDT-SALA;Schindler Aufzüge AG;CH9300762011623852333;;Gutschrift Salär August 2026;
URS-001769;CH1200778010203040506;2026-08-26;2026-08-26;1000.00;CHF;DBIT;PMNT-ICDT-BOOK;;CH3400778010203040599;;Übertrag Sparkonto;
URS-001770;CH3400778010203040599;2026-08-26;2026-08-26;1000.00;CHF;CRDT;PMNT-RCDT-BOOK;;CH1200778010203040506;;Übertrag Sparkonto;
URS-001771;CH1200778010203040506;2026-08-27;2026-08-27;605.00;CHF;DBIT;PMNT-ICDT-STDO;Frankly Vorsorgestiftung 3a;;;Dauerauftrag Säule 3a;
URS-001772;CH1200778010203040506;2026-08-27;2026-08-27;45.95;CHF;DBIT;PMNT-CCRD-POSD;Manor Food;;;Einkauf Manor Food Luzern Karte xxxx 4821;5411
URS-001773;CH1200778010203040506;2026-08-27;2026-08-27;37.60;CHF;DBIT;PMNT-CCRD-POSD;Fantasywelt Luzern;;;Einkauf Fantasywelt Luzern Luzern Karte xxxx 4821;5945
URS-001774;CH1200778010203040506;2026-08-28;2026-08-28;2300.00;CHF;DBIT;PMNT-ICDT-STDO;Steueramt der Stadt Luzern;;;Dauerauftrag Steuern Rate;
URS-001775;CH1200778010203040506;2026-08-28;2026-08-28;87.00;CHF;DBIT;PMNT-CCRD-POSD;Old Swiss House;;;Einkauf Old Swiss House Luzern Karte xxxx 4821;5812
URS-000610;CH1200778010203040506;2024-09-25;2024-09-25;76.00;CHF;DBIT;PMNT-CCRD-POSD;Wirtshaus Galliker;;;Einkauf Wirtshaus Galliker Luzern Karte xxxx 4821;5812
