NtryRef;AcctIBAN;BookgDt;ValDt;Amt;Ccy;CdtDbtInd;BkTxCd;CdtrDbtrNm;CdtrDbtrIBAN;RmtInf;AddtlNtryInf;MCC
MARCO_SARA-000000;CH5800761016013456789;2023-09-01;2023-09-01;2450.00;CHF;DBIT;PMNT-ICDT-STDO;Wincasa AG;;;Dauerauftrag Miete 4.5 Zi Mellingerstrasse;
MARCO_SARA-000001;CH5800761016013456789;2023-09-01;2023-09-01;120.00;CHF;DBIT;PMNT-ICDT-STDO;Wincasa AG;;;Dauerauftrag Parkplatz Tiefgarage;
MARCO_SARA-000002;CH5800761016013456789;2023-09-04;2023-09-04;54.15;CHF;DBIT;PMNT-CCRD-POSD;Avia Tankstelle;;;Einkauf Avia Tankstelle Baden Karte xxxx 4821;5541
MARCO_SARA-000003;CH5800761016013456789;2023-09-04;2023-09-04;48.95;CHF;DBIT;PMNT-CCRD-POSD;Migros;;;Einkauf Migros Baden Karte xxxx 4821;5411
MARCO_SARA-000004;CH5800761016013456789;2023-09-04;2023-09-04;36.50;CHF;DBIT;PMNT-CCRD-POSD;Restaurant Roter Turm;;;Einkauf Restaurant Roter Turm Baden Karte xxxx 4821;5812
MARCO_SARA-000005;CH5800761016013456789;2023-09-04;2023-09-04;30.15;CHF;DBIT;PMNT-CCRD-POSD;Coop;;;Einkauf Coop Wettingen Karte xxxx 4821;5411
MARCO_SARA-000006;CH5800761016013456789;2023-09-04;2023-09-04;27.95;CHF;DBIT;PMNT-CCRD-POSD;Denner;;;Einkauf Denner Wettingen Karte xxxx 4821;5411
MARCO_SARA-000007;CH5800761016013456789;2023-09-05;2023-09-05;855.00;CHF;DBIT;PMNT-IDDT-ESDD;CSS Versicherung AG;;;LSV Prämie Grundversicherung Familie;
MARCO_SARA-000008;CH5800761016013456789;2023-09-06;2023-09-06;43.85;CHF;DBIT;PMNT-CCRD-POSD;H&M;;;Einkauf H&M Spreitenbach Karte xxxx 4821;5651
MARCO_SARA-000009;CH5800761016013456789;2023-09-07;2023-09-07;60.70;CHF;DBIT;PMNT-CCRD-POSD;Pizzeria Da Mario;;;Einkauf Pizzeria Da Mario Baden Karte xxxx 4821;5812
MARCO_SARA-000010;CH5800761016013456789;2023-09-07;2023-09-07;18.35;CHF;CRDT;PMNT-RCDT-ESCT;;;;TWINT *Empfangen von Laura Frei;
MARCO_SARA-000011;CH5800761016013456789;2023-09-08;2023-09-08;129.00;CHF;DBIT;PMNT-IDDT-ESDD;Swisscom (Schweiz) AG;;;LSV Swisscom blue Abo;
MARCO_SARA-000012;CH5800761016013456789;2023-09-08;2023-09-08;106.55;CHF;DBIT;PMNT-CCRD-POSD;Coop Pronto Tankstelle;;;Einkauf Coop Pronto Tankstelle Baden Karte xxxx 4821;5541
MARCO_SARA-000013;CH5800761016013456789;2023-09-08;2023-09-08;85.85;CHF;DBIT;PMNT-CCRD-POSD;Aldi Suisse;;;Einkauf Aldi Suisse Baden Karte xxxx 4821;5411
MARCO_SARA-000014;CH5800761016013456789;2023-09-08;2023-09-08;48.95;CHF;DBIT;PMNT-CCRD-POSD;Denner;;;Einkauf Denner Dättwil Karte xxxx 4821;5411
MARCO_SARA-000015;CH5800761016013456789;2023-09-11;2023-09-11;780.00;CHF;DBIT;PMNT-ICDT-DMCT;Mobiliar Versicherungen;;;Zahlung Motorfahrzeugversicherung Clio;
MARCO_SARA-000016;CH5800761016013456789;2023-09-11;2023-09-11;87.35;CHF;DBIT;PMNT-CCRD-POSD;Coop Pronto Tankstelle;;;Einkauf Coop Pronto Tankstelle Baden Karte xxxx 4821;5541
MARCO_SARA-000017;CH5800761016013456789;2023-09-11;2023-09-11;35.65;CHF;DBIT;PMNT-CCRD-POSD;Pizzeria Da Mario;;;Einkauf Pizzeria Da Mario Baden Karte xxxx 4821;5812
MARCO_SARA-000018;CH5800761016013456789;2023-09-11;2023-09-11;25.00;CHF;DBIT;PMNT-CCRD-POSD;SBB Mobile;;;Einkauf SBB Mobile Zürich Karte xxxx 4821;4111
MARCO_SARA-000019;CH5800761016013456789;2023-09-11;2023-09-11;200.00;CHF;CRDT;PMNT-RCDT-DMCT;Familienausgleichskasse Aargau;;;Gutschrift Kinderzulage;
MARCO_SARA-000020;CH5800761016013456789;2023-09-12;2023-09-12;1150.00;CHF;DBIT;PMNT-ICDT-DMCT;Kita Sonnenschein Baden;;;Zahlung Rechnung Kita Betreuung 09/2023;
MARCO_SARA-000021;CH5800761016013456789;2023-09-12;2023-09-12;465.65;CHF;DBIT;PMNT-ICDT-DMCT;Zahnarztpraxis Dr. Huber;;Honorarrechnung;Zahlung Rechnung Zahnarztpraxis Dr. Huber;
MARCO_SARA-000022;CH5800761016013456789;2023-09-12;2023-09-12;47.75;CHF;DBIT;PMNT-CCRD-POSD;Pizzeria Da Mario;;;Einkauf Pizzeria Da Mario Baden Karte xxxx 4821;5812
MARCO_SARA-000023;CH5800761016013456789;2023-09-12;2023-09-12;21.05;CHF;DBIT;PMNT-CCRD-POSD;Migros;;;Einkauf Migros Baden Karte xxxx 4821;5411
MARCO_SARA-000024;CH5800761016013456789;2023-09-12;2023-09-12;20.90;CHF;DBIT;PMNT-CCRD-POSD;Netflix International B.V.;;;Einkauf NETFLIX.COM Karte xxxx 7310;4899
MARCO_SARA-000025;CH5800761016013456789;2023-09-13;2023-09-13;25.15;CHF;DBIT;PMNT-ICDT-ESCT;;;;TWINT *Sende an Laura Frei;
MARCO_SARA-000026;CH5800761016013456789;2023-09-14;2023-09-14;92.45;CHF;DBIT;PMNT-CCRD-POSD;Migros;;;Einkauf Migros Wettingen Karte xxxx 4821;5411
MARCO_SARA-000027;CH5800761016013456789;2023-09-14;2023-09-14;56.95;CHF;DBIT;PMNT-CCRD-POSD;Coop;;;Einkauf Coop Baden Karte xxxx 4821;5411
MARCO_SARA-000028;CH5800761016013456789;2023-09-14;2023-09-14;53.35;CHF;DBIT;PMNT-CCRD-POSD;Avia Tankstelle;;;Einkauf Avia Tankstelle Baden Karte xxxx 4821;5541
MARCO_SARA-000029;CH5800761016013456789;2023-09-14;2023-09-14;24.40;CHF;DBIT;PMNT-CCRD-POSD;Restaurant Roter Turm;;;Einkauf Restaurant Roter Turm Baden Karte xxxx 4821;5812
MARCO_SARA-000030;CH5800761016013456789;2023-09-14;2023-09-14;47.00;CHF;CRDT;PMNT-RCDT-ESCT;;;;TWINT *Empfangen von Tim Meier;
MARCO_SARA-000031;CH5800761016013456789;2023-09-15;2023-09-15;66.25;CHF;DBIT;PMNT-CCRD-POSD;Lidl;;;Einkauf Lidl Dättwil Karte xxxx 4821;5411
MARCO_SARA-000032;CH5800761016013456789;2023-09-19;2023-09-19;36.65;CHF;DBIT;PMNT-CCRD-POSD;Lidl;;;Einkauf Lidl Wettingen Karte xxxx 4821;5411
MARCO_SARA-000033;CH5800761016013456789;2023-09-20;2023-09-20;61.60;CHF;DBIT;PMNT-CCRD-POSD;Coop;;;Einkauf Coop Dättwil Karte xxxx 4821;5411
MARCO_SARA-000034;CH5800761016013456789;2023-09-20;2023-09-20;59.15;CHF;DBIT;PMNT-CCRD-POSD;Denner;;;Einkauf Denner Baden Karte xxxx 4821;5411
MARCO_SARA-000035;CH5800761016013456789;2023-09-22;2023-09-22;87.45;CHF;DBIT;PMNT-CCRD-POSD;Decathlon;;;Einkauf Decathlon Spreitenbach Karte xxxx 4821;5651
MARCO_SARA-000036;CH5800761016013456789;2023-09-22;2023-09-22;87.15;CHF;DBIT;PMNT-CCRD-POSD;Migros;;;Einkauf Migros Dättwil Karte xxxx 4821;5411
MARCO_SARA-000037;CH5800761016013456789;2023-09-25;2023-09-25;93.35;CHF;DBIT;PMNT-CCRD-POSD;Shell;;;Einkauf Shell Baden Karte xxxx 4821;5541
MARCO_SARA-000038;CH5800761016013456789;2023-09-25;2023-09-25;78.20;CHF;DBIT;PMNT-CCRD-POSD;Coop;;;Einkauf Coop Wettingen Karte xxxx 4821;5411
MARCO_SARA-000039;CH5800761016013456789;2023-09-25;2023-09-25;70.85;CHF;DBIT;PMNT-CCRD-POSD;Coop;;;Einkauf Coop Baden Karte xxxx 4821;5411
MARCO_SARA-000040;CH5800761016013456789;2023-09-25;2023-09-25;40.60;CHF;DBIT;PMNT-CCRD-POSD;Lidl;;;Einkauf Lidl Dättwil Karte xxxx 4821;5411
MARCO_SARA-000041;CH5800761016013456789;2023-09-25;2023-09-25;27.10;CHF;DBIT;PMNT-CCRD-POSD;Denner;;;Einkauf Denner Dättwil Karte xxxx 4821;5411
MARCO_SARA-000042;CH5800761016013456789;2023-09-25;2023-09-25;7124.56;CHF;CRDT;PMNT-RCDT-SALA;ABB Schweiz AG;CH9300762011623852111;;Gutschrift Lohn September 2023;
MARCO_SARA-000043;CH3200761016019988776;2023-09-26;2023-09-26;1500.00;CHF;CRDT;PMNT-RCDT-BOOK;;CH5800761016013456789;;Übertrag Sparkonto Haus;
MARCO_SARA-000044;CH5800761016013456789;2023-09-26;2023-09-26;1500.00;CHF;DBIT;PMNT-ICDT-BOOK;;CH3200761016019988776;;Übertrag Sparkonto Haus;
MARCO_SARA-000045;CH5800761016013456789;2023-09-26;2023-09-26;3202.95;CHF;CRDT;PMNT-RCDT-SALA;Kantonsspital Baden AG;CH9300762011623852222;;Lohnzahlung 09/2023 S. Keller;
MARCO_SARA-000046;CH5800761016013456789;2023-09-27;2023-09-27;605.00;CHF;DBIT;PMNT-ICDT-STDO;VIAC Vorsorgestiftung 3a;;;Dauerauftrag Säule 3a Einzahlung;
MARCO_SARA-000047;CH5800761016013456789;2023-09-28;2023-09-28;1300.00;CHF;DBIT;PMNT-ICDT-STDO;Steueramt Baden;;;Dauerauftrag Steuern Rate;
MARCO_SARA-000048;CH5800761016013456789;2023-09-28;2023-09-28;100.60;CHF;DBIT;PMNT-CCRD-POSD;Migros;;;Einkauf Migros Wettingen Karte xxxx 4821;5411
MARCO_SARA-000049;CH5800761016013456789;2023-09-28;2023-09-28;96.80;CHF;DBIT;PMNT-CCRD-POSD;Coop;;;Einkauf Coop Baden Karte xxxx 4821;5411
MARCO_SARA-000050;CH5800761016013456789;2023-09-28;2023-09-28;39.50;CHF;DBIT;PMNT-CCRD-POSD;Lidl;;;Einkauf Lidl Baden Karte xxxx 4821;5411
MARCO_SARA-000051;CH5800761016013456789;2023-09-28;2023-09-28;5.00;CHF;DBIT;ACMT-MDOP-CHRG;;;;Preis für Kontoführung;
MARCO_SARA-000052;CH5800761016013456789;2023-10-02;2023-10-02;2450.00;CHF;DBIT;PMNT-ICDT-STDO;Wincasa AG;;;Dauerauftrag Miete 4.5 Zi Mellingerstrasse;
MARCO_SARA-000053;CH5800761016013456789;2023-10-02;2023-10-02;120.00;CHF;DBIT;PMNT-ICDT-STDO;Wincasa AG;;;Dauerauftrag Parkplatz Tiefgarage;
MARCO_SARA-000054;CH5800761016013456789;2023-10-02;2023-10-02;91.30;CHF;DBIT;PMNT-CCRD-POSD;Shell;;;Einkauf Shell Baden Karte xxxx 4821;5541
MARCO_SARA-000055;CH5800761016013456789;2023-10-02;2023-10-02;64.75;CHF;DBIT;PMNT-CCRD-POSD;Aldi Suisse;;;Einkauf Aldi Suisse Dättwil Karte xxxx 4821;5411
MARCO_SARA-000056;CH5800761016013456789;2023-10-02;2023-10-02;46.85;CHF;DBIT;PMNT-CCRD-POSD;Babywalz;;;Einkauf Babywalz Spreitenbach Karte xxxx 4821;5651
MARCO_SARA-000057;CH5800761016013456789;2023-10-03;2023-10-03;71.05;CHF;DBIT;PMNT-CCRD-POSD;Shell;;;Einkauf Shell Baden Karte xxxx 4821;5541
MARCO_SARA-000058;CH5800761016013456789;2023-10-04;2023-10-04;56.75;CHF;DBIT;PMNT-CCRD-POSD;Coop;;;Einkauf Coop Dättwil Karte xxxx 4821;5411
MARCO_SARA-000059;CH5800761016013456789;2023-10-04;2023-10-04;50.75;CHF;DBIT;PMNT-CCRD-POSD;Aldi Suisse;;;Einkauf Aldi Suisse Wettingen Karte xxxx 4821;5411
MARCO_SARA-000060;CH5800761016013456789;2023-10-04;2023-10-04;39.25;CHF;DBIT;PMNT-ICDT-ESCT;;;;TWINT *Sende an Tim Meier;
MARCO_SARA-000061;CH5800761016013456789;2023-10-05;2023-10-05;855.00;CHF;DBIT;PMNT-IDDT-ESDD;CSS Versicherung AG;;;LSV Prämie Grundversicherung Familie;
MARCO_SARA-000062;CH5800761016013456789;2023-10-05;2023-10-05;42.55;CHF;DBIT;PMNT-CCRD-POSD;Coop;;;Einkauf Coop Baden Karte xxxx 4821;5411
MARCO_SARA-000063;CH5800761016013456789;2023-10-09;2023-10-09;129.00;CHF;DBIT;PMNT-IDDT-ESDD;Swisscom (Schweiz) AG;;;LSV Swisscom blue Abo;
MARCO_SARA-000064;CH5800761016013456789;2023-10-09;2023-10-09;126.05;CHF;DBIT;PMNT-CCRD-POSD;Coop Pronto Tankstelle;;;Einkauf Coop Pronto Tankstelle Baden Karte xxxx 4821;5541
MARCO_SARA-000065;CH5800761016013456789;2023-10-09;2023-10-09;120.00;CHF;DBIT;PMNT-CCRD-CWDL;;;;Bargeldbezug Bancomat Raiffeisen Baden Karte xxxx 4821;6011
MARCO_SARA-000066;CH5800761016013456789;2023-10-09;2023-10-09;93.50;CHF;DBIT;PMNT-CCRD-POSD;Aldi Suisse;;;Einkauf Aldi Suisse Dättwil Karte xxxx 4821;5411
MARCO_SARA-000067;CH5800761016013456789;2023-10-09;2023-10-09;81.20;CHF;DBIT;PMNT-CCRD-POSD;Migrol Tankstelle;;;Einkauf Migrol Tankstelle Baden Karte xxxx 4821;5541
MARCO_SARA-000068;CH5800761016013456789;2023-10-09;2023-10-09;78.35;CHF;DBIT;PMNT-CCRD-POSD;Denner;;;Einkauf Denner Baden Karte xxxx 4821;5411
MARCO_SARA-000069;CH5800761016013456789;2023-10-09;2023-10-09;77.70;CHF;DBIT;PMNT-CCRD-POSD;Avia Tankstelle;;;Einkauf Avia Tankstelle Baden Karte xxxx 4821;5541
MARCO_SARA-000070;CH5800761016013456789;2023-10-09;2023-10-09;22.05;CHF;DBIT;PMNT-CCRD-POSD;Aldi Suisse;;;Einkauf Aldi Suisse Wettingen Karte xxxx 4821;5411
MARCO_SARA-000071;CH5800761016013456789;2023-10-10;2023-10-10;107.65;CHF;DBIT;PMNT-CCRD-POSD;Manor;;;Einkauf Manor Spreitenbach Karte xxxx 4821;5651
MARCO_SARA-000072;CH5800761016013456789;2023-10-10;2023-10-10;48.80;CHF;DBIT;PMNT-CCRD-POSD;Coop;;;Einkauf Coop Dättwil Karte xxxx 4821;5411
MARCO_SARA-000073;CH5800761016013456789;2023-10-10;2023-10-10;200.00;CHF;CRDT;PMNT-RCDT-DMCT;Familienausgleichskasse Aargau;;;Gutschrift Kinderzulage;
MARCO_SARA-000074;CH5800761016013456789;2023-10-11;2023-10-11;119.10;CHF;DBIT;PMNT-CCRD-POSD;Manor;;;Einkauf Manor Spreitenbach Karte xxxx 4821;5651
MARCO_SARA-000075;CH5800761016013456789;2023-10-11;2023-10-11;113.70;CHF;DBIT;PMNT-ICDT-ESCT;;;;TWINT *Sende an Laura Frei;
MARCO_SARA-000076;CH5800761016013456789;2023-10-11;2023-10-11;100.20;CHF;DBIT;PMNT-CCRD-POSD;Lidl;;;Einkauf Lidl Wettingen Karte xxxx 4821;5411
MARCO_SARA-000077;CH5800761016013456789;2023-10-11;2023-10-11;46.50;CHF;DBIT;PMNT-CCRD-POSD;Denner;;;Einkauf Denner Wettingen Karte xxxx 4821;5411
MARCO_SARA-000078;CH5800761016013456789;2023-10-11;2023-10-11;29.50;CHF;DBIT;PMNT-CCRD-POSD;SBB Mobile;;;Einkauf SBB Mobile Zürich Karte xxxx 4821;4111
MARCO_SARA-000079;CH5800761016013456789;2023-10-11;2023-10-11;19.25;CHF;DBIT;PMNT-CCRD-POSD;Babywalz;;;Einkauf Babywalz Baden Karte xxxx 4821;5651
MARCO_SARA-000080;CH5800761016013456789;2023-10-12;2023-10-12;1150.00;CHF;DBIT;PMNT-ICDT-DMCT;Kita Sonnenschein Baden;;;Zahlung Rechnung Kita Betreuung 10/2023;
MARCO_SARA-000081;CH5800761016013456789;2023-10-12;2023-10-12;120.00;CHF;DBIT;PMNT-CCRD-CWDL;;;;Bargeldbezug Bancomat Raiffeisen Baden Karte xxxx 4821;6011
MARCO_SARA-000082;CH5800761016013456789;2023-10-12;2023-10-12;77.00;CHF;DBIT;PMNT-CCRD-POSD;Aldi Suisse;;;Einkauf Aldi Suisse Dättwil Karte xxxx 4821;5411
MARCO_SARA-000083;CH5800761016013456789;2023-10-12;2023-10-12;74.55;CHF;DBIT;PMNT-CCRD-POSD;Avia Tankstelle;;;Einkauf Avia Tankstelle Baden Karte xxxx 4821;5541
MARCO_SARA-000084;CH5800761016013456789;2023-10-12;2023-10-12;20.90;CHF;DBIT;PMNT-CCRD-POSD;Netflix International B.V.;;;Einkauf NETFLIX.COM Karte xxxx 7310;4899
MARCO_SARA-000085;CH5800761016013456789;2023-10-13;2023-10-13;74.30;CHF;DBIT;PMNT-CCRD-POSD;Shell;;;Einkauf Shell Baden Karte xxxx 4821;5541
MARCO_SARA-000086;CH5800761016013456789;2023-10-16;2023-10-16;860.95;CHF;DBIT;PMNT-ICDT-DMCT;Garage Baden AG;;;Zahlung Rechnung Service;
MARCO_SARA-000087;CH5800761016013456789;2023-10-16;2023-10-16;32.15;CHF;DBIT;PMNT-CCRD-POSD;Babywalz;;;Einkauf Babywalz Spreitenbach Karte xxxx 4821;5651
MARCO_SARA-000088;CH5800761016013456789;2023-10-16;2023-10-16;27.80;CHF;DBIT;PMNT-CCRD-POSD;McDonald's;;;Einkauf McDonald's Baden Karte xxxx 4821;5812
MARCO_SARA-000089;CH5800761016013456789;2023-10-17;2023-10-17;84.45;CHF;DBIT;PMNT-CCRD-POSD;Aldi Suisse;;;Einkauf Aldi Suisse Dättwil Karte xxxx 4821;5411
MARCO_SARA-000090;CH5800761016013456789;2023-10-18;2023-10-18;69.70;CHF;DBIT;PMNT-CCRD-POSD;Migros;;;Einkauf Migros Baden Karte xxxx 4821;5411
MARCO_SARA-000091;CH5800761016013456789;2023-10-19;2023-10-19;8.70;CHF;DBIT;PMNT-CCRD-POSD;SBB Mobile;;;Einkauf SBB Mobile Zürich Karte xxxx 4821;4111
MARCO_SARA-000092;CH5800761016013456789;2023-10-20;2023-10-20;160.15;CHF;DBIT;PMNT-IDDT-ESDD;Regionalwerke AG Baden;;;LSV Stromrechnung;
MARCO_SARA-000093;CH5800761016013456789;2023-10-20;2023-10-20;57.65;CHF;DBIT;PMNT-CCRD-POSD;Aldi Suisse;;;Einkauf Aldi Suisse Dättwil Karte xxxx 4821;5411
MARCO_SARA-000094;CH5800761016013456789;2023-10-20;2023-10-20;41.15;CHF;DBIT;PMNT-CCRD-POSD;Denner;;;Einkauf Denner Baden Karte xxxx 4821;5411
MARCO_SARA-000095;CH5800761016013456789;2023-10-20;2023-10-20;26.50;CHF;CRDT;PMNT-RCDT-ESCT;;;;TWINT *Empfangen von Tim Meier;
MARCO_SARA-000096;CH5800761016013456789;2023-10-23;2023-10-23;79.40;CHF;DBIT;PMNT-CCRD-POSD;McDonald's;;;Einkauf McDonald's Baden Karte xxxx 4821;5812
MARCO_SARA-000097;CH5800761016013456789;2023-10-23;2023-10-23;74.75;CHF;DBIT;PMNT-CCRD-POSD;Lidl;;;Einkauf Lidl Baden Karte xxxx 4821;5411
MARCO_SARA-000098;CH5800761016013456789;2023-10-23;2023-10-23;61.85;CHF;DBIT;PMNT-CCRD-POSD;Denner;;;Einkauf Denner Baden Karte xxxx 4821;5411
MARCO_SARA-000099;CH5800761016013456789;2023-10-23;2023-10-23;60.15;CHF;DBIT;PMNT-CCRD-POSD;Shell;;;Einkauf Shell Baden Karte xxxx 4821;5541
MARCO_SARA-000100;CH5800761016013456789;2023-10-23;2023-10-23;55.75;CHF;DBIT;PMNT-CCRD-POSD;Lidl;;;Einkauf Lidl Wettingen Karte xxxx 4821;5411
MARCO_SARA-000101;CH5800761016013456789;2023-10-23;2023-10-23;49.00;CHF;DBIT;PMNT-IDDT-ESDD;Cornèrcard;;;Lastschrift Cornèrcard Monatsrechnung 09/2023;
MARCO_SARA-000102;CH5800761016013456789;2023-10-23;2023-10-23;37.35;CHF;DBIT;PMNT-ICDT-ESCT;;;;TWINT *Sende an Laura Frei;
MARCO_SARA-000103;CH5800761016013456789;2023-10-24;2023-10-24;94.15;CHF;DBIT;PMNT-CCRD-POSD;Restaurant Roter Turm;;;Einkauf Restaurant Roter Turm Baden Karte xxxx 4821;5812
MARCO_SARA-000104;CH5800761016013456789;2023-10-24;2023-10-24;64.60;CHF;DBIT;PMNT-ICDT-ESCT;;;;TWINT *Sende an Laura Frei;
MARCO_SARA-000105;CH5800761016013456789;2023-10-25;2023-10-25;60.70;CHF;DBIT;PMNT-CCRD-POSD;Coop;;;Einkauf Coop Dättwil Karte xxxx 4821;5411
MARCO_SARA-000106;CH5800761016013456789;2023-10-25;2023-10-25;27.20;CHF;DBIT;PMNT-ICDT-ESCT;;;;TWINT *Sende an Tim Meier;
MARCO_SARA-000107;CH5800761016013456789;2023-10-25;2023-10-25;7124.56;CHF;CRDT;PMNT-RCDT-SALA;ABB Schweiz AG;CH9300762011623852111;;Gutschrift Lohn Oktober 2023;
MARCO_SARA-000108;CH3200761016019988776;2023-10-26;2023-10-26;1500.00;CHF;CRDT;PMNT-RCDT-BOOK;;CH5800761016013456789;;Übertrag Sparkonto Haus;
MARCO_SARA-000109;CH5800761016013456789;2023-10-26;2023-10-26;1500.00;CHF;DBIT;PMNT-ICDT-BOOK;;CH3200761016019988776;;Übertrag Sparkonto Haus;
MARCO_SARA-000110;CH5800761016013456789;2023-10-26;2023-10-26;32.35;CHF;DBIT;PMNT-CCRD-POSD;Lidl;;;Einkauf Lidl Wettingen Karte xxxx 4821;5411
MARCO_SARA-000111;CH5800761016013456789;2023-10-26;2023-10-26;30.40;CHF;CRDT;PMNT-RCDT-ESCT;;;;TWINT *Empfangen von Laura Frei;
MARCO_SARA-000112;CH5800761016013456789;2023-10-26;2023-10-26;3202.95;CHF;CRDT;PMNT-RCDT-SALA;Kantonsspital Baden AG;CH9300762011623852222;;Lohnzahlung 10/2023 S. Keller;
MARCO_SARA-000113;CH5800761016013456789;2023-10-27;2023-10-27;605.00;CHF;DBIT;PMNT-ICDT-STDO;VIAC Vorsorgestiftung 3a;;;Dauerauftrag Säule 3a Einzahlung;
MARCO_SARA-000114;CH5800761016013456789;2023-10-27;2023-10-27;60.60;CHF;DBIT;PMNT-CCRD-POSD;Migros;;;Einkauf Migros Dättwil Karte xxxx 4821;5411
MARCO_SARA-000115;CH5800761016013456789;2023-10-30;2023-10-30;1300.00;CHF;DBIT;PMNT-ICDT-STDO;Steueramt Baden;;;Dauerauftrag Steuern Rate;
MARCO_SARA-000116;CH5800761016013456789;2023-10-30;2023-10-30;79.45;CHF;DBIT;PMNT-CCRD-POSD;Migrol Tankstelle;;;Einkauf Migrol Tankstelle Baden Karte xxxx 4821;5541
MARCO_SARA-000117;CH5800761016013456789;2023-10-30;2023-10-30;5.00;CHF;DBIT;ACMT-MDOP-CHRG;;;;Preis für Kontoführung;
MARCO_SARA-000118;CH5800761016013456789;2023-11-01;2023-11-01;2450.00;CHF;DBIT;PMNT-ICDT-STDO;Wincasa AG;;;Dauerauftrag Miete 4.5 Zi Mellingerstrasse;
MARCO_SARA-000119;CH5800761016013456789;2023-11-01;2023-11-01;120.00;CHF;DBIT;PMNT-ICDT-STDO;Wincasa AG;;;Dauerauftrag Parkplatz Tiefgarage;
MARCO_SARA-000120;CH5800761016013456789;2023-11-02;2023-11-02;217.60;CHF;DBIT;PMNT-CCRD-POSD;Denner;;;Einkauf Denner Baden Karte xxxx 4821;5411
MARCO_SARA-000121;CH5800761016013456789;2023-11-02;2023-11-02;35.15;CHF;DBIT;PMNT-CCRD-POSD;Restaurant Roter Turm;;;Einkauf Restaurant Roter Turm Baden Karte xxxx 4821;5812
MARCO_SARA-000122;CH5800761016013456789;2023-11-03;2023-11-03;52.50;CHF;CRDT;PMNT-RCDT-ESCT;;;;TWINT *Empfangen von Tim Meier;
MARCO_SARA-000123;CH5800761016013456789;2023-11-06;2023-11-06;855.00;CHF;DBIT;PMNT-IDDT-ESDD;CSS Versicherung AG;;;LSV Prämie Grundversicherung Familie;
MARCO_SARA-000124;CH5800761016013456789;2023-11-06;2023-11-06;74.95;CHF;DBIT;PMNT-CCRD-POSD;Shell;;;Einkauf Shell Baden Karte xxxx 4821;5541
MARCO_SARA-000125;CH5800761016013456789;2023-11-06;2023-11-06;63.95;CHF;DBIT;PMNT-CCRD-POSD;Migros;;;Einkauf Migros Wettingen Karte xxxx 4821;5411
MARCO_SARA-000126;CH5800761016013456789;2023-11-06;2023-11-06;43.85;CHF;DBIT;PMNT-CCRD-POSD;Pizzeria Da Mario;;;Einkauf Pizzeria Da Mario Baden Karte xxxx 4821;5812
MARCO_SARA-000127;CH5800761016013456789;2023-11-07;2023-11-07;29.00;CHF;DBIT;PMNT-CCRD-POSD;Denner;;;Einkauf Denner Wettingen Karte xxxx 4821;5411
MARCO_SARA-000128;CH5800761016013456789;2023-11-08;2023-11-08;129.00;CHF;DBIT;PMNT-IDDT-ESDD;Swisscom (Schweiz) AG;;;LSV Swisscom blue Abo;
MARCO_SARA-000129;CH5800761016013456789;2023-11-09;2023-11-09;83.45;CHF;DBIT;PMNT-CCRD-POSD;Avia Tankstelle;;;Einkauf Avia Tankstelle Baden Karte xxxx 4821;5541
MARCO_SARA-000130;CH5800761016013456789;2023-11-09;2023-11-09;67.95;CHF;DBIT;PMNT-CCRD-POSD;Avia Tankstelle;;;Einkauf Avia Tankstelle Baden Karte xxxx 4821;5541
MARCO_SARA-000131;CH5800761016013456789;2023-11-09;2023-11-09;64.25;CHF;DBIT;PMNT-CCRD-POSD;Coop;;;Einkauf Coop Wettingen Karte xxxx 4821;5411
MARCO_SARA-000132;CH5800761016013456789;2023-11-10;2023-11-10;200.00;CHF;CRDT;PMNT-RCDT-DMCT;Familienausgleichskasse Aargau;;;Gutschrift Kinderzulage;
MARCO_SARA-000133;CH5800761016013456789;2023-11-13;2023-11-13;1150.00;CHF;DBIT;PMNT-ICDT-DMCT;Kita Sonnenschein Baden;;;Zahlung Rechnung Kita Betreuung 11/2023;
MARCO_SARA-000134;CH5800761016013456789;2023-11-13;2023-11-13;102.05;CHF;DBIT;PMNT-CCRD-POSD;Shell;;;Einkauf Shell Baden Karte xxxx 4821;5541
MARCO_SARA-000135;CH5800761016013456789;2023-11-13;2023-11-13;77.60;CHF;DBIT;PMNT-CCRD-POSD;Coop Pronto Tankstelle;;;Einkauf Coop Pronto Tankstelle Baden Karte xxxx 4821;5541
MARCO_SARA-000136;CH5800761016013456789;2023-11-13;2023-11-13;33.40;CHF;DBIT;PMNT-CCRD-POSD;Denner;;;Einkauf Denner Wettingen Karte xxxx 4821;5411
MARCO_SARA-000137;CH5800761016013456789;2023-11-13;2023-11-13;26.75;CHF;DBIT;PMNT-CCRD-POSD;Coop;;;Einkauf Coop Wettingen Karte xxxx 4821;5411
MARCO_SARA-000138;CH5800761016013456789;2023-11-13;2023-11-13;20.90;CHF;DBIT;PMNT-CCRD-POSD;Netflix International B.V.;;;Einkauf NETFLIX.COM Karte xxxx 7310;4899
MARCO_SARA-000139;CH5800761016013456789;2023-11-14;2023-11-14;21.15;CHF;DBIT;PMNT-CCRD-POSD;Lidl;;;Einkauf Lidl Baden Karte xxxx 4821;5411
MARCO_SARA-000140;CH5800761016013456789;2023-11-15;2023-11-15;54.55;CHF;DBIT;PMNT-CCRD-POSD;Restaurant Roter Turm;;;Einkauf Restaurant Roter Turm Baden Karte xxxx 4821;5812
MARCO_SARA-000141;CH5800761016013456789;2023-11-15;2023-11-15;30.80;CHF;DBIT;PMNT-CCRD-POSD;Coop;;;Einkauf Coop Dättwil Karte xxxx 4821;5411
MARCO_SARA-000142;CH5800761016013456789;2023-11-15;2023-11-15;33.50;CHF;CRDT;PMNT-RCDT-ESCT;;;;TWINT *Empfangen von Nonna Keller;
MARCO_SARA-000143;CH5800761016013456789;2023-11-20;2023-11-20;95.50;CHF;DBIT;PMNT-CCRD-POSD;Migrol Tankstelle;;;Einkauf Migrol Tankstelle Baden Karte xxxx 4821;5541
MARCO_SARA-000144;CH5800761016013456789;2023-11-20;2023-11-20;83.85;CHF;DBIT;PMNT-CCRD-POSD;Decathlon;;;Einkauf Decathlon Spreitenbach Karte xxxx 4821;5651
MARCO_SARA-000145;CH5800761016013456789;2023-11-20;2023-11-20;68.90;CHF;DBIT;PMNT-CCRD-POSD;Coop Pronto Tankstelle;;;Einkauf Coop Pronto Tankstelle Baden Karte xxxx 4821;5541
MARCO_SARA-000146;CH5800761016013456789;2023-11-20;2023-11-20;31.20;CHF;DBIT;PMNT-CCRD-POSD;Badi Baden;;;Einkauf Badi Baden Zürich Karte xxxx 4821;
MARCO_SARA-000147;CH5800761016013456789;2023-11-20;2023-11-20;27.80;CHF;DBIT;PMNT-CCRD-POSD;Kinderarztpraxis Baden;;;Einkauf Kinderarztpraxis Baden Baden Karte xxxx 4821;5912
MARCO_SARA-000148;CH5800761016013456789;2023-11-20;2023-11-20;16.65;CHF;DBIT;PMNT-CCRD-POSD;Migros;;;Einkauf Migros Dättwil Karte xxxx 4821;5411
MARCO_SARA-000149;CH5800761016013456789;2023-11-20;2023-11-20;59.15;CHF;CRDT;PMNT-RCDT-ESCT;;;;TWINT *Empfangen von Nonna Keller;
MARCO_SARA-000150;CH5800761016013456789;2023-11-21;2023-11-21;169.30;CHF;DBIT;PMNT-CCRD-POSD;Migros;;;Einkauf Migros Baden Karte xxxx 4821;5411
MARCO_SARA-000151;CH5800761016013456789;2023-11-21;2023-11-21;150.10;CHF;DBIT;PMNT-CCRD-POSD;Aldi Suisse;;;Einkauf Aldi Suisse Wettingen Karte xxxx 4821;5411
MARCO_SARA-000152;CH5800761016013456789;2023-11-21;2023-11-21;127.20;CHF;DBIT;PMNT-CCRD-POSD;Migros;;;Einkauf Migros Baden Karte xxxx 4821;5411
MARCO_SARA-000153;CH5800761016013456789;2023-11-21;2023-11-21;82.15;CHF;DBIT;PMNT-CCRD-POSD;Migros;;;Einkauf Migros Wettingen Karte xxxx 4821;5411
MARCO_SARA-000154;CH5800761016013456789;2023-11-21;2023-11-21;23.90;CHF;DBIT;PMNT-CCRD-POSD;Lidl;;;Einkauf Lidl Wettingen Karte xxxx 4821;5411
MARCO_SARA-000155;CH5800761016013456789;2023-11-22;2023-11-22;656.75;CHF;DBIT;PMNT-IDDT-ESDD;Cornèrcard;;;Lastschrift Cornèrcard Monatsrechnung 10/2023;
MARCO_SARA-000156;CH5800761016013456789;2023-11-22;2023-11-22;80.00;CHF;DBIT;PMNT-CCRD-CWDL;;;;Bargeldbezug Postomat Wettingen Karte xxxx 4821;6011
MARCO_SARA-000157;CH5800761016013456789;2023-11-22;2023-11-22;72.20;CHF;DBIT;PMNT-CCRD-POSD;McDonald's;;;Einkauf McDonald's Baden Karte xxxx 4821;5812
MARCO_SARA-000158;CH5800761016013456789;2023-11-22;2023-11-22;64.60;CHF;DBIT;PMNT-CCRD-POSD;Migros;;;Einkauf Migros Dättwil Karte xxxx 4821;5411
MARCO_SARA-000159;CH5800761016013456789;2023-11-23;2023-11-23;72.65;CHF;DBIT;PMNT-CCRD-POSD;Restaurant Roter Turm;;;Einkauf Restaurant Roter Turm Baden Karte xxxx 4821;5812
MARCO_SARA-000160;CH3200761016019988776;2023-11-27;2023-11-27;1500.00;CHF;CRDT;PMNT-RCDT-BOOK;;CH5800761016013456789;;Übertrag Sparkonto Haus;
MARCO_SARA-000161;CH5800761016013456789;2023-11-27;2023-11-27;1500.00;CHF;DBIT;PMNT-ICDT-BOOK;;CH3200761016019988776;;Übertrag Sparkonto Haus;
MARCO_SARA-000162;CH5800761016013456789;2023-11-27;2023-11-27;605.00;CHF;DBIT;PMNT-ICDT-STDO;VIAC Vorsorgestiftung 3a;;;Dauerauftrag Säule 3a Einzahlung;
MARCO_SARA-000163;CH5800761016013456789;2023-11-27;2023-11-27;99.70;CHF;DBIT;PMNT-CCRD-POSD;Lidl;;;Einkauf Lidl Wettingen Karte xxxx 4821;5411
MARCO_SARA-000164;CH5800761016013456789;2023-11-27;2023-11-27;55.95;CHF;DBIT;PMNT-CCRD-POSD;Migros;;;Einkauf Migros Baden Karte xxxx 4821;5411
MARCO_SARA-000165;CH5800761016013456789;2023-11-27;2023-11-27;50.85;CHF;DBIT;PMNT-CCRD-POSD;Zoo Zürich;;;Einkauf Zoo Zürich Zürich Karte xxxx 4821;
MARCO_SARA-000166;CH5800761016013456789;2023-11-27;2023-11-27;3202.95;CHF;CRDT;PMNT-RCDT-SALA;Kantonsspital Baden AG;CH9300762011623852222;;Lohnzahlung 11/2023 S. Keller;
MARCO_SARA-000167;CH5800761016013456789;2023-11-27;2023-11-27;7124.56;CHF;CRDT;PMNT-RCDT-SALA;ABB Schweiz AG;CH9300762011623852111;;Gutschrift Lohn November 2023;
MARCO_SARA-000168;CH5800761016013456789;2023-11-27;2023-11-27;7124.56;CHF;CRDT;PMNT-RCDT-SALA;ABB Schweiz AG;CH9300762011623852111;;Gutschrift 13. Monatslohn 2023;
MARCO_SARA-000169;CH5800761016013456789;2023-11-28;2023-11-28;1300.00;CHF;DBIT;PMNT-ICDT-STDO;Steueramt Baden;;;Dauerauftrag Steuern Rate;
MARCO_SARA-000170;CH5800761016013456789;2023-11-28;2023-11-28;52.20;CHF;DBIT;PMNT-CCRD-POSD;Coop;;;Einkauf Coop Dättwil Karte xxxx 4821;5411
MARCO_SARA-000171;CH5800761016013456789;2023-11-28;2023-11-28;38.85;CHF;DBIT;PMNT-CCRD-POSD;Denner;;;Einkauf Denner Dättwil Karte xxxx 4821;5411
MARCO_SARA-000172;CH5800761016013456789;2023-11-28;2023-11-28;5.00;CHF;DBIT;ACMT-MDOP-CHRG;;;;Preis für Kontoführung;
MARCO_SARA-000173;CH5800761016013456789;2023-12-01;2023-12-01;2450.00;CHF;DBIT;PMNT-ICDT-STDO;Wincasa AG;;;Dauerauftrag Miete 4.5 Zi Mellingerstrasse;
MARCO_SARA-000174;CH5800761016013456789;2023-12-01;2023-12-01;120.00;CHF;DBIT;PMNT-ICDT-STDO;Wincasa AG;;;Dauerauftrag Parkplatz Tiefgarage;
MARCO_SARA-000175;CH5800761016013456789;2023-12-01;2023-12-01;88.90;CHF;DBIT;PMNT-CCRD-POSD;Migros;;;Einkauf Migros Baden Karte xxxx 4821;5411
MARCO_SARA-000176;CH5800761016013456789;2023-12-01;2023-12-01;46.55;CHF;DBIT;PMNT-CCRD-POSD;Kinderarztpraxis Baden;;;Einkauf Kinderarztpraxis Baden Baden Karte xxxx 4821;5912
MARCO_SARA-000177;CH5800761016013456789;2023-12-04;2023-12-04;240.00;CHF;DBIT;PMNT-CCRD-CWDL;;;;Bargeldbezug Postomat Wettingen Karte xxxx 4821;6011
MARCO_SARA-000178;CH5800761016013456789;2023-12-04;2023-12-04;97.90;CHF;DBIT;PMNT-CCRD-POSD;Coop;;;Einkauf Coop Baden Karte xxxx 4821;5411
MARCO_SARA-000179;CH5800761016013456789;2023-12-04;2023-12-04;88.40;CHF;DBIT;PMNT-CCRD-POSD;Shell;;;Einkauf Shell Baden Karte xxxx 4821;5541
MARCO_SARA-000180;CH5800761016013456789;2023-12-04;2023-12-04;36.65;CHF;DBIT;PMNT-CCRD-POSD;Restaurant Roter Turm;;;Einkauf Restaurant Roter Turm Baden Karte xxxx 4821;5812
MARCO_SARA-000181;CH5800761016013456789;2023-12-04;2023-12-04;13.30;CHF;DBIT;PMNT-CCRD-POSD;SBB Mobile;;;Einkauf SBB Mobile Zürich Karte xxxx 4821;4111
MARCO_SARA-000182;CH5800761016013456789;2023-12-05;2023-12-05;855.00;CHF;DBIT;PMNT-IDDT-ESDD;CSS Versicherung AG;;;LSV Prämie Grundversicherung Familie;
MARCO_SARA-000183;CH5800761016013456789;2023-12-05;2023-12-05;50.45;CHF;DBIT;PMNT-CCRD-POSD;Shell;;;Einkauf Shell Baden Karte xxxx 4821;5541
MARCO_SARA-000184;CH5800761016013456789;2023-12-06;2023-12-06;60.45;CHF;DBIT;PMNT-CCRD-POSD;Migrol Tankstelle;;;Einkauf Migrol Tankstelle Baden Karte xxxx 4821;5541
MARCO_SARA-000185;CH5800761016013456789;2023-12-06;2023-12-06;40.00;CHF;DBIT;PMNT-CCRD-POSD;Migros;;;Einkauf Migros Baden Karte xxxx 4821;5411
MARCO_SARA-000186;CH5800761016013456789;2023-12-06;2023-12-06;17.85;CHF;DBIT;PMNT-CCRD-POSD;SBB Mobile;;;Einkauf SBB Mobile Zürich Karte xxxx 4821;4111
MARCO_SARA-000187;CH5800761016013456789;2023-12-07;2023-12-07;160.85;CHF;DBIT;PMNT-CCRD-POSD;Lidl;;;Einkauf Lidl Dättwil Karte xxxx 4821;5411
MARCO_SARA-000188;CH5800761016013456789;2023-12-07;2023-12-07;20.45;CHF;DBIT;PMNT-ICDT-ESCT;;;;TWINT *Sende an Laura Frei;
MARCO_SARA-000189;CH5800761016013456789;2023-12-08;2023-12-08;129.00;CHF;DBIT;PMNT-IDDT-ESDD;Swisscom (Schweiz) AG;;;LSV Swisscom blue Abo;
MARCO_SARA-000190;CH5800761016013456789;2023-12-08;2023-12-08;76.85;CHF;DBIT;PMNT-CCRD-POSD;Coop Pronto Tankstelle;;;Einkauf Coop Pronto Tankstelle Baden Karte xxxx 4821;5541
MARCO_SARA-000191;CH5800761016013456789;2023-12-08;2023-12-08;18.80;CHF;DBIT;PMNT-CCRD-POSD;SBB Mobile;;;Einkauf SBB Mobile Zürich Karte xxxx 4821;4111
MARCO_SARA-000192;CH5800761016013456789;2023-12-11;2023-12-11;114.25;CHF;DBIT;PMNT-CCRD-POSD;Coop;;;Einkauf Coop Dättwil Karte xxxx 4821;5411
MARCO_SARA-000193;CH5800761016013456789;2023-12-11;2023-12-11;100.00;CHF;DBIT;PMNT-CCRD-CWDL;;;;Bargeldbezug Bancomat Raiffeisen Baden Karte xxxx 4821;6011
MARCO_SARA-000194;CH5800761016013456789;2023-12-11;2023-12-11;200.00;CHF;CRDT;PMNT-RCDT-DMCT;Familienausgleichskasse Aargau;;;Gutschrift Kinderzulage;
MARCO_SARA-000195;CH5800761016013456789;2023-12-12;2023-12-12;1150.00;CHF;DBIT;PMNT-ICDT-DMCT;Kita Sonnenschein Baden;;;Zahlung Rechnung Kita Betreuung 12/2023;
MARCO_SARA-000196;CH5800761016013456789;2023-12-12;2023-12-12;140.00;CHF;DBIT;PMNT-CCRD-CWDL;;;;Bargeldbezug Postomat Wettingen Karte xxxx 4821;6011
MARCO_SARA-000197;CH5800761016013456789;2023-12-12;2023-12-12;95.25;CHF;DBIT;PMNT-CCRD-POSD;McDonald's;;;Einkauf McDonald's Baden Karte xxxx 4821;5812
MARCO_SARA-000198;CH5800761016013456789;2023-12-12;2023-12-12;54.95;CHF;DBIT;PMNT-CCRD-POSD;Migrol Tankstelle;;;Einkauf Migrol Tankstelle Baden Karte xxxx 4821;5541
MARCO_SARA-000199;CH5800761016013456789;2023-12-12;2023-12-12;20.90;CHF;DBIT;PMNT-CCRD-POSD;Netflix International B.V.;;;Einkauf NETFLIX.COM Karte xxxx 7310;4899
MARCO_SARA-000200;CH5800761016013456789;2023-12-15;2023-12-15;94.05;CHF;DBIT;PMNT-CCRD-POSD;Migros;;;Einkauf Migros Wettingen Karte xxxx 4821;5411
MARCO_SARA-000201;CH5800761016013456789;2023-12-15;2023-12-15;63.50;CHF;DBIT;PMNT-CCRD-POSD;Lidl;;;Einkauf Lidl Wettingen Karte xxxx 4821;5411
MARCO_SARA-000202;CH5800761016013456789;2023-12-18;2023-12-18;82.95;CHF;DBIT;PMNT-CCRD-POSD;Denner;;;Einkauf Denner Wettingen Karte xxxx 4821;5411
MARCO_SARA-000203;CH5800761016013456789;2023-12-18;2023-12-18;17.80;CHF;DBIT;PMNT-CCRD-POSD;Lidl;;;Einkauf Lidl Dättwil Karte xxxx 4821;5411
MARCO_SARA-000204;CH5800761016013456789;2023-12-20;2023-12-20;26.55;CHF;DBIT;PMNT-CCRD-POSD;SBB Mobile;;;Einkauf SBB Mobile Zürich Karte xxxx 4821;4111
MARCO_SARA-000205;CH5800761016013456789;2023-12-21;2023-12-21;51.20;CHF;DBIT;PMNT-CCRD-POSD;Pizzeria Da Mario;;;Einkauf Pizzeria Da Mario Baden Karte xxxx 4821;5812
MARCO_SARA-000206;CH5800761016013456789;2023-12-22;2023-12-22;75.30;CHF;DBIT;PMNT-IDDT-ESDD;Cornèrcard;;;Lastschrift Cornèrcard Monatsrechnung 11/2023;
MARCO_SARA-000207;CH5800761016013456789;2023-12-22;2023-12-22;71.95;CHF;DBIT;PMNT-CCRD-POSD;Avia Tankstelle;;;Einkauf Avia Tankstelle Baden Karte xxxx 4821;5541
MARCO_SARA-000208;CH5800761016013456789;2023-12-22;2023-12-22;50.05;CHF;DBIT;PMNT-CCRD-POSD;Manor;;;Einkauf Manor Spreitenbach Karte xxxx 4821;5651
MARCO_SARA-000209;CH5800761016013456789;2023-12-25;2023-12-25;56.20;CHF;DBIT;PMNT-CCRD-POSD;Coop;;;Einkauf Coop Dättwil Karte xxxx 4821;5411
MARCO_SARA-000210;CH5800761016013456789;2023-12-25;2023-12-25;39.30;CHF;DBIT;PMNT-CCRD-POSD;Lidl;;;Einkauf Lidl Baden Karte xxxx 4821;5411
MARCO_SARA-000211;CH5800761016013456789;2023-12-25;2023-12-25;37.25;CHF;DBIT;PMNT-CCRD-POSD;Pizzeria Da Mario;;;Einkauf Pizzeria Da Mario Baden Karte xxxx 4821;5812
MARCO_SARA-000212;CH5800761016013456789;2023-12-25;2023-12-25;13.45;CHF;DBIT;PMNT-CCRD-POSD;SBB Mobile;;;Einkauf SBB Mobile Zürich Karte xxxx 4821;4111
MARCO_SARA-000213;CH5800761016013456789;2023-12-25;2023-12-25;40.10;CHF;CRDT;PMNT-RCDT-ESCT;;;;TWINT *Empfangen von Laura Frei;
MARCO_SARA-000214;CH5800761016013456789;2023-12-25;2023-12-25;7124.56;CHF;CRDT;PMNT-RCDT-SALA;ABB Schweiz AG;CH9300762011623852111;;Gutschrift Lohn Dezember 2023;
MARCO_SARA-000215;CH3200761016019988776;2023-12-26;2023-12-26;1500.00;CHF;CRDT;PMNT-RCDT-BOOK;;CH5800761016013456789;;Übertrag Sparkonto Haus;
MARCO_SARA-000216;CH5800761016013456789;2023-12-26;2023-12-26;1500.00;CHF;DBIT;PMNT-ICDT-BOOK;;CH3200761016019988776;;Übertrag Sparkonto Haus;
MARCO_SARA-000217;CH5800761016013456789;2023-12-26;2023-12-26;100.00;CHF;DBIT;PMNT-CCRD-CWDL;;;;Bargeldbezug Bancomat Raiffeisen Baden Karte xxxx 4821;6011
MARCO_SARA-000218;CH5800761016013456789;2023-12-26;2023-12-26;28.05;CHF;DBIT;PMNT-CCRD-POSD;Pizzeria Da Mario;;;Einkauf Pizzeria Da Mario Baden Karte xxxx 4821;5812
MARCO_SARA-000219;CH5800761016013456789;2023-12-26;2023-12-26;27.45;CHF;DBIT;PMNT-CCRD-POSD;SBB Mobile;;;Einkauf SBB Mobile Zürich Karte xxxx 4821;4111
MARCO_SARA-000220;CH5800761016013456789;2023-12-26;2023-12-26;3202.95;CHF;CRDT;PMNT-RCDT-SALA;Kantonsspital Baden AG;CH9300762011623852222;;Lohnzahlung 12/2023 S. Keller;
MARCO_SARA-000221;CH5800761016013456789;2023-12-27;2023-12-27;605.00;CHF;DBIT;PMNT-ICDT-STDO;VIAC Vorsorgestiftung 3a;;;Dauerauftrag Säule 3a Einzahlung;
MARCO_SARA-000222;CH5800761016013456789;2023-12-28;2023-12-28;1300.00;CHF;DBIT;PMNT-ICDT-STDO;Steueramt Baden;;;Dauerauftrag Steuern Rate;
MARCO_SARA-000223;CH5800761016013456789;2023-12-28;2023-12-28;92.50;CHF;DBIT;PMNT-CCRD-POSD;Migrol Tankstelle;;;Einkauf Migrol Tankstelle Baden Karte xxxx 4821;5541
MARCO_SARA-000224;CH5800761016013456789;2023-12-28;2023-12-28;49.80;CHF;DBIT;PMNT-CCRD-POSD;Denner;;;Einkauf Denner Wettingen Karte xxxx 4821;5411
MARCO_SARA-000225;CH5800761016013456789;2023-12-28;2023-12-28;5.00;CHF;DBIT;ACMT-MDOP-CHRG;;;;Preis für Kontoführung;
MARCO_SARA-000226;CH3200761016019988776;2023-12-31;2023-12-31;248.00;CHF;CRDT;ACMT-MDOP-INTR;;;;Zinsgutschrift;
MARCO_SARA-000227;CH5800761016013456789;2024-01-01;2024-01-01;2450.00;CHF;DBIT;PMNT-ICDT-STDO;Wincasa AG;;;Dauerauftrag Miete 4.5 Zi Mellingerstrasse;
MARCO_SARA-000228;CH5800761016013456789;2024-01-01;2024-01-01;120.00;CHF;DBIT;PMNT-ICDT-STDO;Wincasa AG;;;Dauerauftrag Parkplatz Tiefgarage;
MARCO_SARA-000229;CH5800761016013456789;2024-01-02;2024-01-02;96.25;CHF;DBIT;PMNT-CCRD-POSD;Pizzeria Da Mario;;;Einkauf Pizzeria Da Mario Baden Karte xxxx 4821;5812
MARCO_SARA-000230;CH5800761016013456789;2024-01-02;2024-01-02;10.70;CHF;DBIT;PMNT-CCRD-POSD;Aldi Suisse;;;Einkauf Aldi Suisse Dättwil Karte xxxx 4821;5411
MARCO_SARA-000231;CH5800761016013456789;2024-01-03;2024-01-03;203.30;CHF;DBIT;PMNT-CCRD-POSD;Migros;;;Einkauf Migros Wettingen Karte xxxx 4821;5411
MARCO_SARA-000232;CH5800761016013456789;2024-01-03;2024-01-03;117.15;CHF;DBIT;PMNT-CCRD-POSD;Coop;;;Einkauf Coop Wettingen Karte xxxx 4821;5411
MARCO_SARA-000233;CH5800761016013456789;2024-01-03;2024-01-03;26.40;CHF;DBIT;PMNT-CCRD-POSD;Babywalz;;;Einkauf Babywalz Spreitenbach Karte xxxx 4821;5651
MARCO_SARA-000234;CH5800761016013456789;2024-01-04;2024-01-04;26.65;CHF;CRDT;PMNT-RCDT-ESCT;;;;TWINT *Empfangen von Tim Meier;
MARCO_SARA-000235;CH5800761016013456789;2024-01-05;2024-01-05;855.00;CHF;DBIT;PMNT-IDDT-ESDD;CSS Versicherung AG;;;LSV Prämie Grundversicherung Familie;
MARCO_SARA-000236;CH5800761016013456789;2024-01-05;2024-01-05;47.10;CHF;DBIT;PMNT-ICDT-ESCT;;;;TWINT *Sende an Laura Frei;
MARCO_SARA-000237;CH5800761016013456789;2024-01-08;2024-01-08;129.00;CHF;DBIT;PMNT-IDDT-ESDD;Swisscom (Schweiz) AG;;;LSV Swisscom blue Abo;
MARCO_SARA-000238;CH5800761016013456789;2024-01-08;2024-01-08;93.70;CHF;DBIT;PMNT-CCRD-POSD;Aldi Suisse;;;Einkauf Aldi Suisse Baden Karte xxxx 4821;5411
MARCO_SARA-000239;CH5800761016013456789;2024-01-08;2024-01-08;91.70;CHF;DBIT;PMNT-CCRD-POSD;Migros;;;Einkauf Migros Dättwil Karte xxxx 4821;5411
MARCO_SARA-000240;CH5800761016013456789;2024-01-08;2024-01-08;83.05;CHF;DBIT;PMNT-CCRD-POSD;Shell;;;Einkauf Shell Baden Karte xxxx 4821;5541
MARCO_SARA-000241;CH5800761016013456789;2024-01-08;2024-01-08;60.40;CHF;DBIT;PMNT-CCRD-POSD;Shell;;;Einkauf Shell Baden Karte xxxx 4821;5541
MARCO_SARA-000242;CH5800761016013456789;2024-01-08;2024-01-08;57.20;CHF;DBIT;PMNT-CCRD-POSD;SBB Mobile;;;Einkauf SBB Mobile Zürich Karte xxxx 4821;4111
MARCO_SARA-000243;CH5800761016013456789;2024-01-08;2024-01-08;37.10;CHF;DBIT;PMNT-CCRD-POSD;Decathlon;;;Einkauf Decathlon Baden Karte xxxx 4821;5651
MARCO_SARA-000244;CH5800761016013456789;2024-01-08;2024-01-08;27.90;CHF;DBIT;PMNT-CCRD-POSD;SBB Mobile;;;Einkauf SBB Mobile Zürich Karte xxxx 4821;4111
MARCO_SARA-000245;CH5800761016013456789;2024-01-10;2024-01-10;74.95;CHF;DBIT;PMNT-CCRD-POSD;Coop Pronto Tankstelle;;;Einkauf Coop Pronto Tankstelle Baden Karte xxxx 4821;5541
MARCO_SARA-000246;CH5800761016013456789;2024-01-10;2024-01-10;8.65;CHF;DBIT;PMNT-CCRD-POSD;Migros;;;Einkauf Migros Baden Karte xxxx 4821;5411
MARCO_SARA-000247;CH5800761016013456789;2024-01-10;2024-01-10;200.00;CHF;CRDT;PMNT-RCDT-DMCT;Familienausgleichskasse Aargau;;;Gutschrift Kinderzulage;
MARCO_SARA-000248;CH5800761016013456789;2024-01-11;2024-01-11;55.35;CHF;DBIT;PMNT-CCRD-POSD;Denner;;;Einkauf Denner Wettingen Karte xxxx 4821;5411
MARCO_SARA-000249;CH5800761016013456789;2024-01-11;2024-01-11;26.60;CHF;DBIT;PMNT-CCRD-POSD;Pizzeria Da Mario;;;Einkauf Pizzeria Da Mario Baden Karte xxxx 4821;5812
MARCO_SARA-000250;CH5800761016013456789;2024-01-12;2024-01-12;1150.00;CHF;DBIT;PMNT-ICDT-DMCT;Kita Sonnenschein Baden;;;Zahlung Rechnung Kita Betreuung 01/2024;
MARCO_SARA-000251;CH5800761016013456789;2024-01-12;2024-01-12;20.90;CHF;DBIT;PMNT-CCRD-POSD;Netflix International B.V.;;;Einkauf NETFLIX.COM Karte xxxx 7310;4899
MARCO_SARA-000252;CH5800761016013456789;2024-01-15;2024-01-15;367.25;CHF;DBIT;PMNT-CCRD-POSD;Decathlon;;;Einkauf Decathlon Spreitenbach Karte xxxx 4821;5651
MARCO_SARA-000253;CH5800761016013456789;2024-01-15;2024-01-15;171.55;CHF;DBIT;PMNT-CCRD-POSD;Coop;;;Einkauf Coop Dättwil Karte xxxx 4821;5411
MARCO_SARA-000254;CH5800761016013456789;2024-01-16;2024-01-16;85.25;CHF;DBIT;PMNT-CCRD-POSD;Lidl;;;Einkauf Lidl Baden Karte xxxx 4821;5411
MARCO_SARA-000255;CH5800761016013456789;2024-01-16;2024-01-16;45.70;CHF;DBIT;PMNT-CCRD-POSD;Aldi Suisse;;;Einkauf Aldi Suisse Wettingen Karte xxxx 4821;5411
MARCO_SARA-000256;CH5800761016013456789;2024-01-18;2024-01-18;154.00;CHF;DBIT;PMNT-CCRD-POSD;Coop;;;Einkauf Coop Dättwil Karte xxxx 4821;5411
MARCO_SARA-000257;CH5800761016013456789;2024-01-18;2024-01-18;28.50;CHF;DBIT;PMNT-CCRD-POSD;SBB Mobile;;;Einkauf SBB Mobile Zürich Karte xxxx 4821;4111
MARCO_SARA-000258;CH5800761016013456789;2024-01-19;2024-01-19;90.95;CHF;DBIT;PMNT-CCRD-POSD;Avia Tankstelle;;;Einkauf Avia Tankstelle Baden Karte xxxx 4821;5541
MARCO_SARA-000259;CH5800761016013456789;2024-01-19;2024-01-19;32.95;CHF;DBIT;PMNT-CCRD-POSD;Denner;;;Einkauf Denner Dättwil Karte xxxx 4821;5411
MARCO_SARA-000260;CH5800761016013456789;2024-01-22;2024-01-22;736.30;CHF;DBIT;PMNT-IDDT-ESDD;Cornèrcard;;;Lastschrift Cornèrcard Monatsrechnung 12/2023;
MARCO_SARA-000261;CH5800761016013456789;2024-01-22;2024-01-22;420.00;CHF;DBIT;PMNT-ICDT-DMCT;Die Mobiliar;;;Zahlung Prämie Hausrat Privathaftpflicht;
MARCO_SARA-000262;CH5800761016013456789;2024-01-22;2024-01-22;173.90;CHF;DBIT;PMNT-IDDT-ESDD;Regionalwerke AG Baden;;;LSV Stromrechnung;
MARCO_SARA-000263;CH5800761016013456789;2024-01-23;2024-01-23;120.00;CHF;DBIT;PMNT-CCRD-CWDL;;;;Bargeldbezug Postomat Wettingen Karte xxxx 4821;6011
MARCO_SARA-000264;CH5800761016013456789;2024-01-25;2024-01-25;7231.43;CHF;CRDT;PMNT-RCDT-SALA;ABB Schweiz AG;CH9300762011623852111;;Gutschrift Lohn Januar 2024;
MARCO_SARA-000265;CH3200761016019988776;2024-01-26;2024-01-26;1500.00;CHF;CRDT;PMNT-RCDT-BOOK;;CH5800761016013456789;;Übertrag Sparkonto Haus;
MARCO_SARA-000266;CH5800761016013456789;2024-01-26;2024-01-26;1500.00;CHF;DBIT;PMNT-ICDT-BOOK;;CH3200761016019988776;;Übertrag Sparkonto Haus;
MARCO_SARA-000267;CH5800761016013456789;2024-01-26;2024-01-26;167.95;CHF;DBIT;PMNT-CCRD-POSD;Migros;;;Einkauf Migros Wettingen Karte xxxx 4821;5411
MARCO_SARA-000268;CH5800761016013456789;2024-01-26;2024-01-26;69.90;CHF;DBIT;PMNT-CCRD-POSD;Coop Pronto Tankstelle;;;Einkauf Coop Pronto Tankstelle Baden Karte xxxx 4821;5541
MARCO_SARA-000269;CH5800761016013456789;2024-01-26;2024-01-26;3234.98;CHF;CRDT;PMNT-RCDT-SALA;Kantonsspital Baden AG;CH9300762011623852222;;Lohnzahlung 01/2024 S. Keller;
MARCO_SARA-000270;CH5800761016013456789;2024-01-29;2024-01-29;1300.00;CHF;DBIT;PMNT-ICDT-STDO;Steueramt Baden;;;Dauerauftrag Steuern Rate;
MARCO_SARA-000271;CH5800761016013456789;2024-01-29;2024-01-29;605.00;CHF;DBIT;PMNT-ICDT-STDO;VIAC Vorsorgestiftung 3a;;;Dauerauftrag Säule 3a Einzahlung;
MARCO_SARA-000272;CH5800761016013456789;2024-01-29;2024-01-29;45.05;CHF;DBIT;PMNT-CCRD-POSD;Coop;;;Einkauf Coop Baden Karte xxxx 4821;5411
MARCO_SARA-000273;CH5800761016013456789;2024-01-29;2024-01-29;41.65;CHF;DBIT;PMNT-CCRD-POSD;Denner;;;Einkauf Denner Dättwil Karte xxxx 4821;5411
MARCO_SARA-000274;CH5800761016013456789;2024-01-29;2024-01-29;5.00;CHF;DBIT;ACMT-MDOP-CHRG;;;;Preis für Kontoführung;
MARCO_SARA-000275;CH5800761016013456789;2024-02-01;2024-02-01;2450.00;CHF;DBIT;PMNT-ICDT-STDO;Wincasa AG;;;Dauerauftrag Miete 4.5 Zi Mellingerstrasse;
MARCO_SARA-000276;CH5800761016013456789;2024-02-01;2024-02-01;153.60;CHF;DBIT;PMNT-CCRD-POSD;McDonald's;;;Einkauf McDonald's Baden Karte xxxx 4821;5812
MARCO_SARA-000277;CH5800761016013456789;2024-02-01;2024-02-01;120.00;CHF;DBIT;PMNT-ICDT-STDO;Wincasa AG;;;Dauerauftrag Parkplatz Tiefgarage;
MARCO_SARA-000278;CH5800761016013456789;2024-02-01;2024-02-01;43.15;CHF;DBIT;PMNT-CCRD-POSD;Aldi Suisse;;;Einkauf Aldi Suisse Baden Karte xxxx 4821;5411
MARCO_SARA-000279;CH5800761016013456789;2024-02-02;2024-02-02;83.25;CHF;DBIT;PMNT-CCRD-POSD;Decathlon;;;Einkauf Decathlon Baden Karte xxxx 4821;5651
MARCO_SARA-000280;CH5800761016013456789;2024-02-02;2024-02-02;14.90;CHF;DBIT;PMNT-CCRD-POSD;Coop;;;Einkauf Coop Dättwil Karte xxxx 4821;5411
MARCO_SARA-000281;CH5800761016013456789;2024-02-05;2024-02-05;855.00;CHF;DBIT;PMNT-IDDT-ESDD;CSS Versicherung AG;;;LSV Prämie Grundversicherung Familie;
MARCO_SARA-000282;CH5800761016013456789;2024-02-05;2024-02-05;64.75;CHF;DBIT;PMNT-CCRD-POSD;Migrol Tankstelle;;;Einkauf Migrol Tankstelle Baden Karte xxxx 4821;5541
MARCO_SARA-000283;CH5800761016013456789;2024-02-05;2024-02-05;64.65;CHF;DBIT;PMNT-CCRD-POSD;H&M;;;Einkauf H&M Spreitenbach Karte xxxx 4821;5651
MARCO_SARA-000284;CH5800761016013456789;2024-02-05;2024-02-05;35.50;CHF;DBIT;PMNT-CCRD-POSD;Coop;;;Einkauf Coop Baden Karte xxxx 4821;5411
MARCO_SARA-000285;CH5800761016013456789;2024-02-05;2024-02-05;16.10;CHF;DBIT;PMNT-CCRD-POSD;SBB Mobile;;;Einkauf SBB Mobile Zürich Karte xxxx 4821;4111
MARCO_SARA-000286;CH5800761016013456789;2024-02-05;2024-02-05;14.50;CHF;DBIT;PMNT-CCRD-POSD;H&M;;;Einkauf H&M Baden Karte xxxx 4821;5651
MARCO_SARA-000287;CH5800761016013456789;2024-02-06;2024-02-06;67.50;CHF;DBIT;PMNT-ICDT-ESCT;;;;TWINT *Sende an Laura Frei;
MARCO_SARA-000288;CH5800761016013456789;2024-02-08;2024-02-08;129.00;CHF;DBIT;PMNT-IDDT-ESDD;Swisscom (Schweiz) AG;;;LSV Swisscom blue Abo;
MARCO_SARA-000289;CH5800761016013456789;2024-02-09;2024-02-09;61.40;CHF;DBIT;PMNT-CCRD-POSD;Coop;;;Einkauf Coop Dättwil Karte xxxx 4821;5411
MARCO_SARA-000290;CH5800761016013456789;2024-02-12;2024-02-12;1150.00;CHF;DBIT;PMNT-ICDT-DMCT;Kita Sonnenschein Baden;;;Zahlung Rechnung Kita Betreuung 02/2024;
MARCO_SARA-000291;CH5800761016013456789;2024-02-12;2024-02-12;69.50;CHF;DBIT;PMNT-CCRD-POSD;Coop Pronto Tankstelle;;;Einkauf Coop Pronto Tankstelle Baden Karte xxxx 4821;5541
MARCO_SARA-000292;CH5800761016013456789;2024-02-12;2024-02-12;44.55;CHF;DBIT;PMNT-CCRD-POSD;Lidl;;;Einkauf Lidl Dättwil Karte xxxx 4821;5411
MARCO_SARA-000293;CH5800761016013456789;2024-02-12;2024-02-12;43.25;CHF;DBIT;PMNT-CCRD-POSD;Kino Trafo;;;Einkauf Kino Trafo Zürich Karte xxxx 4821;
MARCO_SARA-000294;CH5800761016013456789;2024-02-12;2024-02-12;21.35;CHF;DBIT;PMNT-CCRD-POSD;IKEA;;;Einkauf IKEA Spreitenbach Karte xxxx 4821;5651
MARCO_SARA-000295;CH5800761016013456789;2024-02-12;2024-02-12;20.90;CHF;DBIT;PMNT-CCRD-POSD;Netflix International B.V.;;;Einkauf NETFLIX.COM Karte xxxx 7310;4899
MARCO_SARA-000296;CH5800761016013456789;2024-02-12;2024-02-12;15.75;CHF;DBIT;PMNT-CCRD-POSD;Lidl;;;Einkauf Lidl Wettingen Karte xxxx 4821;5411
MARCO_SARA-000297;CH5800761016013456789;2024-02-12;2024-02-12;14.35;CHF;DBIT;PMNT-CCRD-POSD;H&M;;;Einkauf H&M Baden Karte xxxx 4821;5651
MARCO_SARA-000298;CH5800761016013456789;2024-02-12;2024-02-12;10.55;CHF;DBIT;PMNT-CCRD-POSD;SBB Mobile;;;Einkauf SBB Mobile Zürich Karte xxxx 4821;4111
MARCO_SARA-000299;CH5800761016013456789;2024-02-12;2024-02-12;200.00;CHF;CRDT;PMNT-RCDT-DMCT;Familienausgleichskasse Aargau;;;Gutschrift Kinderzulage;
MARCO_SARA-000300;CH5800761016013456789;2024-02-15;2024-02-15;10.95;CHF;DBIT;PMNT-CCRD-POSD;SBB Mobile;;;Einkauf SBB Mobile Zürich Karte xxxx 4821;4111
MARCO_SARA-000301;CH5800761016013456789;2024-02-16;2024-02-16;100.05;CHF;DBIT;PMNT-CCRD-POSD;Migrol Tankstelle;;;Einkauf Migrol Tankstelle Baden Karte xxxx 4821;5541
MARCO_SARA-000302;CH5800761016013456789;2024-02-19;2024-02-19;380.00;CHF;DBIT;PMNT-ICDT-DMCT;Strassenverkehrsamt Aargau;;;Zahlung Verkehrssteuer Skoda;
MARCO_SARA-000303;CH5800761016013456789;2024-02-19;2024-02-19;240.00;CHF;DBIT;PMNT-ICDT-DMCT;Strassenverkehrsamt Aargau;;;Zahlung Verkehrssteuer Clio;
MARCO_SARA-000304;CH5800761016013456789;2024-02-19;2024-02-19;123.65;CHF;DBIT;PMNT-CCRD-POSD;Galaxus;;;Einkauf Galaxus Spreitenbach Karte xxxx 4821;5651
MARCO_SARA-000305;CH5800761016013456789;2024-02-19;2024-02-19;28.95;CHF;DBIT;PMNT-CCRD-POSD;Aldi Suisse;;;Einkauf Aldi Suisse Dättwil Karte xxxx 4821;5411
MARCO_SARA-000306;CH5800761016013456789;2024-02-21;2024-02-21;48.35;CHF;DBIT;PMNT-CCRD-POSD;Coop;;;Einkauf Coop Baden Karte xxxx 4821;5411
MARCO_SARA-000307;CH5800761016013456789;2024-02-21;2024-02-21;37.75;CHF;DBIT;PMNT-CCRD-POSD;Pizzeria Da Mario;;;Einkauf Pizzeria Da Mario Baden Karte xxxx 4821;5812
MARCO_SARA-000308;CH5800761016013456789;2024-02-22;2024-02-22;41.35;CHF;DBIT;PMNT-CCRD-POSD;Aldi Suisse;;;Einkauf Aldi Suisse Dättwil Karte xxxx 4821;5411
MARCO_SARA-000309;CH5800761016013456789;2024-02-23;2024-02-23;282.85;CHF;DBIT;PMNT-CCRD-POSD;Aldi Suisse;;;Einkauf Aldi Suisse Dättwil Karte xxxx 4821;5411
MARCO_SARA-000310;CH5800761016013456789;2024-02-23;2024-02-23;20.80;CHF;DBIT;PMNT-CCRD-POSD;Coop;;;Einkauf Coop Baden Karte xxxx 4821;5411
MARCO_SARA-000311;CH5800761016013456789;2024-02-23;2024-02-23;17.75;CHF;DBIT;PMNT-CCRD-POSD;Migros;;;Einkauf Migros Wettingen Karte xxxx 4821;5411
MARCO_SARA-000312;CH3200761016019988776;2024-02-26;2024-02-26;1500.00;CHF;CRDT;PMNT-RCDT-BOOK;;CH5800761016013456789;;Übertrag Sparkonto Haus;
MARCO_SARA-000313;CH5800761016013456789;2024-02-26;2024-02-26;1500.00;CHF;DBIT;PMNT-ICDT-BOOK;;CH3200761016019988776;;Übertrag Sparkonto Haus;
MARCO_SARA-000314;CH5800761016013456789;2024-02-26;2024-02-26;102.05;CHF;DBIT;PMNT-CCRD-POSD;Coop;;;Einkauf Coop Dättwil Karte xxxx 4821;5411
MARCO_SARA-000315;CH5800761016013456789;2024-02-26;2024-02-26;97.30;CHF;DBIT;PMNT-CCRD-POSD;Aldi Suisse;;;Einkauf Aldi Suisse Baden Karte xxxx 4821;5411
MARCO_SARA-000316;CH5800761016013456789;2024-02-26;2024-02-26;68.90;CHF;DBIT;PMNT-CCRD-POSD;Kino Trafo;;;Einkauf Kino Trafo Zürich Karte xxxx 4821;
MARCO_SARA-000317;CH5800761016013456789;2024-02-26;2024-02-26;42.45;CHF;DBIT;PMNT-CCRD-POSD;Badi Baden;;;Einkauf Badi Baden Zürich Karte xxxx 4821;
MARCO_SARA-000318;CH5800761016013456789;2024-02-26;2024-02-26;3234.98;CHF;CRDT;PMNT-RCDT-SALA;Kantonsspital Baden AG;CH9300762011623852222;;Lohnzahlung 02/2024 S. Keller;
MARCO_SARA-000319;CH5800761016013456789;2024-02-26;2024-02-26;7231.43;CHF;CRDT;PMNT-RCDT-SALA;ABB Schweiz AG;CH9300762011623852111;;Gutschrift Lohn Februar 2024;
MARCO_SARA-000320;CH5800761016013456789;2024-02-27;2024-02-27;605.00;CHF;DBIT;PMNT-ICDT-STDO;VIAC Vorsorgestiftung 3a;;;Dauerauftrag Säule 3a Einzahlung;
MARCO_SARA-000321;CH5800761016013456789;2024-02-27;2024-02-27;59.75;CHF;DBIT;PMNT-CCRD-POSD;Migros;;;Einkauf Migros Dättwil Karte xxxx 4821;5411
MARCO_SARA-000322;CH5800761016013456789;2024-02-27;2024-02-27;22.95;CHF;DBIT;PMNT-CCRD-POSD;SBB Mobile;;;Einkauf SBB Mobile Zürich Karte xxxx 4821;4111
MARCO_SARA-000323;CH5800761016013456789;2024-02-28;2024-02-28;1300.00;CHF;DBIT;PMNT-ICDT-STDO;Steueramt Baden;;;Dauerauftrag Steuern Rate;
MARCO_SARA-000324;CH5800761016013456789;2024-02-28;2024-02-28;56.00;CHF;DBIT;PMNT-CCRD-POSD;Migros;;;Einkauf Migros Baden Karte xxxx 4821;5411
MARCO_SARA-000325;CH5800761016013456789;2024-02-28;2024-02-28;33.10;CHF;DBIT;PMNT-CCRD-POSD;Aldi Suisse;;;Einkauf Aldi Suisse Wettingen Karte xxxx 4821;5411
MARCO_SARA-000326;CH5800761016013456789;2024-02-28;2024-02-28;5.00;CHF;DBIT;ACMT-MDOP-CHRG;;;;Preis für Kontoführung;
MARCO_SARA-000327;CH5800761016013456789;2024-02-28;2024-02-28;35.50;CHF;CRDT;PMNT-RCDT-ESCT;;;;TWINT *Empfangen von Laura Frei;
MARCO_SARA-000328;CH5800761016013456789;2024-03-01;2024-03-01;2450.00;CHF;DBIT;PMNT-ICDT-STDO;Wincasa AG;;;Dauerauftrag Miete 4.5 Zi Mellingerstrasse;
MARCO_SARA-000329;CH5800761016013456789;2024-03-01;2024-03-01;120.00;CHF;DBIT;PMNT-ICDT-STDO;Wincasa AG;;;Dauerauftrag Parkplatz Tiefgarage;
MARCO_SARA-000330;CH5800761016013456789;2024-03-04;2024-03-04;69.90;CHF;DBIT;PMNT-CCRD-POSD;Coop Pronto Tankstelle;;;Einkauf Coop Pronto Tankstelle Baden Karte xxxx 4821;5541
MARCO_SARA-000331;CH5800761016013456789;2024-03-04;2024-03-04;59.65;CHF;DBIT;PMNT-CCRD-POSD;Badi Baden;;;Einkauf Badi Baden Zürich Karte xxxx 4821;
MARCO_SARA-000332;CH5800761016013456789;2024-03-04;2024-03-04;38.85;CHF;DBIT;PMNT-CCRD-POSD;Coop;;;Einkauf Coop Wettingen Karte xxxx 4821;5411
MARCO_SARA-000333;CH5800761016013456789;2024-03-04;2024-03-04;25.75;CHF;CRDT;PMNT-RCDT-ESCT;;;;TWINT *Empfangen von Tim Meier;
MARCO_SARA-000334;CH5800761016013456789;2024-03-05;2024-03-05;855.00;CHF;DBIT;PMNT-IDDT-ESDD;CSS Versicherung AG;;;LSV Prämie Grundversicherung Familie;
MARCO_SARA-000335;CH5800761016013456789;2024-03-06;2024-03-06;13.80;CHF;DBIT;PMNT-CCRD-POSD;SBB Mobile;;;Einkauf SBB Mobile Zürich Karte xxxx 4821;4111
MARCO_SARA-000336;CH5800761016013456789;2024-03-08;2024-03-08;129.00;CHF;DBIT;PMNT-IDDT-ESDD;Swisscom (Schweiz) AG;;;LSV Swisscom blue Abo;
MARCO_SARA-000337;CH5800761016013456789;2024-03-08;2024-03-08;10.60;CHF;DBIT;PMNT-CCRD-POSD;Coop;;;Einkauf Coop Dättwil Karte xxxx 4821;5411
MARCO_SARA-000338;CH5800761016013456789;2024-03-11;2024-03-11;1150.00;CHF;DBIT;PMNT-ICDT-DMCT;Mobiliar Versicherungen;;;Zahlung Motorfahrzeugversicherung Skoda;
MARCO_SARA-000339;CH5800761016013456789;2024-03-11;2024-03-11;76.30;CHF;DBIT;PMNT-CCRD-POSD;Migrol Tankstelle;;;Einkauf Migrol Tankstelle Baden Karte xxxx 4821;5541
MARCO_SARA-000340;CH5800761016013456789;2024-03-11;2024-03-11;69.85;CHF;DBIT;PMNT-CCRD-POSD;Restaurant Roter Turm;;;Einkauf Restaurant Roter Turm Baden Karte xxxx 4821;5812
MARCO_SARA-000341;CH5800761016013456789;2024-03-11;2024-03-11;45.80;CHF;DBIT;PMNT-CCRD-POSD;Pizzeria Da Mario;;;Einkauf Pizzeria Da Mario Baden Karte xxxx 4821;5812
MARCO_SARA-000342;CH5800761016013456789;2024-03-11;2024-03-11;45.65;CHF;DBIT;PMNT-CCRD-POSD;Aldi Suisse;;;Einkauf Aldi Suisse Dättwil Karte xxxx 4821;5411
MARCO_SARA-000343;CH5800761016013456789;2024-03-11;2024-03-11;18.50;CHF;CRDT;PMNT-RCDT-ESCT;;;;TWINT *Empfangen von Tim Meier;
MARCO_SARA-000344;CH5800761016013456789;2024-03-11;2024-03-11;200.00;CHF;CRDT;PMNT-RCDT-DMCT;Familienausgleichskasse Aargau;;;Gutschrift Kinderzulage;
MARCO_SARA-000345;CH5800761016013456789;2024-03-12;2024-03-12;1150.00;CHF;DBIT;PMNT-ICDT-DMCT;Kita Sonnenschein Baden;;;Zahlung Rechnung Kita Betreuung 03/2024;
MARCO_SARA-000346;CH5800761016013456789;2024-03-12;2024-03-12;40.15;CHF;DBIT;PMNT-CCRD-POSD;Lidl;;;Einkauf Lidl Baden Karte xxxx 4821;5411
MARCO_SARA-000347;CH5800761016013456789;2024-03-12;2024-03-12;33.80;CHF;DBIT;PMNT-ICDT-ESCT;;;;TWINT *Sende an Nonna Keller;
MARCO_SARA-000348;CH5800761016013456789;2024-03-12;2024-03-12;20.90;CHF;DBIT;PMNT-CCRD-POSD;Netflix International B.V.;;;Einkauf NETFLIX.COM Karte xxxx 7310;4899
MARCO_SARA-000349;CH5800761016013456789;2024-03-13;2024-03-13;88.10;CHF;DBIT;PMNT-CCRD-POSD;Aldi Suisse;;;Einkauf Aldi Suisse Dättwil Karte xxxx 4821;5411
MARCO_SARA-000350;CH5800761016013456789;2024-03-14;2024-03-14;15.05;CHF;DBIT;PMNT-CCRD-POSD;Kino Trafo;;;Einkauf Kino Trafo Zürich Karte xxxx 4821;
MARCO_SARA-000351;CH5800761016013456789;2024-03-18;2024-03-18;86.20;CHF;DBIT;PMNT-CCRD-POSD;Shell;;;Einkauf Shell Baden Karte xxxx 4821;5541
MARCO_SARA-000352;CH5800761016013456789;2024-03-18;2024-03-18;75.75;CHF;DBIT;PMNT-CCRD-POSD;Aldi Suisse;;;Einkauf Aldi Suisse Baden Karte xxxx 4821;5411
MARCO_SARA-000353;CH5800761016013456789;2024-03-18;2024-03-18;61.90;CHF;DBIT;PMNT-CCRD-POSD;H&M;;;Einkauf H&M Spreitenbach Karte xxxx 4821;5651
MARCO_SARA-000354;CH5800761016013456789;2024-03-18;2024-03-18;52.70;CHF;DBIT;PMNT-CCRD-POSD;Denner;;;Einkauf Denner Dättwil Karte xxxx 4821;5411
MARCO_SARA-000355;CH5800761016013456789;2024-03-20;2024-03-20;64.05;CHF;DBIT;PMNT-CCRD-POSD;Lidl;;;Einkauf Lidl Dättwil Karte xxxx 4821;5411
MARCO_SARA-000356;CH5800761016013456789;2024-03-21;2024-03-21;89.25;CHF;DBIT;PMNT-ICDT-ESCT;;;;TWINT *Sende an Nonna Keller;
MARCO_SARA-000357;CH5800761016013456789;2024-03-21;2024-03-21;39.95;CHF;DBIT;PMNT-CCRD-POSD;Migros;;;Einkauf Migros Wettingen Karte xxxx 4821;5411
MARCO_SARA-000358;CH5800761016013456789;2024-03-21;2024-03-21;20.95;CHF;DBIT;PMNT-CCRD-POSD;Pizzeria Da Mario;;;Einkauf Pizzeria Da Mario Baden Karte xxxx 4821;5812
MARCO_SARA-000359;CH5800761016013456789;2024-03-22;2024-03-22;94.55;CHF;DBIT;PMNT-IDDT-ESDD;Cornèrcard;;;Lastschrift Cornèrcard Monatsrechnung 02/2024;
MARCO_SARA-000360;CH5800761016013456789;2024-03-22;2024-03-22;73.80;CHF;DBIT;PMNT-CCRD-POSD;Denner;;;Einkauf Denner Dättwil Karte xxxx 4821;5411
MARCO_SARA-000361;CH5800761016013456789;2024-03-22;2024-03-22;29.80;CHF;DBIT;PMNT-CCRD-POSD;Galaxus;;;Einkauf Galaxus Spreitenbach Karte xxxx 4821;5651
MARCO_SARA-000362;CH5800761016013456789;2024-03-25;2024-03-25;102.25;CHF;DBIT;PMNT-CCRD-POSD;Coop;;;Einkauf Coop Dättwil Karte xxxx 4821;5411
MARCO_SARA-000363;CH5800761016013456789;2024-03-25;2024-03-25;97.85;CHF;DBIT;PMNT-ICDT-ESCT;;;;TWINT *Sende an Tim Meier;
MARCO_SARA-000364;CH5800761016013456789;2024-03-25;2024-03-25;39.50;CHF;DBIT;PMNT-CCRD-POSD;Coop;;;Einkauf Coop Dättwil Karte xxxx 4821;5411
MARCO_SARA-000365;CH5800761016013456789;2024-03-25;2024-03-25;7231.43;CHF;CRDT;PMNT-RCDT-SALA;ABB Schweiz AG;CH9300762011623852111;;Gutschrift Lohn März 2024;
MARCO_SARA-000366;CH3200761016019988776;2024-03-26;2024-03-26;1500.00;CHF;CRDT;PMNT-RCDT-BOOK;;CH5800761016013456789;;Übertrag Sparkonto Haus;
MARCO_SARA-000367;CH5800761016013456789;2024-03-26;2024-03-26;1500.00;CHF;DBIT;PMNT-ICDT-BOOK;;CH3200761016019988776;;Übertrag Sparkonto Haus;
MARCO_SARA-000368;CH5800761016013456789;2024-03-26;2024-03-26;37.70;CHF;DBIT;PMNT-CCRD-POSD;Coop;;;Einkauf Coop Dättwil Karte xxxx 4821;5411
MARCO_SARA-000369;CH5800761016013456789;2024-03-26;2024-03-26;33.60;CHF;DBIT;PMNT-CCRD-POSD;Aldi Suisse;;;Einkauf Aldi Suisse Dättwil Karte xxxx 4821;5411
MARCO_SARA-000370;CH5800761016013456789;2024-03-26;2024-03-26;3234.98;CHF;CRDT;PMNT-RCDT-SALA;Kantonsspital Baden AG;CH9300762011623852222;;Lohnzahlung 03/2024 S. Keller;
MARCO_SARA-000371;CH5800761016013456789;2024-03-27;2024-03-27;605.00;CHF;DBIT;PMNT-ICDT-STDO;VIAC Vorsorgestiftung 3a;;;Dauerauftrag Säule 3a Einzahlung;
MARCO_SARA-000372;CH5800761016013456789;2024-03-27;2024-03-27;200.00;CHF;DBIT;PMNT-CCRD-CWDL;;;;Bargeldbezug Bancomat Raiffeisen Baden Karte xxxx 4821;6011
MARCO_SARA-000373;CH5800761016013456789;2024-03-27;2024-03-27;80.90;CHF;DBIT;PMNT-CCRD-POSD;Aldi Suisse;;;Einkauf Aldi Suisse Wettingen Karte xxxx 4821;5411
MARCO_SARA-000374;CH5800761016013456789;2024-03-27;2024-03-27;44.75;CHF;DBIT;PMNT-CCRD-POSD;Kinderarztpraxis Baden;;;Einkauf Kinderarztpraxis Baden Baden Karte xxxx 4821;5912
MARCO_SARA-000375;CH5800761016013456789;2024-03-27;2024-03-27;35.45;CHF;DBIT;PMNT-CCRD-POSD;Lidl;;;Einkauf Lidl Baden Karte xxxx 4821;5411
MARCO_SARA-000376;CH5800761016013456789;2024-03-28;2024-03-28;1300.00;CHF;DBIT;PMNT-ICDT-STDO;Steueramt Baden;;;Dauerauftrag Steuern Rate;
MARCO_SARA-000377;CH5800761016013456789;2024-03-28;2024-03-28;70.40;CHF;DBIT;PMNT-CCRD-POSD;Migrol Tankstelle;;;Einkauf Migrol Tankstelle Baden Karte xxxx 4821;5541
MARCO_SARA-000378;CH5800761016013456789;2024-03-28;2024-03-28;26.55;CHF;DBIT;PMNT-CCRD-POSD;Galaxus;;;Einkauf Galaxus Baden Karte xxxx 4821;5651
MARCO_SARA-000379;CH5800761016013456789;2024-03-28;2024-03-28;21.55;CHF;DBIT;PMNT-CCRD-POSD;SBB Mobile;;;Einkauf SBB Mobile Zürich Karte xxxx 4821;4111
MARCO_SARA-000380;CH5800761016013456789;2024-03-28;2024-03-28;13.10;CHF;DBIT;PMNT-CCRD-POSD;Amavita Apotheke;;;Einkauf Amavita Apotheke Baden Karte xxxx 4821;5912
MARCO_SARA-000381;CH5800761016013456789;2024-03-28;2024-03-28;5.00;CHF;DBIT;ACMT-MDOP-CHRG;;;;Preis für Kontoführung;
MARCO_SARA-000382;CH5800761016013456789;2024-04-01;2024-04-01;2450.00;CHF;DBIT;PMNT-ICDT-STDO;Wincasa AG;;;Dauerauftrag Miete 4.5 Zi Mellingerstrasse;
MARCO_SARA-000383;CH5800761016013456789;2024-04-01;2024-04-01;120.00;CHF;DBIT;PMNT-ICDT-STDO;Wincasa AG;;;Dauerauftrag Parkplatz Tiefgarage;
MARCO_SARA-000384;CH5800761016013456789;2024-04-02;2024-04-02;92.15;CHF;DBIT;PMNT-CCRD-POSD;Migrol Tankstelle;;;Einkauf Migrol Tankstelle Baden Karte xxxx 4821;5541
MARCO_SARA-000385;CH5800761016013456789;2024-04-02;2024-04-02;59.65;CHF;DBIT;PMNT-CCRD-POSD;Aldi Suisse;;;Einkauf Aldi Suisse Dättwil Karte xxxx 4821;5411
MARCO_SARA-000386;CH5800761016013456789;2024-04-03;2024-04-03;72.15;CHF;DBIT;PMNT-CCRD-POSD;SBB Mobile;;;Einkauf SBB Mobile Zürich Karte xxxx 4821;4111
MARCO_SARA-000387;CH5800761016013456789;2024-04-03;2024-04-03;55.10;CHF;DBIT;PMNT-CCRD-POSD;Lidl;;;Einkauf Lidl Wettingen Karte xxxx 4821;5411
MARCO_SARA-000388;CH5800761016013456789;2024-04-03;2024-04-03;54.15;CHF;DBIT;PMNT-CCRD-POSD;Lidl;;;Einkauf Lidl Dättwil Karte xxxx 4821;5411
MARCO_SARA-000389;CH5800761016013456789;2024-04-05;2024-04-05;855.00;CHF;DBIT;PMNT-IDDT-ESDD;CSS Versicherung AG;;;LSV Prämie Grundversicherung Familie;
MARCO_SARA-000390;CH5800761016013456789;2024-04-05;2024-04-05;30.15;CHF;DBIT;PMNT-CCRD-POSD;McDonald's;;;Einkauf McDonald's Baden Karte xxxx 4821;5812
MARCO_SARA-000391;CH5800761016013456789;2024-04-08;2024-04-08;129.00;CHF;DBIT;PMNT-IDDT-ESDD;Swisscom (Schweiz) AG;;;LSV Swisscom blue Abo;
MARCO_SARA-000392;CH5800761016013456789;2024-04-08;2024-04-08;89.60;CHF;DBIT;PMNT-CCRD-POSD;Avia Tankstelle;;;Einkauf Avia Tankstelle Baden Karte xxxx 4821;5541
MARCO_SARA-000393;CH5800761016013456789;2024-04-08;2024-04-08;78.15;CHF;DBIT;PMNT-CCRD-POSD;Migros;;;Einkauf Migros Dättwil Karte xxxx 4821;5411
MARCO_SARA-000394;CH5800761016013456789;2024-04-08;2024-04-08;60.00;CHF;DBIT;PMNT-CCRD-CWDL;;;;Bargeldbezug Bancomat Raiffeisen Baden Karte xxxx 4821;6011
MARCO_SARA-000395;CH5800761016013456789;2024-04-08;2024-04-08;28.70;CHF;DBIT;PMNT-CCRD-POSD;Coop;;;Einkauf Coop Dättwil Karte xxxx 4821;5411
MARCO_SARA-000396;CH5800761016013456789;2024-04-08;2024-04-08;24.15;CHF;DBIT;PMNT-ICDT-ESCT;;;;TWINT *Sende an Nonna Keller;
MARCO_SARA-000397;CH5800761016013456789;2024-04-10;2024-04-10;38.85;CHF;DBIT;PMNT-CCRD-POSD;Lidl;;;Einkauf Lidl Baden Karte xxxx 4821;5411
MARCO_SARA-000398;CH5800761016013456789;2024-04-10;2024-04-10;200.00;CHF;CRDT;PMNT-RCDT-DMCT;Familienausgleichskasse Aargau;;;Gutschrift Kinderzulage;
MARCO_SARA-000399;CH5800761016013456789;2024-04-11;2024-04-11;104.20;CHF;DBIT;PMNT-CCRD-POSD;Manor;;;Einkauf Manor Baden Karte xxxx 4821;5651
MARCO_SARA-000400;CH5800761016013456789;2024-04-11;2024-04-11;41.85;CHF;DBIT;PMNT-CCRD-POSD;Restaurant Roter Turm;;;Einkauf Restaurant Roter Turm Baden Karte xxxx 4821;5812
MARCO_SARA-000401;CH5800761016013456789;2024-04-11;2024-04-11;22.70;CHF;DBIT;PMNT-CCRD-POSD;Badi Baden;;;Einkauf Badi Baden Zürich Karte xxxx 4821;
MARCO_SARA-000402;CH5800761016013456789;2024-04-12;2024-04-12;1150.00;CHF;DBIT;PMNT-ICDT-DMCT;Kita Sonnenschein Baden;;;Zahlung Rechnung Kita Betreuung 04/2024;
MARCO_SARA-000403;CH5800761016013456789;2024-04-12;2024-04-12;335.00;CHF;DBIT;PMNT-ICDT-DMCT;Serafe AG;;;Zahlung Radio- und Fernsehabgabe 2024;
MARCO_SARA-000404;CH5800761016013456789;2024-04-12;2024-04-12;71.90;CHF;DBIT;PMNT-CCRD-POSD;Migros;;;Einkauf Migros Baden Karte xxxx 4821;5411
MARCO_SARA-000405;CH5800761016013456789;2024-04-12;2024-04-12;65.75;CHF;DBIT;PMNT-CCRD-POSD;Shell;;;Einkauf Shell Baden Karte xxxx 4821;5541
MARCO_SARA-000406;CH5800761016013456789;2024-04-12;2024-04-12;23.15;CHF;DBIT;PMNT-CCRD-POSD;Restaurant Roter Turm;;;Einkauf Restaurant Roter Turm Baden Karte xxxx 4821;5812
MARCO_SARA-000407;CH5800761016013456789;2024-04-12;2024-04-12;20.90;CHF;DBIT;PMNT-CCRD-POSD;Netflix International B.V.;;;Einkauf NETFLIX.COM Karte xxxx 7310;4899
MARCO_SARA-000408;CH5800761016013456789;2024-04-15;2024-04-15;530.70;CHF;DBIT;PMNT-ICDT-DMCT;Garage Baden AG;;;Zahlung Rechnung Service;
MARCO_SARA-000409;CH5800761016013456789;2024-04-15;2024-04-15;99.05;CHF;DBIT;PMNT-CCRD-POSD;Aldi Suisse;;;Einkauf Aldi Suisse Wettingen Karte xxxx 4821;5411
MARCO_SARA-000410;CH5800761016013456789;2024-04-15;2024-04-15;97.30;CHF;DBIT;PMNT-CCRD-POSD;Migros;;;Einkauf Migros Dättwil Karte xxxx 4821;5411
MARCO_SARA-000411;CH5800761016013456789;2024-04-15;2024-04-15;66.50;CHF;DBIT;PMNT-CCRD-POSD;Denner;;;Einkauf Denner Baden Karte xxxx 4821;5411
MARCO_SARA-000412;CH5800761016013456789;2024-04-15;2024-04-15;66.50;CHF;DBIT;PMNT-CCRD-POSD;Denner;;;Einkauf Denner Baden Karte xxxx 4821;5411
MARCO_SARA-000413;CH5800761016013456789;2024-04-15;2024-04-15;48.75;CHF;DBIT;PMNT-CCRD-POSD;Babywalz;;;Einkauf Babywalz Baden Karte xxxx 4821;5651
MARCO_SARA-000414;CH5800761016013456789;2024-04-15;2024-04-15;32.15;CHF;DBIT;PMNT-CCRD-POSD;Aldi Suisse;;;Einkauf Aldi Suisse Wettingen Karte xxxx 4821;5411
MARCO_SARA-000415;CH5800761016013456789;2024-04-15;2024-04-15;31.65;CHF;DBIT;PMNT-CCRD-POSD;Zoo Zürich;;;Einkauf Zoo Zürich Zürich Karte xxxx 4821;
MARCO_SARA-000416;CH5800761016013456789;2024-04-15;2024-04-15;29.20;CHF;DBIT;PMNT-CCRD-POSD;Kino Trafo;;;Einkauf Kino Trafo Zürich Karte xxxx 4821;
MARCO_SARA-000417;CH5800761016013456789;2024-04-16;2024-04-16;59.55;CHF;DBIT;PMNT-CCRD-POSD;Aldi Suisse;;;Einkauf Aldi Suisse Dättwil Karte xxxx 4821;5411
MARCO_SARA-000418;CH5800761016013456789;2024-04-17;2024-04-17;91.00;CHF;DBIT;PMNT-CCRD-POSD;Migros;;;Einkauf Migros Wettingen Karte xxxx 4821;5411
MARCO_SARA-000419;CH5800761016013456789;2024-04-19;2024-04-19;25.25;CHF;DBIT;PMNT-CCRD-POSD;Coop;;;Einkauf Coop Wettingen Karte xxxx 4821;5411
MARCO_SARA-000420;CH5800761016013456789;2024-04-22;2024-04-22;171.30;CHF;DBIT;PMNT-IDDT-ESDD;Regionalwerke AG Baden;;;LSV Stromrechnung;
MARCO_SARA-000421;CH5800761016013456789;2024-04-22;2024-04-22;160.50;CHF;DBIT;PMNT-IDDT-ESDD;Cornèrcard;;;Lastschrift Cornèrcard Monatsrechnung 03/2024;
MARCO_SARA-000422;CH5800761016013456789;2024-04-22;2024-04-22;64.80;CHF;DBIT;PMNT-CCRD-POSD;Aldi Suisse;;;Einkauf Aldi Suisse Dättwil Karte xxxx 4821;5411
MARCO_SARA-000423;CH5800761016013456789;2024-04-22;2024-04-22;57.10;CHF;DBIT;PMNT-CCRD-POSD;Migrol Tankstelle;;;Einkauf Migrol Tankstelle Baden Karte xxxx 4821;5541
MARCO_SARA-000424;CH5800761016013456789;2024-04-22;2024-04-22;45.85;CHF;DBIT;PMNT-CCRD-POSD;Avia Tankstelle;;;Einkauf Avia Tankstelle Baden Karte xxxx 4821;5541
MARCO_SARA-000425;CH5800761016013456789;2024-04-23;2024-04-23;111.90;CHF;DBIT;PMNT-CCRD-POSD;Coop;;;Einkauf Coop Baden Karte xxxx 4821;5411
MARCO_SARA-000426;CH5800761016013456789;2024-04-23;2024-04-23;80.00;CHF;DBIT;PMNT-CCRD-CWDL;;;;Bargeldbezug Postomat Wettingen Karte xxxx 4821;6011
MARCO_SARA-000427;CH5800761016013456789;2024-04-23;2024-04-23;64.60;CHF;DBIT;PMNT-CCRD-POSD;Lidl;;;Einkauf Lidl Wettingen Karte xxxx 4821;5411
MARCO_SARA-000428;CH5800761016013456789;2024-04-23;2024-04-23;62.40;CHF;DBIT;PMNT-CCRD-POSD;Pizzeria Da Mario;;;Einkauf Pizzeria Da Mario Baden Karte xxxx 4821;5812
MARCO_SARA-000429;CH5800761016013456789;2024-04-24;2024-04-24;102.85;CHF;DBIT;PMNT-CCRD-POSD;Lidl;;;Einkauf Lidl Dättwil Karte xxxx 4821;5411
MARCO_SARA-000430;CH5800761016013456789;2024-04-24;2024-04-24;65.00;CHF;DBIT;PMNT-CCRD-POSD;Shell;;;Einkauf Shell Baden Karte xxxx 4821;5541
MARCO_SARA-000431;CH5800761016013456789;2024-04-24;2024-04-24;48.60;CHF;DBIT;PMNT-CCRD-POSD;Amavita Apotheke;;;Einkauf Amavita Apotheke Baden Karte xxxx 4821;5912
MARCO_SARA-000432;CH5800761016013456789;2024-04-24;2024-04-24;20.70;CHF;CRDT;PMNT-RCDT-ESCT;;;;TWINT *Empfangen von Nonna Keller;
MARCO_SARA-000433;CH5800761016013456789;2024-04-25;2024-04-25;42.40;CHF;DBIT;PMNT-CCRD-POSD;Migros;;;Einkauf Migros Dättwil Karte xxxx 4821;5411
MARCO_SARA-000434;CH5800761016013456789;2024-04-25;2024-04-25;37.70;CHF;DBIT;PMNT-CCRD-POSD;Lidl;;;Einkauf Lidl Baden Karte xxxx 4821;5411
MARCO_SARA-000435;CH5800761016013456789;2024-04-25;2024-04-25;7231.43;CHF;CRDT;PMNT-RCDT-SALA;ABB Schweiz AG;CH9300762011623852111;;Gutschrift Lohn April 2024;
MARCO_SARA-000436;CH3200761016019988776;2024-04-26;2024-04-26;1500.00;CHF;CRDT;PMNT-RCDT-BOOK;;CH5800761016013456789;;Übertrag Sparkonto Haus;
MARCO_SARA-000437;CH5800761016013456789;2024-04-26;2024-04-26;1500.00;CHF;DBIT;PMNT-ICDT-BOOK;;CH3200761016019988776;;Übertrag Sparkonto Haus;
MARCO_SARA-000438;CH5800761016013456789;2024-04-26;2024-04-26;32.55;CHF;DBIT;PMNT-CCRD-POSD;Pizzeria Da Mario;;;Einkauf Pizzeria Da Mario Baden Karte xxxx 4821;5812
MARCO_SARA-000439;CH5800761016013456789;2024-04-26;2024-04-26;3234.98;CHF;CRDT;PMNT-RCDT-SALA;Kantonsspital Baden AG;CH9300762011623852222;;Lohnzahlung 04/2024 S. Keller;
MARCO_SARA-000440;CH5800761016013456789;2024-04-29;2024-04-29;1300.00;CHF;DBIT;PMNT-ICDT-STDO;Steueramt Baden;;;Dauerauftrag Steuern Rate;
MARCO_SARA-000441;CH5800761016013456789;2024-04-29;2024-04-29;605.00;CHF;DBIT;PMNT-ICDT-STDO;VIAC Vorsorgestiftung 3a;;;Dauerauftrag Säule 3a Einzahlung;
MARCO_SARA-000442;CH5800761016013456789;2024-04-29;2024-04-29;72.40;CHF;DBIT;PMNT-CCRD-POSD;Shell;;;Einkauf Shell Baden Karte xxxx 4821;5541
MARCO_SARA-000443;CH5800761016013456789;2024-04-29;2024-04-29;61.65;CHF;DBIT;PMNT-CCRD-POSD;Lidl;;;Einkauf Lidl Baden Karte xxxx 4821;5411
MARCO_SARA-000444;CH5800761016013456789;2024-04-29;2024-04-29;36.60;CHF;DBIT;PMNT-CCRD-POSD;Kino Trafo;;;Einkauf Kino Trafo Zürich Karte xxxx 4821;
MARCO_SARA-000445;CH5800761016013456789;2024-04-29;2024-04-29;5.00;CHF;DBIT;ACMT-MDOP-CHRG;;;;Preis für Kontoführung;
MARCO_SARA-000446;CH5800761016013456789;2024-05-01;2024-05-01;2450.00;CHF;DBIT;PMNT-ICDT-STDO;Wincasa AG;;;Dauerauftrag Miete 4.5 Zi Mellingerstrasse;
MARCO_SARA-000447;CH5800761016013456789;2024-05-01;2024-05-01;120.00;CHF;DBIT;PMNT-ICDT-STDO;Wincasa AG;;;Dauerauftrag Parkplatz Tiefgarage;
MARCO_SARA-000448;CH5800761016013456789;2024-05-01;2024-05-01;26.45;CHF;DBIT;PMNT-CCRD-POSD;Denner;;;Einkauf Denner Dättwil Karte xxxx 4821;5411
MARCO_SARA-000449;CH5800761016013456789;2024-05-02;2024-05-02;51.25;CHF;DBIT;PMNT-CCRD-POSD;Lidl;;;Einkauf Lidl Dättwil Karte xxxx 4821;5411
MARCO_SARA-000450;CH5800761016013456789;2024-05-02;2024-05-02;36.25;CHF;DBIT;PMNT-CCRD-POSD;Aldi Suisse;;;Einkauf Aldi Suisse Wettingen Karte xxxx 4821;5411
MARCO_SARA-000451;CH5800761016013456789;2024-05-03;2024-05-03;25.55;CHF;DBIT;PMNT-CCRD-POSD;Aldi Suisse;;;Einkauf Aldi Suisse Baden Karte xxxx 4821;5411
MARCO_SARA-000452;CH5800761016013456789;2024-05-03;2024-05-03;24.55;CHF;DBIT;PMNT-CCRD-POSD;Coop;;;Einkauf Coop Baden Karte xxxx 4821;5411
MARCO_SARA-000453;CH5800761016013456789;2024-05-03;2024-05-03;22.90;CHF;DBIT;PMNT-CCRD-POSD;Restaurant Roter Turm;;;Einkauf Restaurant Roter Turm Baden Karte xxxx 4821;5812
MARCO_SARA-000454;CH5800761016013456789;2024-05-06;2024-05-06;855.00;CHF;DBIT;PMNT-IDDT-ESDD;CSS Versicherung AG;;;LSV Prämie Grundversicherung Familie;
MARCO_SARA-000455;CH5800761016013456789;2024-05-06;2024-05-06;125.25;CHF;DBIT;PMNT-CCRD-POSD;Galaxus;;;Einkauf Galaxus Baden Karte xxxx 4821;5651
MARCO_SARA-000456;CH5800761016013456789;2024-05-06;2024-05-06;75.85;CHF;DBIT;PMNT-CCRD-POSD;Denner;;;Einkauf Denner Baden Karte xxxx 4821;5411
MARCO_SARA-000457;CH5800761016013456789;2024-05-06;2024-05-06;66.15;CHF;DBIT;PMNT-CCRD-POSD;Coop;;;Einkauf Coop Wettingen Karte xxxx 4821;5411
MARCO_SARA-000458;CH5800761016013456789;2024-05-06;2024-05-06;45.90;CHF;DBIT;PMNT-CCRD-POSD;Lidl;;;Einkauf Lidl Baden Karte xxxx 4821;5411
MARCO_SARA-000459;CH5800761016013456789;2024-05-06;2024-05-06;33.60;CHF;DBIT;PMNT-CCRD-POSD;Restaurant Roter Turm;;;Einkauf Restaurant Roter Turm Baden Karte xxxx 4821;5812
MARCO_SARA-000460;CH5800761016013456789;2024-05-06;2024-05-06;29.60;CHF;DBIT;PMNT-ICDT-ESCT;;;;TWINT *Sende an Tim Meier;
MARCO_SARA-000461;CH5800761016013456789;2024-05-07;2024-05-07;62.10;CHF;DBIT;PMNT-CCRD-POSD;Amavita Apotheke;;;Einkauf Amavita Apotheke Baden Karte xxxx 4821;5912
MARCO_SARA-000462;CH5800761016013456789;2024-05-07;2024-05-07;48.75;CHF;DBIT;PMNT-CCRD-POSD;Lidl;;;Einkauf Lidl Baden Karte xxxx 4821;5411
MARCO_SARA-000463;CH5800761016013456789;2024-05-08;2024-05-08;129.00;CHF;DBIT;PMNT-IDDT-ESDD;Swisscom (Schweiz) AG;;;LSV Swisscom blue Abo;
MARCO_SARA-000464;CH5800761016013456789;2024-05-08;2024-05-08;72.20;CHF;DBIT;PMNT-CCRD-POSD;Migrol Tankstelle;;;Einkauf Migrol Tankstelle Baden Karte xxxx 4821;5541
MARCO_SARA-000465;CH5800761016013456789;2024-05-08;2024-05-08;18.95;CHF;DBIT;PMNT-CCRD-POSD;Lidl;;;Einkauf Lidl Wettingen Karte xxxx 4821;5411
MARCO_SARA-000466;CH5800761016013456789;2024-05-09;2024-05-09;95.45;CHF;DBIT;PMNT-CCRD-POSD;Lidl;;;Einkauf Lidl Baden Karte xxxx 4821;5411
MARCO_SARA-000467;CH5800761016013456789;2024-05-09;2024-05-09;70.00;CHF;DBIT;PMNT-CCRD-POSD;SBB Mobile;;;Einkauf SBB Mobile Zürich Karte xxxx 4821;4111
MARCO_SARA-000468;CH5800761016013456789;2024-05-10;2024-05-10;74.75;CHF;DBIT;PMNT-CCRD-POSD;Manor;;;Einkauf Manor Spreitenbach Karte xxxx 4821;5651
MARCO_SARA-000469;CH5800761016013456789;2024-05-10;2024-05-10;56.20;CHF;DBIT;PMNT-CCRD-POSD;Denner;;;Einkauf Denner Dättwil Karte xxxx 4821;5411
MARCO_SARA-000470;CH5800761016013456789;2024-05-10;2024-05-10;34.80;CHF;DBIT;PMNT-CCRD-POSD;Coop;;;Einkauf Coop Dättwil Karte xxxx 4821;5411
MARCO_SARA-000471;CH5800761016013456789;2024-05-10;2024-05-10;200.00;CHF;CRDT;PMNT-RCDT-DMCT;Familienausgleichskasse Aargau;;;Gutschrift Kinderzulage;
MARCO_SARA-000472;CH5800761016013456789;2024-05-13;2024-05-13;1150.00;CHF;DBIT;PMNT-ICDT-DMCT;Kita Sonnenschein Baden;;;Zahlung Rechnung Kita Betreuung 05/2024;
MARCO_SARA-000473;CH5800761016013456789;2024-05-13;2024-05-13;74.65;CHF;DBIT;PMNT-CCRD-POSD;Shell;;;Einkauf Shell Baden Karte xxxx 4821;5541
MARCO_SARA-000474;CH5800761016013456789;2024-05-13;2024-05-13;51.40;CHF;DBIT;PMNT-ICDT-ESCT;;;;TWINT *Sende an Laura Frei;
MARCO_SARA-000475;CH5800761016013456789;2024-05-13;2024-05-13;46.80;CHF;DBIT;PMNT-CCRD-POSD;Migros;;;Einkauf Migros Wettingen Karte xxxx 4821;5411
MARCO_SARA-000476;CH5800761016013456789;2024-05-13;2024-05-13;20.90;CHF;DBIT;PMNT-CCRD-POSD;Netflix International B.V.;;;Einkauf NETFLIX.COM Karte xxxx 7310;4899
MARCO_SARA-000477;CH5800761016013456789;2024-05-13;2024-05-13;18.95;CHF;DBIT;PMNT-CCRD-POSD;Migros;;;Einkauf Migros Dättwil Karte xxxx 4821;5411
MARCO_SARA-000478;CH5800761016013456789;2024-05-14;2024-05-14;81.95;CHF;DBIT;PMNT-CCRD-POSD;Shell;;;Einkauf Shell Baden Karte xxxx 4821;5541
MARCO_SARA-000479;CH5800761016013456789;2024-05-14;2024-05-14;14.60;CHF;DBIT;PMNT-CCRD-POSD;Coop;;;Einkauf Coop Wettingen Karte xxxx 4821;5411
MARCO_SARA-000480;CH5800761016013456789;2024-05-16;2024-05-16;26.25;CHF;DBIT;PMNT-CCRD-POSD;SBB Mobile;;;Einkauf SBB Mobile Zürich Karte xxxx 4821;4111
MARCO_SARA-000481;CH5800761016013456789;2024-05-20;2024-05-20;120.00;CHF;DBIT;PMNT-CCRD-CWDL;;;;Bargeldbezug Bancomat Raiffeisen Baden Karte xxxx 4821;6011
MARCO_SARA-000482;CH5800761016013456789;2024-05-20;2024-05-20;95.50;CHF;DBIT;PMNT-CCRD-POSD;Amavita Apotheke;;;Einkauf Amavita Apotheke Baden Karte xxxx 4821;5912
MARCO_SARA-000483;CH5800761016013456789;2024-05-20;2024-05-20;31.50;CHF;DBIT;PMNT-CCRD-POSD;Coop;;;Einkauf Coop Baden Karte xxxx 4821;5411
MARCO_SARA-000484;CH5800761016013456789;2024-05-21;2024-05-21;98.15;CHF;DBIT;PMNT-CCRD-POSD;Migrol Tankstelle;;;Einkauf Migrol Tankstelle Baden Karte xxxx 4821;5541
MARCO_SARA-000485;CH5800761016013456789;2024-05-21;2024-05-21;67.60;CHF;DBIT;PMNT-CCRD-POSD;Migros;;;Einkauf Migros Wettingen Karte xxxx 4821;5411
MARCO_SARA-000486;CH5800761016013456789;2024-05-21;2024-05-21;36.85;CHF;DBIT;PMNT-CCRD-POSD;Lidl;;;Einkauf Lidl Wettingen Karte xxxx 4821;5411
MARCO_SARA-000487;CH5800761016013456789;2024-05-22;2024-05-22;27.15;CHF;DBIT;PMNT-IDDT-ESDD;Cornèrcard;;;Lastschrift Cornèrcard Monatsrechnung 04/2024;
MARCO_SARA-000488;CH5800761016013456789;2024-05-23;2024-05-23;100.35;CHF;DBIT;PMNT-CCRD-POSD;Migros;;;Einkauf Migros Dättwil Karte xxxx 4821;5411
MARCO_SARA-000489;CH5800761016013456789;2024-05-24;2024-05-24;119.15;CHF;DBIT;PMNT-CCRD-POSD;Aldi Suisse;;;Einkauf Aldi Suisse Wettingen Karte xxxx 4821;5411
MARCO_SARA-000490;CH5800761016013456789;2024-05-24;2024-05-24;93.10;CHF;DBIT;PMNT-CCRD-POSD;Kino Trafo;;;Einkauf Kino Trafo Zürich Karte xxxx 4821;
MARCO_SARA-000491;CH5800761016013456789;2024-05-24;2024-05-24;36.20;CHF;DBIT;PMNT-CCRD-POSD;Lidl;;;Einkauf Lidl Baden Karte xxxx 4821;5411
MARCO_SARA-000492;CH3200761016019988776;2024-05-27;2024-05-27;1500.00;CHF;CRDT;PMNT-RCDT-BOOK;;CH5800761016013456789;;Übertrag Sparkonto Haus;
MARCO_SARA-000493;CH5800761016013456789;2024-05-27;2024-05-27;1500.00;CHF;DBIT;PMNT-ICDT-BOOK;;CH3200761016019988776;;Übertrag Sparkonto Haus;
MARCO_SARA-000494;CH5800761016013456789;2024-05-27;2024-05-27;605.00;CHF;DBIT;PMNT-ICDT-STDO;VIAC Vorsorgestiftung 3a;;;Dauerauftrag Säule 3a Einzahlung;
MARCO_SARA-000495;CH5800761016013456789;2024-05-27;2024-05-27;148.80;CHF;DBIT;PMNT-CCRD-POSD;Aldi Suisse;;;Einkauf Aldi Suisse Wettingen Karte xxxx 4821;5411
MARCO_SARA-000496;CH5800761016013456789;2024-05-27;2024-05-27;90.20;CHF;DBIT;PMNT-CCRD-POSD;McDonald's;;;Einkauf McDonald's Baden Karte xxxx 4821;5812
MARCO_SARA-000497;CH5800761016013456789;2024-05-27;2024-05-27;65.05;CHF;DBIT;PMNT-CCRD-POSD;Restaurant Roter Turm;;;Einkauf Restaurant Roter Turm Baden Karte xxxx 4821;5812
MARCO_SARA-000498;CH5800761016013456789;2024-05-27;2024-05-27;23.05;CHF;DBIT;PMNT-CCRD-POSD;Zoo Zürich;;;Einkauf Zoo Zürich Zürich Karte xxxx 4821;
MARCO_SARA-000499;CH5800761016013456789;2024-05-27;2024-05-27;3234.98;CHF;CRDT;PMNT-RCDT-SALA;Kantonsspital Baden AG;CH9300762011623852222;;Lohnzahlung 05/2024 S. Keller;
MARCO_SARA-000500;CH5800761016013456789;2024-05-27;2024-05-27;7231.43;CHF;CRDT;PMNT-RCDT-SALA;ABB Schweiz AG;CH9300762011623852111;;Gutschrift Lohn Mai 2024;
MARCO_SARA-000501;CH5800761016013456789;2024-05-28;2024-05-28;1300.00;CHF;DBIT;PMNT-ICDT-STDO;Steueramt Baden;;;Dauerauftrag Steuern Rate;
MARCO_SARA-000502;CH5800761016013456789;2024-05-28;2024-05-28;59.35;CHF;DBIT;PMNT-CCRD-POSD;Pizzeria Da Mario;;;Einkauf Pizzeria Da Mario Baden Karte xxxx 4821;5812
MARCO_SARA-000503;CH5800761016013456789;2024-05-28;2024-05-28;5.00;CHF;DBIT;ACMT-MDOP-CHRG;;;;Preis für Kontoführung;
MARCO_SARA-000504;CH5800761016013456789;2024-06-03;2024-06-03;2450.00;CHF;DBIT;PMNT-ICDT-STDO;Wincasa AG;;;Dauerauftrag Miete 4.5 Zi Mellingerstrasse;
MARCO_SARA-000505;CH5800761016013456789;2024-06-03;2024-06-03;120.00;CHF;DBIT;PMNT-ICDT-STDO;Wincasa AG;;;Dauerauftrag Parkplatz Tiefgarage;
MARCO_SARA-000506;CH5800761016013456789;2024-06-03;2024-06-03;110.80;CHF;DBIT;PMNT-CCRD-POSD;Migrol Tankstelle;;;Einkauf Migrol Tankstelle Baden Karte xxxx 4821;5541
MARCO_SARA-000507;CH5800761016013456789;2024-06-03;2024-06-03;79.95;CHF;DBIT;PMNT-CCRD-POSD;Migrol Tankstelle;;;Einkauf Migrol Tankstelle Baden Karte xxxx 4821;5541
MARCO_SARA-000508;CH5800761016013456789;2024-06-03;2024-06-03;78.55;CHF;DBIT;PMNT-CCRD-POSD;Aldi Suisse;;;Einkauf Aldi Suisse Wettingen Karte xxxx 4821;5411
MARCO_SARA-000509;CH5800761016013456789;2024-06-03;2024-06-03;46.70;CHF;DBIT;PMNT-CCRD-POSD;Denner;;;Einkauf Denner Dättwil Karte xxxx 4821;5411
MARCO_SARA-000510;CH5800761016013456789;2024-06-03;2024-06-03;19.35;CHF;DBIT;PMNT-CCRD-POSD;Kinderarztpraxis Baden;;;Einkauf Kinderarztpraxis Baden Baden Karte xxxx 4821;5912
MARCO_SARA-000511;CH5800761016013456789;2024-06-04;2024-06-04;90.90;CHF;DBIT;PMNT-CCRD-POSD;Migrol Tankstelle;;;Einkauf Migrol Tankstelle Baden Karte xxxx 4821;5541
MARCO_SARA-000512;CH5800761016013456789;2024-06-05;2024-06-05;855.00;CHF;DBIT;PMNT-IDDT-ESDD;CSS Versicherung AG;;;LSV Prämie Grundversicherung Familie;
MARCO_SARA-000513;CH5800761016013456789;2024-06-05;2024-06-05;41.55;CHF;DBIT;PMNT-CCRD-POSD;IKEA;;;Einkauf IKEA Baden Karte xxxx 4821;5651
MARCO_SARA-000514;CH5800761016013456789;2024-06-06;2024-06-06;57.85;CHF;DBIT;PMNT-CCRD-POSD;Aldi Suisse;;;Einkauf Aldi Suisse Dättwil Karte xxxx 4821;5411
MARCO_SARA-000515;CH5800761016013456789;2024-06-06;2024-06-06;57.40;CHF;DBIT;PMNT-CCRD-POSD;Migrol Tankstelle;;;Einkauf Migrol Tankstelle Baden Karte xxxx 4821;5541
MARCO_SARA-000516;CH5800761016013456789;2024-06-07;2024-06-07;85.10;CHF;DBIT;PMNT-CCRD-POSD;Lidl;;;Einkauf Lidl Baden Karte xxxx 4821;5411
MARCO_SARA-000517;CH5800761016013456789;2024-06-07;2024-06-07;45.45;CHF;DBIT;PMNT-CCRD-POSD;Kinderarztpraxis Baden;;;Einkauf Kinderarztpraxis Baden Baden Karte xxxx 4821;5912
MARCO_SARA-000518;CH5800761016013456789;2024-06-07;2024-06-07;43.50;CHF;DBIT;PMNT-CCRD-POSD;Denner;;;Einkauf Denner Baden Karte xxxx 4821;5411
MARCO_SARA-000519;CH5800761016013456789;2024-06-10;2024-06-10;129.00;CHF;DBIT;PMNT-IDDT-ESDD;Swisscom (Schweiz) AG;;;LSV Swisscom blue Abo;
MARCO_SARA-000520;CH5800761016013456789;2024-06-10;2024-06-10;119.40;CHF;DBIT;PMNT-CCRD-POSD;Lidl;;;Einkauf Lidl Baden Karte xxxx 4821;5411
MARCO_SARA-000521;CH5800761016013456789;2024-06-10;2024-06-10;78.85;CHF;DBIT;PMNT-CCRD-POSD;Migrol Tankstelle;;;Einkauf Migrol Tankstelle Baden Karte xxxx 4821;5541
MARCO_SARA-000522;CH5800761016013456789;2024-06-10;2024-06-10;65.40;CHF;DBIT;PMNT-CCRD-POSD;Migrol Tankstelle;;;Einkauf Migrol Tankstelle Baden Karte xxxx 4821;5541
MARCO_SARA-000523;CH5800761016013456789;2024-06-10;2024-06-10;63.05;CHF;DBIT;PMNT-CCRD-POSD;Aldi Suisse;;;Einkauf Aldi Suisse Dättwil Karte xxxx 4821;5411
MARCO_SARA-000524;CH5800761016013456789;2024-06-10;2024-06-10;32.15;CHF;DBIT;PMNT-ICDT-ESCT;;;;TWINT *Sende an Nonna Keller;
MARCO_SARA-000525;CH5800761016013456789;2024-06-10;2024-06-10;14.95;CHF;DBIT;PMNT-CCRD-POSD;Coop;;;Einkauf Coop Wettingen Karte xxxx 4821;5411
MARCO_SARA-000526;CH5800761016013456789;2024-06-10;2024-06-10;200.00;CHF;CRDT;PMNT-RCDT-DMCT;Familienausgleichskasse Aargau;;;Gutschrift Kinderzulage;
MARCO_SARA-000527;CH5800761016013456789;2024-06-11;2024-06-11;74.70;CHF;DBIT;PMNT-CCRD-POSD;Pizzeria Da Mario;;;Einkauf Pizzeria Da Mario Baden Karte xxxx 4821;5812
MARCO_SARA-000528;CH5800761016013456789;2024-06-12;2024-06-12;1150.00;CHF;DBIT;PMNT-ICDT-DMCT;Kita Sonnenschein Baden;;;Zahlung Rechnung Kita Betreuung 06/2024;
MARCO_SARA-000529;CH5800761016013456789;2024-06-12;2024-06-12;82.65;CHF;DBIT;PMNT-CCRD-POSD;Migros;;;Einkauf Migros Dättwil Karte xxxx 4821;5411
MARCO_SARA-000530;CH5800761016013456789;2024-06-12;2024-06-12;20.90;CHF;DBIT;PMNT-CCRD-POSD;Netflix International B.V.;;;Einkauf NETFLIX.COM Karte xxxx 7310;4899
MARCO_SARA-000531;CH5800761016013456789;2024-06-14;2024-06-14;140.00;CHF;DBIT;PMNT-CCRD-CWDL;;;;Bargeldbezug Postomat Wettingen Karte xxxx 4821;6011
MARCO_SARA-000532;CH5800761016013456789;2024-06-14;2024-06-14;46.20;CHF;DBIT;PMNT-CCRD-POSD;Shell;;;Einkauf Shell Baden Karte xxxx 4821;5541
MARCO_SARA-000533;CH5800761016013456789;2024-06-14;2024-06-14;43.30;CHF;DBIT;PMNT-CCRD-POSD;Aldi Suisse;;;Einkauf Aldi Suisse Dättwil Karte xxxx 4821;5411
MARCO_SARA-000534;CH5800761016013456789;2024-06-17;2024-06-17;130.80;CHF;DBIT;PMNT-CCRD-POSD;Aldi Suisse;;;Einkauf Aldi Suisse Wettingen Karte xxxx 4821;5411
MARCO_SARA-000535;CH5800761016013456789;2024-06-17;2024-06-17;89.45;CHF;DBIT;PMNT-CCRD-POSD;Migros;;;Einkauf Migros Baden Karte xxxx 4821;5411
MARCO_SARA-000536;CH5800761016013456789;2024-06-17;2024-06-17;63.35;CHF;DBIT;PMNT-CCRD-POSD;Coop;;;Einkauf Coop Dättwil Karte xxxx 4821;5411
MARCO_SARA-000537;CH5800761016013456789;2024-06-17;2024-06-17;60.75;CHF;DBIT;PMNT-CCRD-POSD;Migros;;;Einkauf Migros Baden Karte xxxx 4821;5411
MARCO_SARA-000538;CH5800761016013456789;2024-06-17;2024-06-17;41.70;CHF;DBIT;PMNT-CCRD-POSD;Babywalz;;;Einkauf Babywalz Baden Karte xxxx 4821;5651
MARCO_SARA-000539;CH5800761016013456789;2024-06-17;2024-06-17;34.80;CHF;DBIT;PMNT-CCRD-POSD;Pizzeria Da Mario;;;Einkauf Pizzeria Da Mario Baden Karte xxxx 4821;5812
MARCO_SARA-000540;CH5800761016013456789;2024-06-18;2024-06-18;136.15;CHF;DBIT;PMNT-CCRD-POSD;Lidl;;;Einkauf Lidl Baden Karte xxxx 4821;5411
MARCO_SARA-000541;CH5800761016013456789;2024-06-18;2024-06-18;92.15;CHF;DBIT;PMNT-CCRD-POSD;Coop Pronto Tankstelle;;;Einkauf Coop Pronto Tankstelle Baden Karte xxxx 4821;5541
MARCO_SARA-000542;CH5800761016013456789;2024-06-20;2024-06-20;29.25;CHF;DBIT;PMNT-CCRD-POSD;Badi Baden;;;Einkauf Badi Baden Zürich Karte xxxx 4821;
MARCO_SARA-000543;CH5800761016013456789;2024-06-21;2024-06-21;57.55;CHF;DBIT;PMNT-CCRD-POSD;Restaurant Roter Turm;;;Einkauf Restaurant Roter Turm Baden Karte xxxx 4821;5812
MARCO_SARA-000544;CH5800761016013456789;2024-06-24;2024-06-24;79.70;CHF;DBIT;PMNT-IDDT-ESDD;Cornèrcard;;;Lastschrift Cornèrcard Monatsrechnung 05/2024;
MARCO_SARA-000545;CH5800761016013456789;2024-06-24;2024-06-24;73.55;CHF;DBIT;PMNT-CCRD-POSD;Avia Tankstelle;;;Einkauf Avia Tankstelle Baden Karte xxxx 4821;5541
MARCO_SARA-000546;CH5800761016013456789;2024-06-24;2024-06-24;70.25;CHF;DBIT;PMNT-CCRD-POSD;Coop;;;Einkauf Coop Dättwil Karte xxxx 4821;5411
MARCO_SARA-000547;CH5800761016013456789;2024-06-24;2024-06-24;49.00;CHF;DBIT;PMNT-CCRD-POSD;Avia Tankstelle;;;Einkauf Avia Tankstelle Baden Karte xxxx 4821;5541
MARCO_SARA-000548;CH5800761016013456789;2024-06-24;2024-06-24;33.35;CHF;DBIT;PMNT-CCRD-POSD;Aldi Suisse;;;Einkauf Aldi Suisse Dättwil Karte xxxx 4821;5411
MARCO_SARA-000549;CH5800761016013456789;2024-06-24;2024-06-24;30.10;CHF;DBIT;PMNT-CCRD-POSD;Aldi Suisse;;;Einkauf Aldi Suisse Dättwil Karte xxxx 4821;5411
MARCO_SARA-000550;CH5800761016013456789;2024-06-25;2024-06-25;109.75;CHF;DBIT;PMNT-CCRD-POSD;Denner;;;Einkauf Denner Baden Karte xxxx 4821;5411
MARCO_SARA-000551;CH5800761016013456789;2024-06-25;2024-06-25;73.15;CHF;DBIT;PMNT-CCRD-POSD;Coop;;;Einkauf Coop Dättwil Karte xxxx 4821;5411
MARCO_SARA-000552;CH5800761016013456789;2024-06-25;2024-06-25;40.20;CHF;DBIT;PMNT-CCRD-POSD;Coop;;;Einkauf Coop Baden Karte xxxx 4821;5411
MARCO_SARA-000553;CH5800761016013456789;2024-06-25;2024-06-25;15.55;CHF;DBIT;PMNT-CCRD-POSD;SBB Mobile;;;Einkauf SBB Mobile Zürich Karte xxxx 4821;4111
MARCO_SARA-000554;CH5800761016013456789;2024-06-25;2024-06-25;7231.43;CHF;CRDT;PMNT-RCDT-SALA;ABB Schweiz AG;CH9300762011623852111;;Gutschrift Lohn Juni 2024;
MARCO_SARA-000555;CH3200761016019988776;2024-06-26;2024-06-26;1500.00;CHF;CRDT;PMNT-RCDT-BOOK;;CH5800761016013456789;;Übertrag Sparkonto Haus;
MARCO_SARA-000556;CH5800761016013456789;2024-06-26;2024-06-26;1500.00;CHF;DBIT;PMNT-ICDT-BOOK;;CH3200761016019988776;;Übertrag Sparkonto Haus;
MARCO_SARA-000557;CH5800761016013456789;2024-06-26;2024-06-26;42.95;CHF;DBIT;PMNT-CCRD-POSD;Lidl;;;Einkauf Lidl Baden Karte xxxx 4821;5411
MARCO_SARA-000558;CH5800761016013456789;2024-06-26;2024-06-26;31.85;CHF;DBIT;PMNT-ICDT-ESCT;;;;TWINT *Sende an Tim Meier;
MARCO_SARA-000559;CH5800761016013456789;2024-06-26;2024-06-26;3234.98;CHF;CRDT;PMNT-RCDT-SALA;Kantonsspital Baden AG;CH9300762011623852222;;Lohnzahlung 06/2024 S. Keller;
MARCO_SARA-000560;CH5800761016013456789;2024-06-27;2024-06-27;605.00;CHF;DBIT;PMNT-ICDT-STDO;VIAC Vorsorgestiftung 3a;;;Dauerauftrag Säule 3a Einzahlung;
MARCO_SARA-000561;CH5800761016013456789;2024-06-27;2024-06-27;57.15;CHF;DBIT;PMNT-CCRD-POSD;Aldi Suisse;;;Einkauf Aldi Suisse Baden Karte xxxx 4821;5411
MARCO_SARA-000562;CH5800761016013456789;2024-06-27;2024-06-27;54.20;CHF;DBIT;PMNT-ICDT-ESCT;;;;TWINT *Sende an Nonna Keller;
MARCO_SARA-000563;CH5800761016013456789;2024-06-28;2024-06-28;1300.00;CHF;DBIT;PMNT-ICDT-STDO;Steueramt Baden;;;Dauerauftrag Steuern Rate;
MARCO_SARA-000564;CH5800761016013456789;2024-06-28;2024-06-28;5.00;CHF;DBIT;ACMT-MDOP-CHRG;;;;Preis für Kontoführung;
MARCO_SARA-000565;CH5800761016013456789;2024-07-01;2024-07-01;2450.00;CHF;DBIT;PMNT-ICDT-STDO;Wincasa AG;;;Dauerauftrag Miete 4.5 Zi Mellingerstrasse;
MARCO_SARA-000566;CH5800761016013456789;2024-07-01;2024-07-01;120.00;CHF;DBIT;PMNT-ICDT-STDO;Wincasa AG;;;Dauerauftrag Parkplatz Tiefgarage;
MARCO_SARA-000567;CH5800761016013456789;2024-07-01;2024-07-01;17.25;CHF;CRDT;PMNT-RCDT-ESCT;;;;TWINT *Empfangen von Nonna Keller;
MARCO_SARA-000568;CH5800761016013456789;2024-07-02;2024-07-02;107.00;CHF;DBIT;PMNT-CCRD-POSD;Aldi Suisse;;;Einkauf Aldi Suisse Wettingen Karte xxxx 4821;5411
MARCO_SARA-000569;CH5800761016013456789;2024-07-02;2024-07-02;50.40;CHF;DBIT;PMNT-ICDT-ESCT;;;;TWINT *Sende an Laura Frei;
MARCO_SARA-000570;CH5800761016013456789;2024-07-03;2024-07-03;29.80;CHF;CRDT;PMNT-RCDT-ESCT;;;;TWINT *Empfangen von Tim Meier;
MARCO_SARA-000571;CH5800761016013456789;2024-07-04;2024-07-04;101.25;CHF;DBIT;PMNT-CCRD-POSD;Migros;;;Einkauf Migros Baden Karte xxxx 4821;5411
MARCO_SARA-000572;CH5800761016013456789;2024-07-04;2024-07-04;36.80;CHF;DBIT;PMNT-CCRD-POSD;Restaurant Roter Turm;;;Einkauf Restaurant Roter Turm Baden Karte xxxx 4821;5812
MARCO_SARA-000573;CH5800761016013456789;2024-07-05;2024-07-05;855.00;CHF;DBIT;PMNT-IDDT-ESDD;CSS Versicherung AG;;;LSV Prämie Grundversicherung Familie;
MARCO_SARA-000574;CH5800761016013456789;2024-07-05;2024-07-05;48.35;CHF;DBIT;PMNT-CCRD-POSD;Lidl;;;Einkauf Lidl Dättwil Karte xxxx 4821;5411
MARCO_SARA-000575;CH5800761016013456789;2024-07-08;2024-07-08;209.10;CHF;DBIT;PMNT-CCRD-POSD;Migros;;;Einkauf Migros Baden Karte xxxx 4821;5411
MARCO_SARA-000576;CH5800761016013456789;2024-07-08;2024-07-08;129.00;CHF;DBIT;PMNT-IDDT-ESDD;Swisscom (Schweiz) AG;;;LSV Swisscom blue Abo;
MARCO_SARA-000577;CH5800761016013456789;2024-07-08;2024-07-08;113.50;CHF;DBIT;PMNT-CCRD-POSD;Aldi Suisse;;;Einkauf Aldi Suisse Dättwil Karte xxxx 4821;5411
MARCO_SARA-000578;CH5800761016013456789;2024-07-08;2024-07-08;50.30;CHF;DBIT;PMNT-CCRD-POSD;Coop;;;Einkauf Coop Wettingen Karte xxxx 4821;5411
MARCO_SARA-000579;CH5800761016013456789;2024-07-09;2024-07-09;100.00;CHF;DBIT;PMNT-CCRD-CWDL;;;;Bargeldbezug Postomat Wettingen Karte xxxx 4821;6011
MARCO_SARA-000580;CH5800761016013456789;2024-07-10;2024-07-10;124.45;CHF;DBIT;PMNT-CCRD-POSD;McDonald's;;;Einkauf McDonald's Baden Karte xxxx 4821;5812
MARCO_SARA-000581;CH5800761016013456789;2024-07-10;2024-07-10;28.90;CHF;DBIT;PMNT-CCRD-POSD;Aldi Suisse;;;Einkauf Aldi Suisse Dättwil Karte xxxx 4821;5411
MARCO_SARA-000582;CH5800761016013456789;2024-07-10;2024-07-10;200.00;CHF;CRDT;PMNT-RCDT-DMCT;Familienausgleichskasse Aargau;;;Gutschrift Kinderzulage;
MARCO_SARA-000583;CH5800761016013456789;2024-07-11;2024-07-11;94.35;CHF;DBIT;PMNT-CCRD-POSD;Aldi Suisse;;;Einkauf Aldi Suisse Baden Karte xxxx 4821;5411
MARCO_SARA-000584;CH5800761016013456789;2024-07-12;2024-07-12;1150.00;CHF;DBIT;PMNT-ICDT-DMCT;Kita Sonnenschein Baden;;;Zahlung Rechnung Kita Betreuung 07/2024;
MARCO_SARA-000585;CH5800761016013456789;2024-07-12;2024-07-12;140.50;CHF;DBIT;PMNT-CCRD-POSD;Decathlon;;;Einkauf Decathlon Spreitenbach Karte xxxx 4821;5651
MARCO_SARA-000586;CH5800761016013456789;2024-07-12;2024-07-12;20.90;CHF;DBIT;PMNT-CCRD-POSD;Netflix International B.V.;;;Einkauf NETFLIX.COM Karte xxxx 7310;4899
MARCO_SARA-000587;CH5800761016013456789;2024-07-15;2024-07-15;96.30;CHF;DBIT;PMNT-CCRD-POSD;Migrol Tankstelle;;;Einkauf Migrol Tankstelle Baden Karte xxxx 4821;5541
MARCO_SARA-000588;CH5800761016013456789;2024-07-15;2024-07-15;78.80;CHF;DBIT;PMNT-CCRD-POSD;Denner;;;Einkauf Denner Baden Karte xxxx 4821;5411
MARCO_SARA-000589;CH5800761016013456789;2024-07-16;2024-07-16;60.35;CHF;DBIT;PMNT-CCRD-POSD;Shell;;;Einkauf Shell Baden Karte xxxx 4821;5541
MARCO_SARA-000590;CH5800761016013456789;2024-07-16;2024-07-16;22.95;CHF;DBIT;PMNT-ICDT-ESCT;;;;TWINT *Sende an Laura Frei;
MARCO_SARA-000591;CH5800761016013456789;2024-07-17;2024-07-17;122.15;CHF;DBIT;PMNT-ICDT-DMCT;Zahnarztpraxis Dr. Huber;;Honorarrechnung;Zahlung Rechnung Zahnarztpraxis Dr. Huber;
MARCO_SARA-000592;CH5800761016013456789;2024-07-17;2024-07-17;50.60;CHF;DBIT;PMNT-CCRD-POSD;Aldi Suisse;;;Einkauf Aldi Suisse Wettingen Karte xxxx 4821;5411
MARCO_SARA-000593;CH5800761016013456789;2024-07-17;2024-07-17;24.40;CHF;DBIT;PMNT-ICDT-ESCT;;;;TWINT *Sende an Laura Frei;
MARCO_SARA-000594;CH5800761016013456789;2024-07-18;2024-07-18;75.35;CHF;DBIT;PMNT-CCRD-POSD;IKEA;;;Einkauf IKEA Baden Karte xxxx 4821;5651
MARCO_SARA-000595;CH5800761016013456789;2024-07-19;2024-07-19;160.90;CHF;DBIT;PMNT-CCRD-POSD;Migros;;;Einkauf Migros Dättwil Karte xxxx 4821;5411
MARCO_SARA-000596;CH5800761016013456789;2024-07-19;2024-07-19;54.55;CHF;DBIT;PMNT-CCRD-POSD;Denner;;;Einkauf Denner Dättwil Karte xxxx 4821;5411
MARCO_SARA-000597;CH5800761016013456789;2024-07-19;2024-07-19;32.85;CHF;CRDT;PMNT-RCDT-ESCT;;;;TWINT *Empfangen von Nonna Keller;
MARCO_SARA-000598;CH5800761016013456789;2024-07-22;2024-07-22;200.20;CHF;DBIT;PMNT-IDDT-ESDD;Regionalwerke AG Baden;;;LSV Stromrechnung;
MARCO_SARA-000599;CH5800761016013456789;2024-07-22;2024-07-22;194.65;CHF;DBIT;PMNT-CCRD-POSD;Aldi Suisse;;;Einkauf Aldi Suisse Dättwil Karte xxxx 4821;5411
MARCO_SARA-000600;CH5800761016013456789;2024-07-22;2024-07-22;63.75;CHF;DBIT;PMNT-CCRD-POSD;Manor;;;Einkauf Manor Baden Karte xxxx 4821;5651
MARCO_SARA-000601;CH5800761016013456789;2024-07-22;2024-07-22;46.85;CHF;DBIT;PMNT-IDDT-ESDD;Cornèrcard;;;Lastschrift Cornèrcard Monatsrechnung 06/2024;
MARCO_SARA-000602;CH5800761016013456789;2024-07-22;2024-07-22;37.20;CHF;DBIT;PMNT-CCRD-POSD;Kino Trafo;;;Einkauf Kino Trafo Zürich Karte xxxx 4821;
MARCO_SARA-000603;CH5800761016013456789;2024-07-23;2024-07-23;56.65;CHF;DBIT;PMNT-CCRD-POSD;Migros;;;Einkauf Migros Wettingen Karte xxxx 4821;5411
MARCO_SARA-000604;CH5800761016013456789;2024-07-23;2024-07-23;120.55;CHF;CRDT;PMNT-RCDT-ESCT;;;;TWINT *Empfangen von Tim Meier;
MARCO_SARA-000605;CH5800761016013456789;2024-07-24;2024-07-24;117.65;CHF;DBIT;PMNT-CCRD-POSD;Migros;;;Einkauf Migros Baden Karte xxxx 4821;5411
MARCO_SARA-000606;CH5800761016013456789;2024-07-24;2024-07-24;83.30;CHF;DBIT;PMNT-CCRD-POSD;Migrol Tankstelle;;;Einkauf Migrol Tankstelle Baden Karte xxxx 4821;5541
MARCO_SARA-000607;CH5800761016013456789;2024-07-24;2024-07-24;48.40;CHF;DBIT;PMNT-CCRD-POSD;Lidl;;;Einkauf Lidl Dättwil Karte xxxx 4821;5411
MARCO_SARA-000608;CH5800761016013456789;2024-07-24;2024-07-24;38.55;CHF;DBIT;PMNT-CCRD-POSD;Coop;;;Einkauf Coop Wettingen Karte xxxx 4821;5411
MARCO_SARA-000609;CH5800761016013456789;2024-07-25;2024-07-25;7231.43;CHF;CRDT;PMNT-RCDT-SALA;ABB Schweiz AG;CH9300762011623852111;;Gutschrift Lohn Juli 2024;
MARCO_SARA-000610;CH3200761016019988776;2024-07-26;2024-07-26;1500.00;CHF;CRDT;PMNT-RCDT-BOOK;;CH5800761016013456789;;Übertrag Sparkonto Haus;
MARCO_SARA-000611;CH5800761016013456789;2024-07-26;2024-07-26;1500.00;CHF;DBIT;PMNT-ICDT-BOOK;;CH3200761016019988776;;Übertrag Sparkonto Haus;
MARCO_SARA-000612;CH5800761016013456789;2024-07-26;2024-07-26;3234.98;CHF;CRDT;PMNT-RCDT-SALA;Kantonsspital Baden AG;CH9300762011623852222;;Lohnzahlung 07/2024 S. Keller;
MARCO_SARA-000613;CH5800761016013456789;2024-07-29;2024-07-29;1300.00;CHF;DBIT;PMNT-ICDT-STDO;Steueramt Baden;;;Dauerauftrag Steuern Rate;
MARCO_SARA-000614;CH5800761016013456789;2024-07-29;2024-07-29;605.00;CHF;DBIT;PMNT-ICDT-STDO;VIAC Vorsorgestiftung 3a;;;Dauerauftrag Säule 3a Einzahlung;
MARCO_SARA-000615;CH5800761016013456789;2024-07-29;2024-07-29;112.15;CHF;DBIT;PMNT-CCRD-POSD;Coop;;;Einkauf Coop Wettingen Karte xxxx 4821;5411
MARCO_SARA-000616;CH5800761016013456789;2024-07-29;2024-07-29;63.20;CHF;DBIT;PMNT-CCRD-POSD;Migrol Tankstelle;;;Einkauf Migrol Tankstelle Baden Karte xxxx 4821;5541
MARCO_SARA-000617;CH5800761016013456789;2024-07-29;2024-07-29;5.00;CHF;DBIT;ACMT-MDOP-CHRG;;;;Preis für Kontoführung;
MARCO_SARA-000618;CH5800761016013456789;2024-08-01;2024-08-01;2450.00;CHF;DBIT;PMNT-ICDT-STDO;Wincasa AG;;;Dauerauftrag Miete 4.5 Zi Mellingerstrasse;
MARCO_SARA-000619;CH5800761016013456789;2024-08-01;2024-08-01;310.85;CHF;DBIT;PMNT-CCRD-POSD;Babywalz;;;Einkauf Babywalz Baden Karte xxxx 4821;5651
MARCO_SARA-000620;CH5800761016013456789;2024-08-01;2024-08-01;120.00;CHF;DBIT;PMNT-ICDT-STDO;Wincasa AG;;;Dauerauftrag Parkplatz Tiefgarage;
MARCO_SARA-000621;CH5800761016013456789;2024-08-02;2024-08-02;31.10;CHF;DBIT;PMNT-CCRD-POSD;McDonald's;;;Einkauf McDonald's Baden Karte xxxx 4821;5812
MARCO_SARA-000622;CH5800761016013456789;2024-08-05;2024-08-05;855.00;CHF;DBIT;PMNT-IDDT-ESDD;CSS Versicherung AG;;;LSV Prämie Grundversicherung Familie;
MARCO_SARA-000623;CH5800761016013456789;2024-08-05;2024-08-05;91.20;CHF;DBIT;PMNT-CCRD-POSD;Migrol Tankstelle;;;Einkauf Migrol Tankstelle Baden Karte xxxx 4821;5541
MARCO_SARA-000624;CH5800761016013456789;2024-08-05;2024-08-05;63.50;CHF;DBIT;PMNT-CCRD-POSD;Manor;;;Einkauf Manor Spreitenbach Karte xxxx 4821;5651
MARCO_SARA-000625;CH5800761016013456789;2024-08-05;2024-08-05;52.75;CHF;DBIT;PMNT-CCRD-POSD;H&M;;;Einkauf H&M Baden Karte xxxx 4821;5651
MARCO_SARA-000626;CH5800761016013456789;2024-08-06;2024-08-06;95.00;CHF;DBIT;PMNT-CCRD-POSD;Migros;;;Einkauf Migros Dättwil Karte xxxx 4821;5411
MARCO_SARA-000627;CH5800761016013456789;2024-08-06;2024-08-06;53.70;CHF;DBIT;PMNT-CCRD-POSD;Denner;;;Einkauf Denner Baden Karte xxxx 4821;5411
MARCO_SARA-000628;CH5800761016013456789;2024-08-06;2024-08-06;21.60;CHF;DBIT;PMNT-CCRD-POSD;SBB Mobile;;;Einkauf SBB Mobile Zürich Karte xxxx 4821;4111
MARCO_SARA-000629;CH5800761016013456789;2024-08-08;2024-08-08;129.00;CHF;DBIT;PMNT-IDDT-ESDD;Swisscom (Schweiz) AG;;;LSV Swisscom blue Abo;
MARCO_SARA-000630;CH5800761016013456789;2024-08-08;2024-08-08;25.70;CHF;DBIT;PMNT-CCRD-POSD;Kinderarztpraxis Baden;;;Einkauf Kinderarztpraxis Baden Baden Karte xxxx 4821;5912
MARCO_SARA-000631;CH5800761016013456789;2024-08-09;2024-08-09;82.85;CHF;DBIT;PMNT-CCRD-POSD;Migrol Tankstelle;;;Einkauf Migrol Tankstelle Baden Karte xxxx 4821;5541
MARCO_SARA-000632;CH5800761016013456789;2024-08-12;2024-08-12;1150.00;CHF;DBIT;PMNT-ICDT-DMCT;Kita Sonnenschein Baden;;;Zahlung Rechnung Kita Betreuung 08/2024;
MARCO_SARA-000633;CH5800761016013456789;2024-08-12;2024-08-12;88.50;CHF;DBIT;PMNT-CCRD-POSD;Migros;;;Einkauf Migros Baden Karte xxxx 4821;5411
MARCO_SARA-000634;CH5800761016013456789;2024-08-12;2024-08-12;50.50;CHF;DBIT;PMNT-CCRD-POSD;Denner;;;Einkauf Denner Baden Karte xxxx 4821;5411
MARCO_SARA-000635;CH5800761016013456789;2024-08-12;2024-08-12;34.40;CHF;DBIT;PMNT-CCRD-POSD;Aldi Suisse;;;Einkauf Aldi Suisse Baden Karte xxxx 4821;5411
MARCO_SARA-000636;CH5800761016013456789;2024-08-12;2024-08-12;29.80;CHF;DBIT;PMNT-CCRD-POSD;SBB Mobile;;;Einkauf SBB Mobile Zürich Karte xxxx 4821;4111
MARCO_SARA-000637;CH5800761016013456789;2024-08-12;2024-08-12;20.90;CHF;DBIT;PMNT-CCRD-POSD;Netflix International B.V.;;;Einkauf NETFLIX.COM Karte xxxx 7310;4899
MARCO_SARA-000638;CH5800761016013456789;2024-08-12;2024-08-12;200.00;CHF;CRDT;PMNT-RCDT-DMCT;Familienausgleichskasse Aargau;;;Gutschrift Kinderzulage;
MARCO_SARA-000639;CH5800761016013456789;2024-08-13;2024-08-13;89.00;CHF;DBIT;PMNT-CCRD-POSD;Decathlon;;;Einkauf Decathlon Spreitenbach Karte xxxx 4821;5651
MARCO_SARA-000640;CH5800761016013456789;2024-08-14;2024-08-14;78.60;CHF;DBIT;PMNT-CCRD-POSD;Avia Tankstelle;;;Einkauf Avia Tankstelle Baden Karte xxxx 4821;5541
MARCO_SARA-000641;CH5800761016013456789;2024-08-14;2024-08-14;53.15;CHF;DBIT;PMNT-CCRD-POSD;Lidl;;;Einkauf Lidl Baden Karte xxxx 4821;5411
MARCO_SARA-000642;CH5800761016013456789;2024-08-15;2024-08-15;56.40;CHF;DBIT;PMNT-ICDT-ESCT;;;;TWINT *Sende an Laura Frei;
MARCO_SARA-000643;CH5800761016013456789;2024-08-15;2024-08-15;18.35;CHF;DBIT;PMNT-CCRD-POSD;Aldi Suisse;;;Einkauf Aldi Suisse Wettingen Karte xxxx 4821;5411
MARCO_SARA-000644;CH5800761016013456789;2024-08-19;2024-08-19;180.00;CHF;DBIT;PMNT-CCRD-CWDL;;;;Bargeldbezug Bancomat Raiffeisen Baden Karte xxxx 4821;6011
MARCO_SARA-000645;CH5800761016013456789;2024-08-19;2024-08-19;58.00;CHF;DBIT;PMNT-CCRD-POSD;Aldi Suisse;;;Einkauf Aldi Suisse Baden Karte xxxx 4821;5411
MARCO_SARA-000646;CH5800761016013456789;2024-08-19;2024-08-19;55.90;CHF;DBIT;PMNT-CCRD-POSD;Denner;;;Einkauf Denner Wettingen Karte xxxx 4821;5411
MARCO_SARA-000647;CH5800761016013456789;2024-08-19;2024-08-19;52.75;CHF;DBIT;PMNT-CCRD-POSD;IKEA;;;Einkauf IKEA Baden Karte xxxx 4821;5651
MARCO_SARA-000648;CH5800761016013456789;2024-08-19;2024-08-19;29.50;CHF;DBIT;PMNT-ICDT-ESCT;;;;TWINT *Sende an Nonna Keller;
MARCO_SARA-000649;CH5800761016013456789;2024-08-20;2024-08-20;83.90;CHF;DBIT;PMNT-CCRD-POSD;Lidl;;;Einkauf Lidl Dättwil Karte xxxx 4821;5411
MARCO_SARA-000650;CH5800761016013456789;2024-08-20;2024-08-20;56.90;CHF;DBIT;PMNT-CCRD-POSD;Lidl;;;Einkauf Lidl Wettingen Karte xxxx 4821;5411
MARCO_SARA-000651;CH5800761016013456789;2024-08-21;2024-08-21;10.65;CHF;DBIT;PMNT-CCRD-POSD;SBB Mobile;;;Einkauf SBB Mobile Zürich Karte xxxx 4821;4111
MARCO_SARA-000652;CH5800761016013456789;2024-08-22;2024-08-22;2210.60;CHF;DBIT;PMNT-IDDT-ESDD;Cornèrcard;;;Lastschrift Cornèrcard Monatsrechnung 07/2024;
MARCO_SARA-000653;CH5800761016013456789;2024-08-22;2024-08-22;94.25;CHF;DBIT;PMNT-CCRD-POSD;Coop Pronto Tankstelle;;;Einkauf Coop Pronto Tankstelle Baden Karte xxxx 4821;5541
MARCO_SARA-000654;CH5800761016013456789;2024-08-23;2024-08-23;64.35;CHF;DBIT;PMNT-CCRD-POSD;Coop Pronto Tankstelle;;;Einkauf Coop Pronto Tankstelle Baden Karte xxxx 4821;5541
MARCO_SARA-000655;CH5800761016013456789;2024-08-23;2024-08-23;34.00;CHF;DBIT;PMNT-CCRD-POSD;Denner;;;Einkauf Denner Baden Karte xxxx 4821;5411
MARCO_SARA-000656;CH3200761016019988776;2024-08-26;2024-08-26;1500.00;CHF;CRDT;PMNT-RCDT-BOOK;;CH5800761016013456789;;Übertrag Sparkonto Haus;
MARCO_SARA-000657;CH5800761016013456789;2024-08-26;2024-08-26;1500.00;CHF;DBIT;PMNT-ICDT-BOOK;;CH3200761016019988776;;Übertrag Sparkonto Haus;
MARCO_SARA-000658;CH5800761016013456789;2024-08-26;2024-08-26;81.95;CHF;DBIT;PMNT-CCRD-POSD;Lidl;;;Einkauf Lidl Wettingen Karte xxxx 4821;5411
MARCO_SARA-000659;CH5800761016013456789;2024-08-26;2024-08-26;73.30;CHF;DBIT;PMNT-CCRD-POSD;Migrol Tankstelle;;;Einkauf Migrol Tankstelle Baden Karte xxxx 4821;5541
MARCO_SARA-000660;CH5800761016013456789;2024-08-26;2024-08-26;56.35;CHF;DBIT;PMNT-CCRD-POSD;Shell;;;Einkauf Shell Baden Karte xxxx 4821;5541
MARCO_SARA-000661;CH5800761016013456789;2024-08-26;2024-08-26;48.15;CHF;DBIT;PMNT-CCRD-POSD;McDonald's;;;Einkauf McDonald's Baden Karte xxxx 4821;5812
MARCO_SARA-000662;CH5800761016013456789;2024-08-26;2024-08-26;34.00;CHF;DBIT;PMNT-CCRD-POSD;Aldi Suisse;;;Einkauf Aldi Suisse Wettingen Karte xxxx 4821;5411
MARCO_SARA-000663;CH5800761016013456789;2024-08-26;2024-08-26;3234.98;CHF;CRDT;PMNT-RCDT-SALA;Kantonsspital Baden AG;CH9300762011623852222;;Lohnzahlung 08/2024 S. Keller;
MARCO_SARA-000664;CH5800761016013456789;2024-08-26;2024-08-26;7231.43;CHF;CRDT;PMNT-RCDT-SALA;ABB Schweiz AG;CH9300762011623852111;;Gutschrift Lohn August 2024;
MARCO_SARA-000665;CH5800761016013456789;2024-08-27;2024-08-27;605.00;CHF;DBIT;PMNT-ICDT-STDO;VIAC Vorsorgestiftung 3a;;;Dauerauftrag Säule 3a Einzahlung;
MARCO_SARA-000666;CH5800761016013456789;2024-08-27;2024-08-27;35.70;CHF;DBIT;PMNT-CCRD-POSD;Lidl;;;Einkauf Lidl Wettingen Karte xxxx 4821;5411
MARCO_SARA-000667;CH5800761016013456789;2024-08-28;2024-08-28;1300.00;CHF;DBIT;PMNT-ICDT-STDO;Steueramt Baden;;;Dauerauftrag Steuern Rate;
MARCO_SARA-000668;CH5800761016013456789;2024-08-28;2024-08-28;48.85;CHF;DBIT;PMNT-CCRD-POSD;Coop Pronto Tankstelle;;;Einkauf Coop Pronto Tankstelle Baden Karte xxxx 4821;5541
MARCO_SARA-000669;CH5800761016013456789;2024-08-28;2024-08-28;43.45;CHF;DBIT;PMNT-CCRD-POSD;Kinderarztpraxis Baden;;;Einkauf Kinderarztpraxis Baden Baden Karte xxxx 4821;5912
MARCO_SARA-000670;CH5800761016013456789;2024-08-28;2024-08-28;33.60;CHF;DBIT;PMNT-CCRD-POSD;Restaurant Roter Turm;;;Einkauf Restaurant Roter Turm Baden Karte xxxx 4821;5812
MARCO_SARA-000671;CH5800761016013456789;2024-08-28;2024-08-28;25.60;CHF;DBIT;PMNT-ICDT-ESCT;;;;TWINT *Sende an Nonna Keller;
MARCO_SARA-000672;CH5800761016013456789;2024-08-28;2024-08-28;5.00;CHF;DBIT;ACMT-MDOP-CHRG;;;;Preis für Kontoführung;
MARCO_SARA-000673;CH5800761016013456789;2024-08-28;2024-08-28;16.45;CHF;CRDT;PMNT-RCDT-ESCT;;;;TWINT *Empfangen von Tim Meier;
MARCO_SARA-000674;CH5800761016013456789;2024-09-02;2024-09-02;2450.00;CHF;DBIT;PMNT-ICDT-STDO;Wincasa AG;;;Dauerauftrag Miete 4.5 Zi Mellingerstrasse;
MARCO_SARA-000675;CH5800761016013456789;2024-09-02;2024-09-02;120.00;CHF;DBIT;PMNT-ICDT-STDO;Wincasa AG;;;Dauerauftrag Parkplatz Tiefgarage;
MARCO_SARA-000676;CH5800761016013456789;2024-09-02;2024-09-02;66.70;CHF;DBIT;PMNT-CCRD-POSD;Migros;;;Einkauf Migros Dättwil Karte xxxx 4821;5411
MARCO_SARA-000677;CH5800761016013456789;2024-09-03;2024-09-03;44.45;CHF;DBIT;PMNT-CCRD-POSD;Denner;;;Einkauf Denner Dättwil Karte xxxx 4821;5411
MARCO_SARA-000678;CH5800761016013456789;2024-09-04;2024-09-04;100.30;CHF;DBIT;PMNT-CCRD-POSD;Coop Pronto Tankstelle;;;Einkauf Coop Pronto Tankstelle Baden Karte xxxx 4821;5541
MARCO_SARA-000679;CH5800761016013456789;2024-09-04;2024-09-04;68.50;CHF;DBIT;PMNT-CCRD-POSD;Coop Pronto Tankstelle;;;Einkauf Coop Pronto Tankstelle Baden Karte xxxx 4821;5541
MARCO_SARA-000680;CH5800761016013456789;2024-09-05;2024-09-05;855.00;CHF;DBIT;PMNT-IDDT-ESDD;CSS Versicherung AG;;;LSV Prämie Grundversicherung Familie;
MARCO_SARA-000681;CH5800761016013456789;2024-09-05;2024-09-05;69.80;CHF;DBIT;PMNT-CCRD-POSD;Migrol Tankstelle;;;Einkauf Migrol Tankstelle Baden Karte xxxx 4821;5541
MARCO_SARA-000682;CH5800761016013456789;2024-09-09;2024-09-09;129.00;CHF;DBIT;PMNT-IDDT-ESDD;Swisscom (Schweiz) AG;;;LSV Swisscom blue Abo;
MARCO_SARA-000683;CH5800761016013456789;2024-09-09;2024-09-09;97.55;CHF;DBIT;PMNT-CCRD-POSD;Denner;;;Einkauf Denner Wettingen Karte xxxx 4821;5411
MARCO_SARA-000684;CH5800761016013456789;2024-09-09;2024-09-09;77.85;CHF;DBIT;PMNT-CCRD-POSD;Coop Pronto Tankstelle;;;Einkauf Coop Pronto Tankstelle Baden Karte xxxx 4821;5541
MARCO_SARA-000685;CH5800761016013456789;2024-09-09;2024-09-09;62.95;CHF;DBIT;PMNT-CCRD-POSD;Shell;;;Einkauf Shell Baden Karte xxxx 4821;5541
MARCO_SARA-000686;CH5800761016013456789;2024-09-09;2024-09-09;52.40;CHF;DBIT;PMNT-CCRD-POSD;Coop Pronto Tankstelle;;;Einkauf Coop Pronto Tankstelle Baden Karte xxxx 4821;5541
MARCO_SARA-000687;CH5800761016013456789;2024-09-09;2024-09-09;27.00;CHF;DBIT;PMNT-CCRD-POSD;Migros;;;Einkauf Migros Baden Karte xxxx 4821;5411
MARCO_SARA-000688;CH5800761016013456789;2024-09-10;2024-09-10;780.00;CHF;DBIT;PMNT-ICDT-DMCT;Mobiliar Versicherungen;;;Zahlung Motorfahrzeugversicherung Clio;
MARCO_SARA-000689;CH5800761016013456789;2024-09-10;2024-09-10;200.00;CHF;CRDT;PMNT-RCDT-DMCT;Familienausgleichskasse Aargau;;;Gutschrift Kinderzulage;
MARCO_SARA-000690;CH5800761016013456789;2024-09-11;2024-09-11;93.35;CHF;DBIT;PMNT-CCRD-POSD;Aldi Suisse;;;Einkauf Aldi Suisse Dättwil Karte xxxx 4821;5411
MARCO_SARA-000691;CH5800761016013456789;2024-09-11;2024-09-11;100.10;CHF;CRDT;PMNT-RCDT-ESCT;;;;TWINT *Empfangen von Tim Meier;
MARCO_SARA-000692;CH5800761016013456789;2024-09-12;2024-09-12;1150.00;CHF;DBIT;PMNT-ICDT-DMCT;Kita Sonnenschein Baden;;;Zahlung Rechnung Kita Betreuung 09/2024;
MARCO_SARA-000693;CH5800761016013456789;2024-09-12;2024-09-12;44.90;CHF;DBIT;PMNT-CCRD-POSD;Lidl;;;Einkauf Lidl Baden Karte xxxx 4821;5411
MARCO_SARA-000694;CH5800761016013456789;2024-09-12;2024-09-12;20.90;CHF;DBIT;PMNT-CCRD-POSD;Netflix International B.V.;;;Einkauf NETFLIX.COM Karte xxxx 7310;4899
MARCO_SARA-000695;CH5800761016013456789;2024-09-13;2024-09-13;31.20;CHF;DBIT;PMNT-CCRD-POSD;Kino Trafo;;;Einkauf Kino Trafo Zürich Karte xxxx 4821;
MARCO_SARA-000696;CH5800761016013456789;2024-09-16;2024-09-16;97.60;CHF;DBIT;PMNT-CCRD-POSD;Denner;;;Einkauf Denner Dättwil Karte xxxx 4821;5411
MARCO_SARA-000697;CH5800761016013456789;2024-09-16;2024-09-16;72.20;CHF;DBIT;PMNT-CCRD-POSD;Coop Pronto Tankstelle;;;Einkauf Coop Pronto Tankstelle Baden Karte xxxx 4821;5541
MARCO_SARA-000698;CH5800761016013456789;2024-09-16;2024-09-16;52.55;CHF;DBIT;PMNT-CCRD-POSD;Coop;;;Einkauf Coop Wettingen Karte xxxx 4821;5411
MARCO_SARA-000699;CH5800761016013456789;2024-09-16;2024-09-16;59.70;CHF;CRDT;PMNT-RCDT-ESCT;;;;TWINT *Empfangen von Laura Frei;
MARCO_SARA-000700;CH5800761016013456789;2024-09-17;2024-09-17;25.75;CHF;DBIT;PMNT-CCRD-POSD;Coop;;;Einkauf Coop Wettingen Karte xxxx 4821;5411
MARCO_SARA-000701;CH5800761016013456789;2024-09-19;2024-09-19;180.00;CHF;DBIT;PMNT-CCRD-CWDL;;;;Bargeldbezug Bancomat Raiffeisen Baden Karte xxxx 4821;6011
MARCO_SARA-000702;CH5800761016013456789;2024-09-19;2024-09-19;39.35;CHF;DBIT;PMNT-CCRD-POSD;Restaurant Roter Turm;;;Einkauf Restaurant Roter Turm Baden Karte xxxx 4821;5812
MARCO_SARA-000703;CH5800761016013456789;2024-09-19;2024-09-19;32.75;CHF;DBIT;PMNT-CCRD-POSD;Coop;;;Einkauf Coop Baden Karte xxxx 4821;5411
MARCO_SARA-000704;CH5800761016013456789;2024-09-23;2024-09-23;97.35;CHF;DBIT;PMNT-CCRD-POSD;Coop;;;Einkauf Coop Baden Karte xxxx 4821;5411
MARCO_SARA-000705;CH5800761016013456789;2024-09-23;2024-09-23;82.10;CHF;DBIT;PMNT-CCRD-POSD;Avia Tankstelle;;;Einkauf Avia Tankstelle Baden Karte xxxx 4821;5541
MARCO_SARA-000706;CH5800761016013456789;2024-09-23;2024-09-23;59.80;CHF;DBIT;PMNT-CCRD-POSD;Coop Pronto Tankstelle;;;Einkauf Coop Pronto Tankstelle Baden Karte xxxx 4821;5541
MARCO_SARA-000707;CH5800761016013456789;2024-09-23;2024-09-23;37.90;CHF;DBIT;PMNT-IDDT-ESDD;Cornèrcard;;;Lastschrift Cornèrcard Monatsrechnung 08/2024;
MARCO_SARA-000708;CH5800761016013456789;2024-09-23;2024-09-23;33.30;CHF;DBIT;PMNT-CCRD-POSD;Denner;;;Einkauf Denner Dättwil Karte xxxx 4821;5411
MARCO_SARA-000709;CH5800761016013456789;2024-09-23;2024-09-23;27.60;CHF;DBIT;PMNT-CCRD-POSD;Lidl;;;Einkauf Lidl Wettingen Karte xxxx 4821;5411
MARCO_SARA-000710;CH5800761016013456789;2024-09-23;2024-09-23;24.40;CHF;DBIT;PMNT-ICDT-ESCT;;;;TWINT *Sende an Nonna Keller;
MARCO_SARA-000711;CH5800761016013456789;2024-09-23;2024-09-23;24.05;CHF;DBIT;PMNT-CCRD-POSD;Kinderarztpraxis Baden;;;Einkauf Kinderarztpraxis Baden Baden Karte xxxx 4821;5912
MARCO_SARA-000712;CH5800761016013456789;2024-09-23;2024-09-23;19.70;CHF;DBIT;PMNT-CCRD-POSD;Kino Trafo;;;Einkauf Kino Trafo Zürich Karte xxxx 4821;
MARCO_SARA-000713;CH5800761016013456789;2024-09-25;2024-09-25;34.85;CHF;DBIT;PMNT-CCRD-POSD;Migros;;;Einkauf Migros Dättwil Karte xxxx 4821;5411
MARCO_SARA-000714;CH5800761016013456789;2024-09-25;2024-09-25;7231.43;CHF;CRDT;PMNT-RCDT-SALA;ABB Schweiz AG;CH9300762011623852111;;Gutschrift Lohn September 2024;
MARCO_SARA-000715;CH3200761016019988776;2024-09-26;2024-09-26;1500.00;CHF;CRDT;PMNT-RCDT-BOOK;;CH5800761016013456789;;Übertrag Sparkonto Haus;
MARCO_SARA-000716;CH5800761016013456789;2024-09-26;2024-09-26;1500.00;CHF;DBIT;PMNT-ICDT-BOOK;;CH3200761016019988776;;Übertrag Sparkonto Haus;
MARCO_SARA-000717;CH5800761016013456789;2024-09-26;2024-09-26;3234.98;CHF;CRDT;PMNT-RCDT-SALA;Kantonsspital Baden AG;CH9300762011623852222;;Lohnzahlung 09/2024 S. Keller;
MARCO_SARA-000718;CH5800761016013456789;2024-09-27;2024-09-27;605.00;CHF;DBIT;PMNT-ICDT-STDO;VIAC Vorsorgestiftung 3a;;;Dauerauftrag Säule 3a Einzahlung;
MARCO_SARA-000719;CH5800761016013456789;2024-09-30;2024-09-30;1300.00;CHF;DBIT;PMNT-ICDT-STDO;Steueramt Baden;;;Dauerauftrag Steuern Rate;
MARCO_SARA-000720;CH5800761016013456789;2024-09-30;2024-09-30;5.00;CHF;DBIT;ACMT-MDOP-CHRG;;;;Preis für Kontoführung;
MARCO_SARA-000721;CH5800761016013456789;2024-09-30;2024-09-30;20.85;CHF;CRDT;PMNT-RCDT-ESCT;;;;TWINT *Empfangen von Nonna Keller;
MARCO_SARA-000722;CH5800761016013456789;2024-10-01;2024-10-01;2450.00;CHF;DBIT;PMNT-ICDT-STDO;Wincasa AG;;;Dauerauftrag Miete 4.5 Zi Mellingerstrasse;
MARCO_SARA-000723;CH5800761016013456789;2024-10-01;2024-10-01;120.00;CHF;DBIT;PMNT-ICDT-STDO;Wincasa AG;;;Dauerauftrag Parkplatz Tiefgarage;
MARCO_SARA-000724;CH5800761016013456789;2024-10-01;2024-10-01;54.10;CHF;DBIT;PMNT-CCRD-POSD;Denner;;;Einkauf Denner Baden Karte xxxx 4821;5411
MARCO_SARA-000725;CH5800761016013456789;2024-10-02;2024-10-02;78.00;CHF;DBIT;PMNT-CCRD-POSD;Migrol Tankstelle;;;Einkauf Migrol Tankstelle Baden Karte xxxx 4821;5541
MARCO_SARA-000726;CH5800761016013456789;2024-10-04;2024-10-04;116.70;CHF;DBIT;PMNT-CCRD-POSD;IKEA;;;Einkauf IKEA Spreitenbach Karte xxxx 4821;5651
MARCO_SARA-000727;CH5800761016013456789;2024-10-04;2024-10-04;74.10;CHF;DBIT;PMNT-CCRD-POSD;Manor;;;Einkauf Manor Baden Karte xxxx 4821;5651
MARCO_SARA-000728;CH5800761016013456789;2024-10-04;2024-10-04;18.70;CHF;DBIT;PMNT-CCRD-POSD;Pizzeria Da Mario;;;Einkauf Pizzeria Da Mario Baden Karte xxxx 4821;5812
MARCO_SARA-000729;CH5800761016013456789;2024-10-07;2024-10-07;855.00;CHF;DBIT;PMNT-IDDT-ESDD;CSS Versicherung AG;;;LSV Prämie Grundversicherung Familie;
MARCO_SARA-000730;CH5800761016013456789;2024-10-07;2024-10-07;128.05;CHF;DBIT;PMNT-CCRD-POSD;Migros;;;Einkauf Migros Dättwil Karte xxxx 4821;5411
MARCO_SARA-000731;CH5800761016013456789;2024-10-07;2024-10-07;95.10;CHF;DBIT;PMNT-CCRD-POSD;Shell;;;Einkauf Shell Baden Karte xxxx 4821;5541
MARCO_SARA-000732;CH5800761016013456789;2024-10-07;2024-10-07;47.10;CHF;DBIT;PMNT-CCRD-POSD;Coop;;;Einkauf Coop Wettingen Karte xxxx 4821;5411
MARCO_SARA-000733;CH5800761016013456789;2024-10-07;2024-10-07;38.95;CHF;DBIT;PMNT-CCRD-POSD;Galaxus;;;Einkauf Galaxus Spreitenbach Karte xxxx 4821;5651
MARCO_SARA-000734;CH5800761016013456789;2024-10-07;2024-10-07;35.15;CHF;DBIT;PMNT-CCRD-POSD;Badi Baden;;;Einkauf Badi Baden Zürich Karte xxxx 4821;
MARCO_SARA-000735;CH5800761016013456789;2024-10-07;2024-10-07;29.30;CHF;DBIT;PMNT-CCRD-POSD;Lidl;;;Einkauf Lidl Wettingen Karte xxxx 4821;5411
MARCO_SARA-000736;CH5800761016013456789;2024-10-08;2024-10-08;129.00;CHF;DBIT;PMNT-IDDT-ESDD;Swisscom (Schweiz) AG;;;LSV Swisscom blue Abo;
MARCO_SARA-000737;CH5800761016013456789;2024-10-08;2024-10-08;29.60;CHF;DBIT;PMNT-CCRD-POSD;Manor;;;Einkauf Manor Baden Karte xxxx 4821;5651
MARCO_SARA-000738;CH5800761016013456789;2024-10-10;2024-10-10;58.70;CHF;DBIT;PMNT-CCRD-POSD;Restaurant Roter Turm;;;Einkauf Restaurant Roter Turm Baden Karte xxxx 4821;5812
MARCO_SARA-000739;CH5800761016013456789;2024-10-10;2024-10-10;19.55;CHF;DBIT;PMNT-CCRD-POSD;Aldi Suisse;;;Einkauf Aldi Suisse Wettingen Karte xxxx 4821;5411
MARCO_SARA-000740;CH5800761016013456789;2024-10-10;2024-10-10;200.00;CHF;CRDT;PMNT-RCDT-DMCT;Familienausgleichskasse Aargau;;;Gutschrift Kinderzulage;
MARCO_SARA-000741;CH5800761016013456789;2024-10-14;2024-10-14;1150.00;CHF;DBIT;PMNT-ICDT-DMCT;Kita Sonnenschein Baden;;;Zahlung Rechnung Kita Betreuung 10/2024;
MARCO_SARA-000742;CH5800761016013456789;2024-10-14;2024-10-14;83.35;CHF;DBIT;PMNT-CCRD-POSD;Coop;;;Einkauf Coop Dättwil Karte xxxx 4821;5411
MARCO_SARA-000743;CH5800761016013456789;2024-10-14;2024-10-14;40.15;CHF;DBIT;PMNT-ICDT-ESCT;;;;TWINT *Sende an Nonna Keller;
MARCO_SARA-000744;CH5800761016013456789;2024-10-14;2024-10-14;20.90;CHF;DBIT;PMNT-CCRD-POSD;Netflix International B.V.;;;Einkauf NETFLIX.COM Karte xxxx 7310;4899
MARCO_SARA-000745;CH5800761016013456789;2024-10-14;2024-10-14;16.35;CHF;DBIT;PMNT-CCRD-POSD;SBB Mobile;;;Einkauf SBB Mobile Zürich Karte xxxx 4821;4111
MARCO_SARA-000746;CH5800761016013456789;2024-10-15;2024-10-15;544.15;CHF;DBIT;PMNT-ICDT-DMCT;Garage Baden AG;;;Zahlung Rechnung Service;
MARCO_SARA-000747;CH5800761016013456789;2024-10-15;2024-10-15;209.40;CHF;DBIT;PMNT-ICDT-DMCT;Hausarztpraxis Baden;;Honorarrechnung;Zahlung Rechnung Hausarztpraxis Baden;
MARCO_SARA-000748;CH5800761016013456789;2024-10-16;2024-10-16;81.30;CHF;DBIT;PMNT-CCRD-POSD;Denner;;;Einkauf Denner Dättwil Karte xxxx 4821;5411
MARCO_SARA-000749;CH5800761016013456789;2024-10-17;2024-10-17;27.60;CHF;DBIT;PMNT-CCRD-POSD;SBB Mobile;;;Einkauf SBB Mobile Zürich Karte xxxx 4821;4111
MARCO_SARA-000750;CH5800761016013456789;2024-10-21;2024-10-21;175.60;CHF;DBIT;PMNT-IDDT-ESDD;Regionalwerke AG Baden;;;LSV Stromrechnung;
MARCO_SARA-000751;CH5800761016013456789;2024-10-21;2024-10-21;47.30;CHF;DBIT;PMNT-CCRD-POSD;Denner;;;Einkauf Denner Dättwil Karte xxxx 4821;5411
MARCO_SARA-000752;CH5800761016013456789;2024-10-21;2024-10-21;25.80;CHF;CRDT;PMNT-RCDT-ESCT;;;;TWINT *Empfangen von Tim Meier;
MARCO_SARA-000753;CH5800761016013456789;2024-10-21;2024-10-21;58.65;CHF;CRDT;PMNT-RCDT-ESCT;;;;TWINT *Empfangen von Laura Frei;
MARCO_SARA-000754;CH5800761016013456789;2024-10-21;2024-10-21;69.70;CHF;CRDT;PMNT-RCDT-ESCT;;;;TWINT *Empfangen von Laura Frei;
MARCO_SARA-000755;CH5800761016013456789;2024-10-22;2024-10-22;78.40;CHF;DBIT;PMNT-CCRD-POSD;H&M;;;Einkauf H&M Spreitenbach Karte xxxx 4821;5651
MARCO_SARA-000756;CH5800761016013456789;2024-10-22;2024-10-22;66.10;CHF;DBIT;PMNT-CCRD-POSD;Pizzeria Da Mario;;;Einkauf Pizzeria Da Mario Baden Karte xxxx 4821;5812
MARCO_SARA-000757;CH5800761016013456789;2024-10-22;2024-10-22;38.70;CHF;DBIT;PMNT-IDDT-ESDD;Cornèrcard;;;Lastschrift Cornèrcard Monatsrechnung 09/2024;
MARCO_SARA-000758;CH5800761016013456789;2024-10-22;2024-10-22;24.55;CHF;DBIT;PMNT-CCRD-POSD;Coop;;;Einkauf Coop Wettingen Karte xxxx 4821;5411
MARCO_SARA-000759;CH5800761016013456789;2024-10-23;2024-10-23;66.65;CHF;DBIT;PMNT-CCRD-POSD;Amavita Apotheke;;;Einkauf Amavita Apotheke Baden Karte xxxx 4821;5912
MARCO_SARA-000760;CH5800761016013456789;2024-10-23;2024-10-23;43.05;CHF;DBIT;PMNT-CCRD-POSD;H&M;;;Einkauf H&M Baden Karte xxxx 4821;5651
MARCO_SARA-000761;CH5800761016013456789;2024-10-23;2024-10-23;27.75;CHF;DBIT;PMNT-CCRD-POSD;McDonald's;;;Einkauf McDonald's Baden Karte xxxx 4821;5812
MARCO_SARA-000762;CH5800761016013456789;2024-10-23;2024-10-23;11.75;CHF;DBIT;PMNT-CCRD-POSD;Coop;;;Einkauf Coop Baden Karte xxxx 4821;5411
MARCO_SARA-000763;CH5800761016013456789;2024-10-24;2024-10-24;110.65;CHF;DBIT;PMNT-CCRD-POSD;IKEA;;;Einkauf IKEA Spreitenbach Karte xxxx 4821;5651
MARCO_SARA-000764;CH5800761016013456789;2024-10-24;2024-10-24;34.25;CHF;DBIT;PMNT-CCRD-POSD;Migros;;;Einkauf Migros Baden Karte xxxx 4821;5411
MARCO_SARA-000765;CH5800761016013456789;2024-10-24;2024-10-24;26.25;CHF;DBIT;PMNT-CCRD-POSD;Coop;;;Einkauf Coop Dättwil Karte xxxx 4821;5411
MARCO_SARA-000766;CH5800761016013456789;2024-10-24;2024-10-24;23.15;CHF;DBIT;PMNT-CCRD-POSD;Migros;;;Einkauf Migros Wettingen Karte xxxx 4821;5411
MARCO_SARA-000767;CH5800761016013456789;2024-10-25;2024-10-25;17.95;CHF;DBIT;PMNT-CCRD-POSD;SBB Mobile;;;Einkauf SBB Mobile Zürich Karte xxxx 4821;4111
MARCO_SARA-000768;CH5800761016013456789;2024-10-25;2024-10-25;7231.43;CHF;CRDT;PMNT-RCDT-SALA;ABB Schweiz AG;CH9300762011623852111;;Gutschrift Lohn Oktober 2024;
MARCO_SARA-000769;CH3200761016019988776;2024-10-28;2024-10-28;1500.00;CHF;CRDT;PMNT-RCDT-BOOK;;CH5800761016013456789;;Übertrag Sparkonto Haus;
MARCO_SARA-000770;CH5800761016013456789;2024-10-28;2024-10-28;1500.00;CHF;DBIT;PMNT-ICDT-BOOK;;CH3200761016019988776;;Übertrag Sparkonto Haus;
MARCO_SARA-000771;CH5800761016013456789;2024-10-28;2024-10-28;1300.00;CHF;DBIT;PMNT-ICDT-STDO;Steueramt Baden;;;Dauerauftrag Steuern Rate;
MARCO_SARA-000772;CH5800761016013456789;2024-10-28;2024-10-28;605.00;CHF;DBIT;PMNT-ICDT-STDO;VIAC Vorsorgestiftung 3a;;;Dauerauftrag Säule 3a Einzahlung;
MARCO_SARA-000773;CH5800761016013456789;2024-10-28;2024-10-28;53.05;CHF;DBIT;PMNT-CCRD-POSD;Migros;;;Einkauf Migros Wettingen Karte xxxx 4821;5411
MARCO_SARA-000774;CH5800761016013456789;2024-10-28;2024-10-28;45.05;CHF;DBIT;PMNT-CCRD-POSD;Aldi Suisse;;;Einkauf Aldi Suisse Wettingen Karte xxxx 4821;5411
MARCO_SARA-000775;CH5800761016013456789;2024-10-28;2024-10-28;43.80;CHF;DBIT;PMNT-CCRD-POSD;Zoo Zürich;;;Einkauf Zoo Zürich Zürich Karte xxxx 4821;
MARCO_SARA-000776;CH5800761016013456789;2024-10-28;2024-10-28;5.00;CHF;DBIT;ACMT-MDOP-CHRG;;;;Preis für Kontoführung;
MARCO_SARA-000777;CH5800761016013456789;2024-10-28;2024-10-28;3234.98;CHF;CRDT;PMNT-RCDT-SALA;Kantonsspital Baden AG;CH9300762011623852222;;Lohnzahlung 10/2024 S. Keller;
MARCO_SARA-000778;CH5800761016013456789;2024-11-01;2024-11-01;2450.00;CHF;DBIT;PMNT-ICDT-STDO;Wincasa AG;;;Dauerauftrag Miete 4.5 Zi Mellingerstrasse;
MARCO_SARA-000779;CH5800761016013456789;2024-11-01;2024-11-01;120.00;CHF;DBIT;PMNT-ICDT-STDO;Wincasa AG;;;Dauerauftrag Parkplatz Tiefgarage;
MARCO_SARA-000780;CH5800761016013456789;2024-11-01;2024-11-01;80.40;CHF;DBIT;PMNT-CCRD-POSD;Coop Pronto Tankstelle;;;Einkauf Coop Pronto Tankstelle Baden Karte xxxx 4821;5541
MARCO_SARA-000781;CH5800761016013456789;2024-11-01;2024-11-01;22.85;CHF;DBIT;PMNT-CCRD-POSD;SBB Mobile;;;Einkauf SBB Mobile Zürich Karte xxxx 4821;4111
MARCO_SARA-000782;CH5800761016013456789;2024-11-04;2024-11-04;65.60;CHF;DBIT;PMNT-CCRD-POSD;Galaxus;;;Einkauf Galaxus Baden Karte xxxx 4821;5651
MARCO_SARA-000783;CH5800761016013456789;2024-11-04;2024-11-04;31.55;CHF;DBIT;PMNT-CCRD-POSD;IKEA;;;Einkauf IKEA Spreitenbach Karte xxxx 4821;5651
MARCO_SARA-000784;CH5800761016013456789;2024-11-04;2024-11-04;26.20;CHF;DBIT;PMNT-CCRD-POSD;Denner;;;Einkauf Denner Baden Karte xxxx 4821;5411
MARCO_SARA-000785;CH5800761016013456789;2024-11-05;2024-11-05;855.00;CHF;DBIT;PMNT-IDDT-ESDD;CSS Versicherung AG;;;LSV Prämie Grundversicherung Familie;
MARCO_SARA-000786;CH5800761016013456789;2024-11-06;2024-11-06;61.85;CHF;DBIT;PMNT-CCRD-POSD;Migros;;;Einkauf Migros Wettingen Karte xxxx 4821;5411
MARCO_SARA-000787;CH5800761016013456789;2024-11-06;2024-11-06;15.50;CHF;DBIT;PMNT-CCRD-POSD;Lidl;;;Einkauf Lidl Baden Karte xxxx 4821;5411
MARCO_SARA-000788;CH5800761016013456789;2024-11-07;2024-11-07;96.95;CHF;DBIT;PMNT-CCRD-POSD;Denner;;;Einkauf Denner Baden Karte xxxx 4821;5411
MARCO_SARA-000789;CH5800761016013456789;2024-11-07;2024-11-07;84.10;CHF;DBIT;PMNT-CCRD-POSD;Shell;;;Einkauf Shell Baden Karte xxxx 4821;5541
MARCO_SARA-000790;CH5800761016013456789;2024-11-07;2024-11-07;62.45;CHF;DBIT;PMNT-CCRD-POSD;Restaurant Roter Turm;;;Einkauf Restaurant Roter Turm Baden Karte xxxx 4821;5812
MARCO_SARA-000791;CH5800761016013456789;2024-11-07;2024-11-07;53.55;CHF;DBIT;PMNT-CCRD-POSD;Kino Trafo;;;Einkauf Kino Trafo Zürich Karte xxxx 4821;
MARCO_SARA-000792;CH5800761016013456789;2024-11-07;2024-11-07;23.15;CHF;DBIT;PMNT-CCRD-POSD;SBB Mobile;;;Einkauf SBB Mobile Zürich Karte xxxx 4821;4111
MARCO_SARA-000793;CH5800761016013456789;2024-11-08;2024-11-08;129.00;CHF;DBIT;PMNT-IDDT-ESDD;Swisscom (Schweiz) AG;;;LSV Swisscom blue Abo;
MARCO_SARA-000794;CH5800761016013456789;2024-11-11;2024-11-11;83.70;CHF;DBIT;PMNT-CCRD-POSD;Shell;;;Einkauf Shell Baden Karte xxxx 4821;5541
MARCO_SARA-000795;CH5800761016013456789;2024-11-11;2024-11-11;60.40;CHF;DBIT;PMNT-CCRD-POSD;Migrol Tankstelle;;;Einkauf Migrol Tankstelle Baden Karte xxxx 4821;5541
MARCO_SARA-000796;CH5800761016013456789;2024-11-11;2024-11-11;30.80;CHF;DBIT;PMNT-ICDT-ESCT;;;;TWINT *Sende an Tim Meier;
MARCO_SARA-000797;CH5800761016013456789;2024-11-11;2024-11-11;22.00;CHF;CRDT;PMNT-RCDT-ESCT;;;;TWINT *Empfangen von Laura Frei;
MARCO_SARA-000798;CH5800761016013456789;2024-11-11;2024-11-11;200.00;CHF;CRDT;PMNT-RCDT-DMCT;Familienausgleichskasse Aargau;;;Gutschrift Kinderzulage;
MARCO_SARA-000799;CH5800761016013456789;2024-11-12;2024-11-12;1150.00;CHF;DBIT;PMNT-ICDT-DMCT;Kita Sonnenschein Baden;;;Zahlung Rechnung Kita Betreuung 11/2024;
MARCO_SARA-000800;CH5800761016013456789;2024-11-12;2024-11-12;78.50;CHF;DBIT;PMNT-CCRD-POSD;Migrol Tankstelle;;;Einkauf Migrol Tankstelle Baden Karte xxxx 4821;5541
MARCO_SARA-000801;CH5800761016013456789;2024-11-12;2024-11-12;43.50;CHF;DBIT;PMNT-ICDT-ESCT;;;;TWINT *Sende an Tim Meier;
MARCO_SARA-000802;CH5800761016013456789;2024-11-12;2024-11-12;20.90;CHF;DBIT;PMNT-CCRD-POSD;Netflix International B.V.;;;Einkauf NETFLIX.COM Karte xxxx 7310;4899
MARCO_SARA-000803;CH5800761016013456789;2024-11-13;2024-11-13;315.50;CHF;DBIT;PMNT-CCRD-POSD;IKEA;;;Einkauf IKEA Spreitenbach Karte xxxx 4821;5651
MARCO_SARA-000804;CH5800761016013456789;2024-11-13;2024-11-13;60.65;CHF;DBIT;PMNT-CCRD-POSD;Migros;;;Einkauf Migros Dättwil Karte xxxx 4821;5411
MARCO_SARA-000805;CH5800761016013456789;2024-11-14;2024-11-14;22.30;CHF;DBIT;PMNT-CCRD-POSD;Aldi Suisse;;;Einkauf Aldi Suisse Wettingen Karte xxxx 4821;5411
MARCO_SARA-000806;CH5800761016013456789;2024-11-15;2024-11-15;67.00;CHF;DBIT;PMNT-CCRD-POSD;Migrol Tankstelle;;;Einkauf Migrol Tankstelle Baden Karte xxxx 4821;5541
MARCO_SARA-000807;CH5800761016013456789;2024-11-18;2024-11-18;169.85;CHF;DBIT;PMNT-CCRD-POSD;Aldi Suisse;;;Einkauf Aldi Suisse Baden Karte xxxx 4821;5411
MARCO_SARA-000808;CH5800761016013456789;2024-11-18;2024-11-18;91.75;CHF;DBIT;PMNT-CCRD-POSD;Avia Tankstelle;;;Einkauf Avia Tankstelle Baden Karte xxxx 4821;5541
MARCO_SARA-000809;CH5800761016013456789;2024-11-18;2024-11-18;45.60;CHF;DBIT;PMNT-CCRD-POSD;Coop;;;Einkauf Coop Dättwil Karte xxxx 4821;5411
MARCO_SARA-000810;CH5800761016013456789;2024-11-18;2024-11-18;9.60;CHF;DBIT;PMNT-CCRD-POSD;Aldi Suisse;;;Einkauf Aldi Suisse Dättwil Karte xxxx 4821;5411
MARCO_SARA-000811;CH5800761016013456789;2024-11-19;2024-11-19;75.45;CHF;DBIT;PMNT-CCRD-POSD;Coop;;;Einkauf Coop Baden Karte xxxx 4821;5411
MARCO_SARA-000812;CH5800761016013456789;2024-11-20;2024-11-20;80.00;CHF;DBIT;PMNT-CCRD-CWDL;;;;Bargeldbezug Bancomat Raiffeisen Baden Karte xxxx 4821;6011
MARCO_SARA-000813;CH5800761016013456789;2024-11-20;2024-11-20;61.65;CHF;DBIT;PMNT-CCRD-POSD;Coop;;;Einkauf Coop Dättwil Karte xxxx 4821;5411
MARCO_SARA-000814;CH5800761016013456789;2024-11-21;2024-11-21;56.10;CHF;DBIT;PMNT-CCRD-POSD;Restaurant Roter Turm;;;Einkauf Restaurant Roter Turm Baden Karte xxxx 4821;5812
MARCO_SARA-000815;CH5800761016013456789;2024-11-22;2024-11-22;884.70;CHF;DBIT;PMNT-IDDT-ESDD;Cornèrcard;;;Lastschrift Cornèrcard Monatsrechnung 10/2024;
MARCO_SARA-000816;CH5800761016013456789;2024-11-22;2024-11-22;137.30;CHF;DBIT;PMNT-ICDT-ESCT;;;;TWINT *Sende an Laura Frei;
MARCO_SARA-000817;CH5800761016013456789;2024-11-25;2024-11-25;68.35;CHF;DBIT;PMNT-CCRD-POSD;Amavita Apotheke;;;Einkauf Amavita Apotheke Baden Karte xxxx 4821;5912
MARCO_SARA-000818;CH5800761016013456789;2024-11-25;2024-11-25;50.80;CHF;DBIT;PMNT-ICDT-ESCT;;;;TWINT *Sende an Tim Meier;
MARCO_SARA-000819;CH5800761016013456789;2024-11-25;2024-11-25;41.20;CHF;DBIT;PMNT-CCRD-POSD;Restaurant Roter Turm;;;Einkauf Restaurant Roter Turm Baden Karte xxxx 4821;5812
MARCO_SARA-000820;CH5800761016013456789;2024-11-25;2024-11-25;28.15;CHF;DBIT;PMNT-CCRD-POSD;Babywalz;;;Einkauf Babywalz Baden Karte xxxx 4821;5651
MARCO_SARA-000821;CH5800761016013456789;2024-11-25;2024-11-25;7231.43;CHF;CRDT;PMNT-RCDT-SALA;ABB Schweiz AG;CH9300762011623852111;;Gutschrift Lohn November 2024;
MARCO_SARA-000822;CH5800761016013456789;2024-11-25;2024-11-25;7231.43;CHF;CRDT;PMNT-RCDT-SALA;ABB Schweiz AG;CH9300762011623852111;;Gutschrift 13. Monatslohn 2024;
MARCO_SARA-000823;CH3200761016019988776;2024-11-26;2024-11-26;1500.00;CHF;CRDT;PMNT-RCDT-BOOK;;CH5800761016013456789;;Übertrag Sparkonto Haus;
MARCO_SARA-000824;CH5800761016013456789;2024-11-26;2024-11-26;1500.00;CHF;DBIT;PMNT-ICDT-BOOK;;CH3200761016019988776;;Übertrag Sparkonto Haus;
MARCO_SARA-000825;CH5800761016013456789;2024-11-26;2024-11-26;3234.98;CHF;CRDT;PMNT-RCDT-SALA;Kantonsspital Baden AG;CH9300762011623852222;;Lohnzahlung 11/2024 S. Keller;
MARCO_SARA-000826;CH5800761016013456789;2024-11-27;2024-11-27;605.00;CHF;DBIT;PMNT-ICDT-STDO;VIAC Vorsorgestiftung 3a;;;Dauerauftrag Säule 3a Einzahlung;
MARCO_SARA-000827;CH5800761016013456789;2024-11-27;2024-11-27;88.55;CHF;DBIT;PMNT-CCRD-POSD;Avia Tankstelle;;;Einkauf Avia Tankstelle Baden Karte xxxx 4821;5541
MARCO_SARA-000828;CH5800761016013456789;2024-11-27;2024-11-27;69.65;CHF;DBIT;PMNT-CCRD-POSD;Badi Baden;;;Einkauf Badi Baden Zürich Karte xxxx 4821;
MARCO_SARA-000829;CH5800761016013456789;2024-11-27;2024-11-27;38.25;CHF;DBIT;PMNT-CCRD-POSD;Lidl;;;Einkauf Lidl Baden Karte xxxx 4821;5411
MARCO_SARA-000830;CH5800761016013456789;2024-11-28;2024-11-28;1300.00;CHF;DBIT;PMNT-ICDT-STDO;Steueramt Baden;;;Dauerauftrag Steuern Rate;
MARCO_SARA-000831;CH5800761016013456789;2024-11-28;2024-11-28;5.00;CHF;DBIT;ACMT-MDOP-CHRG;;;;Preis für Kontoführung;
MARCO_SARA-000832;CH5800761016013456789;2024-12-02;2024-12-02;2450.00;CHF;DBIT;PMNT-ICDT-STDO;Wincasa AG;;;Dauerauftrag Miete 4.5 Zi Mellingerstrasse;
MARCO_SARA-000833;CH5800761016013456789;2024-12-02;2024-12-02;120.00;CHF;DBIT;PMNT-ICDT-STDO;Wincasa AG;;;Dauerauftrag Parkplatz Tiefgarage;
MARCO_SARA-000834;CH5800761016013456789;2024-12-02;2024-12-02;119.00;CHF;DBIT;PMNT-CCRD-POSD;Migros;;;Einkauf Migros Wettingen Karte xxxx 4821;5411
MARCO_SARA-000835;CH5800761016013456789;2024-12-02;2024-12-02;94.30;CHF;DBIT;PMNT-CCRD-POSD;Avia Tankstelle;;;Einkauf Avia Tankstelle Baden Karte xxxx 4821;5541
MARCO_SARA-000836;CH5800761016013456789;2024-12-03;2024-12-03;167.70;CHF;DBIT;PMNT-CCRD-POSD;Manor;;;Einkauf Manor Baden Karte xxxx 4821;5651
MARCO_SARA-000837;CH5800761016013456789;2024-12-05;2024-12-05;855.00;CHF;DBIT;PMNT-IDDT-ESDD;CSS Versicherung AG;;;LSV Prämie Grundversicherung Familie;
MARCO_SARA-000838;CH5800761016013456789;2024-12-05;2024-12-05;91.40;CHF;DBIT;PMNT-CCRD-POSD;Pizzeria Da Mario;;;Einkauf Pizzeria Da Mario Baden Karte xxxx 4821;5812
MARCO_SARA-000839;CH5800761016013456789;2024-12-06;2024-12-06;40.55;CHF;DBIT;PMNT-CCRD-POSD;Denner;;;Einkauf Denner Dättwil Karte xxxx 4821;5411
MARCO_SARA-000840;CH5800761016013456789;2024-12-06;2024-12-06;33.40;CHF;DBIT;PMNT-CCRD-POSD;Aldi Suisse;;;Einkauf Aldi Suisse Dättwil Karte xxxx 4821;5411
MARCO_SARA-000841;CH5800761016013456789;2024-12-09;2024-12-09;129.00;CHF;DBIT;PMNT-IDDT-ESDD;Swisscom (Schweiz) AG;;;LSV Swisscom blue Abo;
MARCO_SARA-000842;CH5800761016013456789;2024-12-09;2024-12-09;50.95;CHF;DBIT;PMNT-CCRD-POSD;Coop;;;Einkauf Coop Dättwil Karte xxxx 4821;5411
MARCO_SARA-000843;CH5800761016013456789;2024-12-09;2024-12-09;27.80;CHF;DBIT;PMNT-CCRD-POSD;Coop;;;Einkauf Coop Baden Karte xxxx 4821;5411
MARCO_SARA-000844;CH5800761016013456789;2024-12-10;2024-12-10;39.10;CHF;DBIT;PMNT-CCRD-POSD;Coop;;;Einkauf Coop Wettingen Karte xxxx 4821;5411
MARCO_SARA-000845;CH5800761016013456789;2024-12-10;2024-12-10;200.00;CHF;CRDT;PMNT-RCDT-DMCT;Familienausgleichskasse Aargau;;;Gutschrift Kinderzulage;
MARCO_SARA-000846;CH5800761016013456789;2024-12-11;2024-12-11;81.05;CHF;DBIT;PMNT-CCRD-POSD;Denner;;;Einkauf Denner Baden Karte xxxx 4821;5411
MARCO_SARA-000847;CH5800761016013456789;2024-12-11;2024-12-11;80.05;CHF;DBIT;PMNT-CCRD-POSD;Avia Tankstelle;;;Einkauf Avia Tankstelle Baden Karte xxxx 4821;5541
MARCO_SARA-000848;CH5800761016013456789;2024-12-11;2024-12-11;72.55;CHF;DBIT;PMNT-CCRD-POSD;H&M;;;Einkauf H&M Baden Karte xxxx 4821;5651
MARCO_SARA-000849;CH5800761016013456789;2024-12-12;2024-12-12;1150.00;CHF;DBIT;PMNT-ICDT-DMCT;Kita Sonnenschein Baden;;;Zahlung Rechnung Kita Betreuung 12/2024;
MARCO_SARA-000850;CH5800761016013456789;2024-12-12;2024-12-12;20.90;CHF;DBIT;PMNT-CCRD-POSD;Netflix International B.V.;;;Einkauf NETFLIX.COM Karte xxxx 7310;4899
MARCO_SARA-000851;CH5800761016013456789;2024-12-13;2024-12-13;76.25;CHF;DBIT;PMNT-CCRD-POSD;Shell;;;Einkauf Shell Baden Karte xxxx 4821;5541
MARCO_SARA-000852;CH5800761016013456789;2024-12-13;2024-12-13;45.85;CHF;DBIT;PMNT-ICDT-ESCT;;;;TWINT *Sende an Nonna Keller;
MARCO_SARA-000853;CH5800761016013456789;2024-12-13;2024-12-13;23.85;CHF;DBIT;PMNT-CCRD-POSD;SBB Mobile;;;Einkauf SBB Mobile Zürich Karte xxxx 4821;4111
MARCO_SARA-000854;CH5800761016013456789;2024-12-16;2024-12-16;72.35;CHF;DBIT;PMNT-CCRD-POSD;Avia Tankstelle;;;Einkauf Avia Tankstelle Baden Karte xxxx 4821;5541
MARCO_SARA-000855;CH5800761016013456789;2024-12-16;2024-12-16;21.15;CHF;DBIT;PMNT-ICDT-ESCT;;;;TWINT *Sende an Tim Meier;
MARCO_SARA-000856;CH5800761016013456789;2024-12-17;2024-12-17;29.65;CHF;DBIT;PMNT-ICDT-ESCT;;;;TWINT *Sende an Nonna Keller;
MARCO_SARA-000857;CH5800761016013456789;2024-12-18;2024-12-18;97.75;CHF;DBIT;PMNT-CCRD-POSD;Migrol Tankstelle;;;Einkauf Migrol Tankstelle Baden Karte xxxx 4821;5541
MARCO_SARA-000858;CH5800761016013456789;2024-12-19;2024-12-19;161.40;CHF;DBIT;PMNT-CCRD-POSD;Lidl;;;Einkauf Lidl Dättwil Karte xxxx 4821;5411
MARCO_SARA-000859;CH5800761016013456789;2024-12-19;2024-12-19;68.45;CHF;DBIT;PMNT-CCRD-POSD;Aldi Suisse;;;Einkauf Aldi Suisse Baden Karte xxxx 4821;5411
MARCO_SARA-000860;CH5800761016013456789;2024-12-19;2024-12-19;56.15;CHF;DBIT;PMNT-CCRD-POSD;Zoo Zürich;;;Einkauf Zoo Zürich Zürich Karte xxxx 4821;
MARCO_SARA-000861;CH5800761016013456789;2024-12-23;2024-12-23;105.40;CHF;DBIT;PMNT-CCRD-POSD;Amavita Apotheke;;;Einkauf Amavita Apotheke Baden Karte xxxx 4821;5912
MARCO_SARA-000862;CH5800761016013456789;2024-12-23;2024-12-23;94.45;CHF;DBIT;PMNT-IDDT-ESDD;Cornèrcard;;;Lastschrift Cornèrcard Monatsrechnung 11/2024;
MARCO_SARA-000863;CH5800761016013456789;2024-12-23;2024-12-23;62.55;CHF;DBIT;PMNT-CCRD-POSD;Avia Tankstelle;;;Einkauf Avia Tankstelle Baden Karte xxxx 4821;5541
MARCO_SARA-000864;CH5800761016013456789;2024-12-23;2024-12-23;55.45;CHF;DBIT;PMNT-CCRD-POSD;Avia Tankstelle;;;Einkauf Avia Tankstelle Baden Karte xxxx 4821;5541
MARCO_SARA-000865;CH5800761016013456789;2024-12-23;2024-12-23;51.50;CHF;DBIT;PMNT-CCRD-POSD;Coop;;;Einkauf Coop Baden Karte xxxx 4821;5411
MARCO_SARA-000866;CH5800761016013456789;2024-12-23;2024-12-23;35.75;CHF;DBIT;PMNT-CCRD-POSD;McDonald's;;;Einkauf McDonald's Baden Karte xxxx 4821;5812
MARCO_SARA-000867;CH5800761016013456789;2024-12-24;2024-12-24;125.05;CHF;DBIT;PMNT-CCRD-POSD;Aldi Suisse;;;Einkauf Aldi Suisse Baden Karte xxxx 4821;5411
MARCO_SARA-000868;CH5800761016013456789;2024-12-25;2024-12-25;80.00;CHF;DBIT;PMNT-CCRD-CWDL;;;;Bargeldbezug Postomat Wettingen Karte xxxx 4821;6011
MARCO_SARA-000869;CH5800761016013456789;2024-12-25;2024-12-25;7231.43;CHF;CRDT;PMNT-RCDT-SALA;ABB Schweiz AG;CH9300762011623852111;;Gutschrift Lohn Dezember 2024;
MARCO_SARA-000870;CH3200761016019988776;2024-12-26;2024-12-26;1500.00;CHF;CRDT;PMNT-RCDT-BOOK;;CH5800761016013456789;;Übertrag Sparkonto Haus;
MARCO_SARA-000871;CH5800761016013456789;2024-12-26;2024-12-26;1500.00;CHF;DBIT;PMNT-ICDT-BOOK;;CH3200761016019988776;;Übertrag Sparkonto Haus;
MARCO_SARA-000872;CH5800761016013456789;2024-12-26;2024-12-26;91.25;CHF;DBIT;PMNT-CCRD-POSD;Aldi Suisse;;;Einkauf Aldi Suisse Baden Karte xxxx 4821;5411
MARCO_SARA-000873;CH5800761016013456789;2024-12-26;2024-12-26;23.55;CHF;DBIT;PMNT-CCRD-POSD;Restaurant Roter Turm;;;Einkauf Restaurant Roter Turm Baden Karte xxxx 4821;5812
MARCO_SARA-000874;CH5800761016013456789;2024-12-26;2024-12-26;19.65;CHF;DBIT;PMNT-CCRD-POSD;Lidl;;;Einkauf Lidl Dättwil Karte xxxx 4821;5411
MARCO_SARA-000875;CH5800761016013456789;2024-12-26;2024-12-26;3234.98;CHF;CRDT;PMNT-RCDT-SALA;Kantonsspital Baden AG;CH9300762011623852222;;Lohnzahlung 12/2024 S. Keller;
MARCO_SARA-000876;CH5800761016013456789;2024-12-27;2024-12-27;605.00;CHF;DBIT;PMNT-ICDT-STDO;VIAC Vorsorgestiftung 3a;;;Dauerauftrag Säule 3a Einzahlung;
MARCO_SARA-000877;CH5800761016013456789;2024-12-27;2024-12-27;136.65;CHF;DBIT;PMNT-CCRD-POSD;Lidl;;;Einkauf Lidl Baden Karte xxxx 4821;5411
MARCO_SARA-000878;CH5800761016013456789;2024-12-27;2024-12-27;14.60;CHF;DBIT;PMNT-CCRD-POSD;Kinderarztpraxis Baden;;;Einkauf Kinderarztpraxis Baden Baden Karte xxxx 4821;5912
MARCO_SARA-000879;CH5800761016013456789;2024-12-30;2024-12-30;1300.00;CHF;DBIT;PMNT-ICDT-STDO;Steueramt Baden;;;Dauerauftrag Steuern Rate;
MARCO_SARA-000880;CH5800761016013456789;2024-12-30;2024-12-30;61.20;CHF;DBIT;PMNT-CCRD-POSD;Lidl;;;Einkauf Lidl Wettingen Karte xxxx 4821;5411
MARCO_SARA-000881;CH5800761016013456789;2024-12-30;2024-12-30;56.25;CHF;DBIT;PMNT-CCRD-POSD;Denner;;;Einkauf Denner Baden Karte xxxx 4821;5411
MARCO_SARA-000882;CH5800761016013456789;2024-12-30;2024-12-30;5.00;CHF;DBIT;ACMT-MDOP-CHRG;;;;Preis für Kontoführung;
MARCO_SARA-000883;CH3200761016019988776;2024-12-31;2024-12-31;248.00;CHF;CRDT;ACMT-MDOP-INTR;;;;Zinsgutschrift;
MARCO_SARA-000884;CH5800761016013456789;2025-01-01;2025-01-01;2450.00;CHF;DBIT;PMNT-ICDT-STDO;Wincasa AG;;;Dauerauftrag Miete 4.5 Zi Mellingerstrasse;
MARCO_SARA-000885;CH5800761016013456789;2025-01-01;2025-01-01;120.00;CHF;DBIT;PMNT-ICDT-STDO;Wincasa AG;;;Dauerauftrag Parkplatz Tiefgarage;
MARCO_SARA-000886;CH5800761016013456789;2025-01-01;2025-01-01;42.15;CHF;DBIT;PMNT-CCRD-POSD;SBB Mobile;;;Einkauf SBB Mobile Zürich Karte xxxx 4821;4111
MARCO_SARA-000887;CH5800761016013456789;2025-01-02;2025-01-02;51.35;CHF;DBIT;PMNT-ICDT-ESCT;;;;TWINT *Sende an Laura Frei;
MARCO_SARA-000888;CH5800761016013456789;2025-01-02;2025-01-02;44.55;CHF;DBIT;PMNT-CCRD-POSD;Coop;;;Einkauf Coop Wettingen Karte xxxx 4821;5411
MARCO_SARA-000889;CH5800761016013456789;2025-01-06;2025-01-06;855.00;CHF;DBIT;PMNT-IDDT-ESDD;CSS Versicherung AG;;;LSV Prämie Grundversicherung Familie;
MARCO_SARA-000890;CH5800761016013456789;2025-01-06;2025-01-06;196.55;CHF;DBIT;PMNT-CCRD-POSD;Manor;;;Einkauf Manor Baden Karte xxxx 4821;5651
MARCO_SARA-000891;CH5800761016013456789;2025-01-06;2025-01-06;119.90;CHF;DBIT;PMNT-CCRD-POSD;Denner;;;Einkauf Denner Dättwil Karte xxxx 4821;5411
MARCO_SARA-000892;CH5800761016013456789;2025-01-06;2025-01-06;100.00;CHF;DBIT;PMNT-CCRD-CWDL;;;;Bargeldbezug Postomat Wettingen Karte xxxx 4821;6011
MARCO_SARA-000893;CH5800761016013456789;2025-01-06;2025-01-06;92.70;CHF;DBIT;PMNT-CCRD-POSD;Shell;;;Einkauf Shell Baden Karte xxxx 4821;5541
MARCO_SARA-000894;CH5800761016013456789;2025-01-06;2025-01-06;62.70;CHF;DBIT;PMNT-CCRD-POSD;McDonald's;;;Einkauf McDonald's Baden Karte xxxx 4821;5812
MARCO_SARA-000895;CH5800761016013456789;2025-01-06;2025-01-06;13.20;CHF;CRDT;PMNT-RCDT-ESCT;;;;TWINT *Empfangen von Laura Frei;
MARCO_SARA-000896;CH5800761016013456789;2025-01-07;2025-01-07;63.50;CHF;DBIT;PMNT-CCRD-POSD;Migrol Tankstelle;;;Einkauf Migrol Tankstelle Baden Karte xxxx 4821;5541
MARCO_SARA-000897;CH5800761016013456789;2025-01-08;2025-01-08;129.00;CHF;DBIT;PMNT-IDDT-ESDD;Swisscom (Schweiz) AG;;;LSV Swisscom blue Abo;
MARCO_SARA-000898;CH5800761016013456789;2025-01-08;2025-01-08;24.95;CHF;DBIT;PMNT-CCRD-POSD;SBB Mobile;;;Einkauf SBB Mobile Zürich Karte xxxx 4821;4111
MARCO_SARA-000899;CH5800761016013456789;2025-01-09;2025-01-09;159.50;CHF;DBIT;PMNT-CCRD-POSD;Migros;;;Einkauf Migros Wettingen Karte xxxx 4821;5411
MARCO_SARA-000900;CH5800761016013456789;2025-01-10;2025-01-10;97.45;CHF;DBIT;PMNT-CCRD-POSD;Lidl;;;Einkauf Lidl Dättwil Karte xxxx 4821;5411
MARCO_SARA-000901;CH5800761016013456789;2025-01-10;2025-01-10;33.75;CHF;DBIT;PMNT-CCRD-POSD;McDonald's;;;Einkauf McDonald's Baden Karte xxxx 4821;5812
MARCO_SARA-000902;CH5800761016013456789;2025-01-10;2025-01-10;20.60;CHF;DBIT;PMNT-CCRD-POSD;Migros;;;Einkauf Migros Wettingen Karte xxxx 4821;5411
MARCO_SARA-000903;CH5800761016013456789;2025-01-10;2025-01-10;200.00;CHF;CRDT;PMNT-RCDT-DMCT;Familienausgleichskasse Aargau;;;Gutschrift Kinderzulage;
MARCO_SARA-000904;CH5800761016013456789;2025-01-13;2025-01-13;1150.00;CHF;DBIT;PMNT-ICDT-DMCT;Kita Sonnenschein Baden;;;Zahlung Rechnung Kita Betreuung 01/2025;
MARCO_SARA-000905;CH5800761016013456789;2025-01-13;2025-01-13;57.90;CHF;DBIT;PMNT-CCRD-POSD;Denner;;;Einkauf Denner Baden Karte xxxx 4821;5411
MARCO_SARA-000906;CH5800761016013456789;2025-01-13;2025-01-13;30.65;CHF;DBIT;PMNT-CCRD-POSD;Aldi Suisse;;;Einkauf Aldi Suisse Baden Karte xxxx 4821;5411
MARCO_SARA-000907;CH5800761016013456789;2025-01-13;2025-01-13;29.40;CHF;DBIT;PMNT-CCRD-POSD;Galaxus;;;Einkauf Galaxus Baden Karte xxxx 4821;5651
MARCO_SARA-000908;CH5800761016013456789;2025-01-13;2025-01-13;20.90;CHF;DBIT;PMNT-CCRD-POSD;Netflix International B.V.;;;Einkauf NETFLIX.COM Karte xxxx 7310;4899
MARCO_SARA-000909;CH5800761016013456789;2025-01-16;2025-01-16;80.50;CHF;DBIT;PMNT-CCRD-POSD;Aldi Suisse;;;Einkauf Aldi Suisse Wettingen Karte xxxx 4821;5411
MARCO_SARA-000910;CH5800761016013456789;2025-01-16;2025-01-16;67.35;CHF;DBIT;PMNT-CCRD-POSD;Avia Tankstelle;;;Einkauf Avia Tankstelle Baden Karte xxxx 4821;5541
MARCO_SARA-000911;CH5800761016013456789;2025-01-17;2025-01-17;73.45;CHF;DBIT;PMNT-CCRD-POSD;Shell;;;Einkauf Shell Baden Karte xxxx 4821;5541
MARCO_SARA-000912;CH5800761016013456789;2025-01-17;2025-01-17;68.40;CHF;DBIT;PMNT-CCRD-POSD;Lidl;;;Einkauf Lidl Dättwil Karte xxxx 4821;5411
MARCO_SARA-000913;CH5800761016013456789;2025-01-17;2025-01-17;54.05;CHF;DBIT;PMNT-CCRD-POSD;Denner;;;Einkauf Denner Baden Karte xxxx 4821;5411
MARCO_SARA-000914;CH5800761016013456789;2025-01-20;2025-01-20;420.00;CHF;DBIT;PMNT-ICDT-DMCT;Die Mobiliar;;;Zahlung Prämie Hausrat Privathaftpflicht;
MARCO_SARA-000915;CH5800761016013456789;2025-01-20;2025-01-20;157.45;CHF;DBIT;PMNT-IDDT-ESDD;Regionalwerke AG Baden;;;LSV Stromrechnung;
MARCO_SARA-000916;CH5800761016013456789;2025-01-20;2025-01-20;124.65;CHF;DBIT;PMNT-CCRD-POSD;Aldi Suisse;;;Einkauf Aldi Suisse Dättwil Karte xxxx 4821;5411
MARCO_SARA-000917;CH5800761016013456789;2025-01-20;2025-01-20;59.65;CHF;DBIT;PMNT-CCRD-POSD;Coop Pronto Tankstelle;;;Einkauf Coop Pronto Tankstelle Baden Karte xxxx 4821;5541
MARCO_SARA-000918;CH5800761016013456789;2025-01-20;2025-01-20;59.50;CHF;DBIT;PMNT-CCRD-POSD;Shell;;;Einkauf Shell Baden Karte xxxx 4821;5541
MARCO_SARA-000919;CH5800761016013456789;2025-01-20;2025-01-20;19.30;CHF;DBIT;PMNT-CCRD-POSD;Pizzeria Da Mario;;;Einkauf Pizzeria Da Mario Baden Karte xxxx 4821;5812
MARCO_SARA-000920;CH5800761016013456789;2025-01-21;2025-01-21;33.90;CHF;DBIT;PMNT-ICDT-ESCT;;;;TWINT *Sende an Tim Meier;
MARCO_SARA-000921;CH5800761016013456789;2025-01-22;2025-01-22;767.40;CHF;DBIT;PMNT-IDDT-ESDD;Cornèrcard;;;Lastschrift Cornèrcard Monatsrechnung 12/2024;
MARCO_SARA-000922;CH5800761016013456789;2025-01-23;2025-01-23;61.90;CHF;DBIT;PMNT-CCRD-POSD;Aldi Suisse;;;Einkauf Aldi Suisse Dättwil Karte xxxx 4821;5411
MARCO_SARA-000923;CH5800761016013456789;2025-01-23;2025-01-23;21.00;CHF;DBIT;PMNT-CCRD-POSD;Aldi Suisse;;;Einkauf Aldi Suisse Dättwil Karte xxxx 4821;5411
MARCO_SARA-000924;CH5800761016013456789;2025-01-24;2025-01-24;26.50;CHF;DBIT;PMNT-ICDT-ESCT;;;;TWINT *Sende an Tim Meier;
MARCO_SARA-000925;CH3200761016019988776;2025-01-27;2025-01-27;1500.00;CHF;CRDT;PMNT-RCDT-BOOK;;CH5800761016013456789;;Übertrag Sparkonto Haus;
MARCO_SARA-000926;CH5800761016013456789;2025-01-27;2025-01-27;1500.00;CHF;DBIT;PMNT-ICDT-BOOK;;CH3200761016019988776;;Übertrag Sparkonto Haus;
MARCO_SARA-000927;CH5800761016013456789;2025-01-27;2025-01-27;605.00;CHF;DBIT;PMNT-ICDT-STDO;VIAC Vorsorgestiftung 3a;;;Dauerauftrag Säule 3a Einzahlung;
MARCO_SARA-000928;CH5800761016013456789;2025-01-27;2025-01-27;72.00;CHF;DBIT;PMNT-CCRD-POSD;Lidl;;;Einkauf Lidl Baden Karte xxxx 4821;5411
MARCO_SARA-000929;CH5800761016013456789;2025-01-27;2025-01-27;64.45;CHF;DBIT;PMNT-CCRD-POSD;Migros;;;Einkauf Migros Dättwil Karte xxxx 4821;5411
MARCO_SARA-000930;CH5800761016013456789;2025-01-27;2025-01-27;59.70;CHF;DBIT;PMNT-CCRD-POSD;Denner;;;Einkauf Denner Wettingen Karte xxxx 4821;5411
MARCO_SARA-000931;CH5800761016013456789;2025-01-27;2025-01-27;58.15;CHF;DBIT;PMNT-CCRD-POSD;Denner;;;Einkauf Denner Baden Karte xxxx 4821;5411
MARCO_SARA-000932;CH5800761016013456789;2025-01-27;2025-01-27;27.60;CHF;DBIT;PMNT-CCRD-POSD;Kino Trafo;;;Einkauf Kino Trafo Zürich Karte xxxx 4821;
MARCO_SARA-000933;CH5800761016013456789;2025-01-27;2025-01-27;23.20;CHF;DBIT;PMNT-ICDT-ESCT;;;;TWINT *Sende an Tim Meier;
MARCO_SARA-000934;CH5800761016013456789;2025-01-27;2025-01-27;3267.33;CHF;CRDT;PMNT-RCDT-SALA;Kantonsspital Baden AG;CH9300762011623852222;;Lohnzahlung 01/2025 S. Keller;
MARCO_SARA-000935;CH5800761016013456789;2025-01-27;2025-01-27;7339.90;CHF;CRDT;PMNT-RCDT-SALA;ABB Schweiz AG;CH9300762011623852111;;Gutschrift Lohn Januar 2025;
MARCO_SARA-000936;CH5800761016013456789;2025-01-28;2025-01-28;1300.00;CHF;DBIT;PMNT-ICDT-STDO;Steueramt Baden;;;Dauerauftrag Steuern Rate;
MARCO_SARA-000937;CH5800761016013456789;2025-01-28;2025-01-28;5.00;CHF;DBIT;ACMT-MDOP-CHRG;;;;Preis für Kontoführung;
MARCO_SARA-000938;CH5800761016013456789;2025-02-03;2025-02-03;2450.00;CHF;DBIT;PMNT-ICDT-STDO;Wincasa AG;;;Dauerauftrag Miete 4.5 Zi Mellingerstrasse;
MARCO_SARA-000939;CH5800761016013456789;2025-02-03;2025-02-03;120.00;CHF;DBIT;PMNT-ICDT-STDO;Wincasa AG;;;Dauerauftrag Parkplatz Tiefgarage;
MARCO_SARA-000940;CH5800761016013456789;2025-02-03;2025-02-03;53.95;CHF;DBIT;PMNT-CCRD-POSD;Denner;;;Einkauf Denner Baden Karte xxxx 4821;5411
MARCO_SARA-000941;CH5800761016013456789;2025-02-03;2025-02-03;44.15;CHF;DBIT;PMNT-CCRD-POSD;Kino Trafo;;;Einkauf Kino Trafo Zürich Karte xxxx 4821;
MARCO_SARA-000942;CH5800761016013456789;2025-02-03;2025-02-03;34.85;CHF;DBIT;PMNT-ICDT-ESCT;;;;TWINT *Sende an Tim Meier;
MARCO_SARA-000943;CH5800761016013456789;2025-02-03;2025-02-03;18.65;CHF;DBIT;PMNT-CCRD-POSD;Amavita Apotheke;;;Einkauf Amavita Apotheke Baden Karte xxxx 4821;5912
MARCO_SARA-000944;CH5800761016013456789;2025-02-03;2025-02-03;16.90;CHF;DBIT;PMNT-CCRD-POSD;SBB Mobile;;;Einkauf SBB Mobile Zürich Karte xxxx 4821;4111
MARCO_SARA-000945;CH5800761016013456789;2025-02-04;2025-02-04;31.95;CHF;DBIT;PMNT-CCRD-POSD;H&M;;;Einkauf H&M Baden Karte xxxx 4821;5651
MARCO_SARA-000946;CH5800761016013456789;2025-02-05;2025-02-05;855.00;CHF;DBIT;PMNT-IDDT-ESDD;CSS Versicherung AG;;;LSV Prämie Grundversicherung Familie;
MARCO_SARA-000947;CH5800761016013456789;2025-02-06;2025-02-06;76.70;CHF;DBIT;PMNT-CCRD-POSD;Shell;;;Einkauf Shell Baden Karte xxxx 4821;5541
MARCO_SARA-000948;CH5800761016013456789;2025-02-07;2025-02-07;76.15;CHF;DBIT;PMNT-CCRD-POSD;Avia Tankstelle;;;Einkauf Avia Tankstelle Baden Karte xxxx 4821;5541
MARCO_SARA-000949;CH5800761016013456789;2025-02-07;2025-02-07;24.25;CHF;DBIT;PMNT-CCRD-POSD;Migros;;;Einkauf Migros Dättwil Karte xxxx 4821;5411
MARCO_SARA-000950;CH5800761016013456789;2025-02-10;2025-02-10;265.80;CHF;DBIT;PMNT-CCRD-POSD;Babywalz;;;Einkauf Babywalz Baden Karte xxxx 4821;5651
MARCO_SARA-000951;CH5800761016013456789;2025-02-10;2025-02-10;129.00;CHF;DBIT;PMNT-IDDT-ESDD;Swisscom (Schweiz) AG;;;LSV Swisscom blue Abo;
MARCO_SARA-000952;CH5800761016013456789;2025-02-10;2025-02-10;83.80;CHF;DBIT;PMNT-CCRD-POSD;Coop;;;Einkauf Coop Dättwil Karte xxxx 4821;5411
MARCO_SARA-000953;CH5800761016013456789;2025-02-10;2025-02-10;12.55;CHF;DBIT;PMNT-CCRD-POSD;SBB Mobile;;;Einkauf SBB Mobile Zürich Karte xxxx 4821;4111
MARCO_SARA-000954;CH5800761016013456789;2025-02-10;2025-02-10;200.00;CHF;CRDT;PMNT-RCDT-DMCT;Familienausgleichskasse Aargau;;;Gutschrift Kinderzulage;
MARCO_SARA-000955;CH5800761016013456789;2025-02-11;2025-02-11;94.60;CHF;DBIT;PMNT-CCRD-POSD;Galaxus;;;Einkauf Galaxus Baden Karte xxxx 4821;5651
MARCO_SARA-000956;CH5800761016013456789;2025-02-12;2025-02-12;1150.00;CHF;DBIT;PMNT-ICDT-DMCT;Kita Sonnenschein Baden;;;Zahlung Rechnung Kita Betreuung 02/2025;
MARCO_SARA-000957;CH5800761016013456789;2025-02-12;2025-02-12;113.85;CHF;DBIT;PMNT-CCRD-POSD;Decathlon;;;Einkauf Decathlon Baden Karte xxxx 4821;5651
MARCO_SARA-000958;CH5800761016013456789;2025-02-12;2025-02-12;20.90;CHF;DBIT;PMNT-CCRD-POSD;Netflix International B.V.;;;Einkauf NETFLIX.COM Karte xxxx 7310;4899
MARCO_SARA-000959;CH5800761016013456789;2025-02-13;2025-02-13;117.40;CHF;DBIT;PMNT-CCRD-POSD;Denner;;;Einkauf Denner Wettingen Karte xxxx 4821;5411
MARCO_SARA-000960;CH5800761016013456789;2025-02-13;2025-02-13;80.00;CHF;DBIT;PMNT-CCRD-CWDL;;;;Bargeldbezug Postomat Wettingen Karte xxxx 4821;6011
MARCO_SARA-000961;CH5800761016013456789;2025-02-14;2025-02-14;28.30;CHF;DBIT;PMNT-CCRD-POSD;Migros;;;Einkauf Migros Baden Karte xxxx 4821;5411
MARCO_SARA-000962;CH5800761016013456789;2025-02-17;2025-02-17;95.30;CHF;DBIT;PMNT-CCRD-POSD;Denner;;;Einkauf Denner Dättwil Karte xxxx 4821;5411
MARCO_SARA-000963;CH5800761016013456789;2025-02-17;2025-02-17;41.80;CHF;DBIT;PMNT-CCRD-POSD;Badi Baden;;;Einkauf Badi Baden Zürich Karte xxxx 4821;
MARCO_SARA-000964;CH5800761016013456789;2025-02-17;2025-02-17;27.35;CHF;DBIT;PMNT-CCRD-POSD;SBB Mobile;;;Einkauf SBB Mobile Zürich Karte xxxx 4821;4111
MARCO_SARA-000965;CH5800761016013456789;2025-02-18;2025-02-18;380.00;CHF;DBIT;PMNT-ICDT-DMCT;Strassenverkehrsamt Aargau;;;Zahlung Verkehrssteuer Skoda;
MARCO_SARA-000966;CH5800761016013456789;2025-02-19;2025-02-19;247.20;CHF;DBIT;PMNT-CCRD-POSD;Denner;;;Einkauf Denner Wettingen Karte xxxx 4821;5411
MARCO_SARA-000967;CH5800761016013456789;2025-02-19;2025-02-19;240.00;CHF;DBIT;PMNT-ICDT-DMCT;Strassenverkehrsamt Aargau;;;Zahlung Verkehrssteuer Clio;
MARCO_SARA-000968;CH5800761016013456789;2025-02-19;2025-02-19;184.60;CHF;DBIT;PMNT-CCRD-POSD;Denner;;;Einkauf Denner Baden Karte xxxx 4821;5411
MARCO_SARA-000969;CH5800761016013456789;2025-02-19;2025-02-19;36.10;CHF;CRDT;PMNT-RCDT-ESCT;;;;TWINT *Empfangen von Tim Meier;
MARCO_SARA-000970;CH5800761016013456789;2025-02-20;2025-02-20;63.50;CHF;DBIT;PMNT-CCRD-POSD;Restaurant Roter Turm;;;Einkauf Restaurant Roter Turm Baden Karte xxxx 4821;5812
MARCO_SARA-000971;CH5800761016013456789;2025-02-20;2025-02-20;55.95;CHF;DBIT;PMNT-ICDT-ESCT;;;;TWINT *Sende an Laura Frei;
MARCO_SARA-000972;CH5800761016013456789;2025-02-24;2025-02-24;80.00;CHF;DBIT;PMNT-CCRD-CWDL;;;;Bargeldbezug Postomat Wettingen Karte xxxx 4821;6011
MARCO_SARA-000973;CH5800761016013456789;2025-02-24;2025-02-24;78.05;CHF;DBIT;PMNT-CCRD-POSD;Coop Pronto Tankstelle;;;Einkauf Coop Pronto Tankstelle Baden Karte xxxx 4821;5541
MARCO_SARA-000974;CH5800761016013456789;2025-02-24;2025-02-24;65.95;CHF;DBIT;PMNT-ICDT-ESCT;;;;TWINT *Sende an Tim Meier;
MARCO_SARA-000975;CH5800761016013456789;2025-02-24;2025-02-24;60.75;CHF;DBIT;PMNT-CCRD-POSD;Lidl;;;Einkauf Lidl Baden Karte xxxx 4821;5411
MARCO_SARA-000976;CH5800761016013456789;2025-02-24;2025-02-24;49.75;CHF;DBIT;PMNT-IDDT-ESDD;Cornèrcard;;;Lastschrift Cornèrcard Monatsrechnung 01/2025;
MARCO_SARA-000977;CH5800761016013456789;2025-02-24;2025-02-24;20.30;CHF;DBIT;PMNT-CCRD-POSD;Migros;;;Einkauf Migros Dättwil Karte xxxx 4821;5411
MARCO_SARA-000978;CH5800761016013456789;2025-02-25;2025-02-25;134.00;CHF;DBIT;PMNT-CCRD-POSD;Manor;;;Einkauf Manor Spreitenbach Karte xxxx 4821;5651
MARCO_SARA-000979;CH5800761016013456789;2025-02-25;2025-02-25;7339.90;CHF;CRDT;PMNT-RCDT-SALA;ABB Schweiz AG;CH9300762011623852111;;Gutschrift Lohn Februar 2025;
MARCO_SARA-000980;CH3200761016019988776;2025-02-26;2025-02-26;1500.00;CHF;CRDT;PMNT-RCDT-BOOK;;CH5800761016013456789;;Übertrag Sparkonto Haus;
MARCO_SARA-000981;CH5800761016013456789;2025-02-26;2025-02-26;1500.00;CHF;DBIT;PMNT-ICDT-BOOK;;CH3200761016019988776;;Übertrag Sparkonto Haus;
MARCO_SARA-000982;CH5800761016013456789;2025-02-26;2025-02-26;59.75;CHF;DBIT;PMNT-CCRD-POSD;Denner;;;Einkauf Denner Dättwil Karte xxxx 4821;5411
MARCO_SARA-000983;CH5800761016013456789;2025-02-26;2025-02-26;32.05;CHF;DBIT;PMNT-CCRD-POSD;Aldi Suisse;;;Einkauf Aldi Suisse Wettingen Karte xxxx 4821;5411
MARCO_SARA-000984;CH5800761016013456789;2025-02-26;2025-02-26;23.90;CHF;DBIT;PMNT-CCRD-POSD;Lidl;;;Einkauf Lidl Wettingen Karte xxxx 4821;5411
MARCO_SARA-000985;CH5800761016013456789;2025-02-26;2025-02-26;20.75;CHF;DBIT;PMNT-CCRD-POSD;Coop;;;Einkauf Coop Wettingen Karte xxxx 4821;5411
MARCO_SARA-000986;CH5800761016013456789;2025-02-26;2025-02-26;17.55;CHF;DBIT;PMNT-CCRD-POSD;Kino Trafo;;;Einkauf Kino Trafo Zürich Karte xxxx 4821;
MARCO_SARA-000987;CH5800761016013456789;2025-02-26;2025-02-26;3267.33;CHF;CRDT;PMNT-RCDT-SALA;Kantonsspital Baden AG;CH9300762011623852222;;Lohnzahlung 02/2025 S. Keller;
MARCO_SARA-000988;CH5800761016013456789;2025-02-27;2025-02-27;605.00;CHF;DBIT;PMNT-ICDT-STDO;VIAC Vorsorgestiftung 3a;;;Dauerauftrag Säule 3a Einzahlung;
MARCO_SARA-000989;CH5800761016013456789;2025-02-27;2025-02-27;45.00;CHF;DBIT;PMNT-CCRD-POSD;Lidl;;;Einkauf Lidl Wettingen Karte xxxx 4821;5411
MARCO_SARA-000990;CH5800761016013456789;2025-02-27;2025-02-27;38.95;CHF;DBIT;PMNT-CCRD-POSD;Aldi Suisse;;;Einkauf Aldi Suisse Wettingen Karte xxxx 4821;5411
MARCO_SARA-000991;CH5800761016013456789;2025-02-28;2025-02-28;1300.00;CHF;DBIT;PMNT-ICDT-STDO;Steueramt Baden;;;Dauerauftrag Steuern Rate;
MARCO_SARA-000992;CH5800761016013456789;2025-02-28;2025-02-28;107.45;CHF;DBIT;PMNT-CCRD-POSD;Denner;;;Einkauf Denner Baden Karte xxxx 4821;5411
MARCO_SARA-000993;CH5800761016013456789;2025-02-28;2025-02-28;50.00;CHF;DBIT;PMNT-CCRD-POSD;Lidl;;;Einkauf Lidl Baden Karte xxxx 4821;5411
MARCO_SARA-000994;CH5800761016013456789;2025-02-28;2025-02-28;5.00;CHF;DBIT;ACMT-MDOP-CHRG;;;;Preis für Kontoführung;
MARCO_SARA-000995;CH5800761016013456789;2025-03-03;2025-03-03;2450.00;CHF;DBIT;PMNT-ICDT-STDO;Wincasa AG;;;Dauerauftrag Miete 4.5 Zi Mellingerstrasse;
MARCO_SARA-000996;CH5800761016013456789;2025-03-03;2025-03-03;120.00;CHF;DBIT;PMNT-ICDT-STDO;Wincasa AG;;;Dauerauftrag Parkplatz Tiefgarage;
MARCO_SARA-000997;CH5800761016013456789;2025-03-03;2025-03-03;88.00;CHF;DBIT;PMNT-CCRD-POSD;H&M;;;Einkauf H&M Spreitenbach Karte xxxx 4821;5651
MARCO_SARA-000998;CH5800761016013456789;2025-03-03;2025-03-03;72.05;CHF;DBIT;PMNT-CCRD-POSD;Lidl;;;Einkauf Lidl Dättwil Karte xxxx 4821;5411
MARCO_SARA-000999;CH5800761016013456789;2025-03-04;2025-03-04;231.85;CHF;DBIT;PMNT-CCRD-POSD;Lidl;;;Einkauf Lidl Dättwil Karte xxxx 4821;5411
MARCO_SARA-001000;CH5800761016013456789;2025-03-04;2025-03-04;13.05;CHF;DBIT;PMNT-CCRD-POSD;SBB Mobile;;;Einkauf SBB Mobile Zürich Karte xxxx 4821;4111
MARCO_SARA-001001;CH5800761016013456789;2025-03-05;2025-03-05;855.00;CHF;DBIT;PMNT-IDDT-ESDD;CSS Versicherung AG;;;LSV Prämie Grundversicherung Familie;
MARCO_SARA-001002;CH5800761016013456789;2025-03-06;2025-03-06;26.35;CHF;CRDT;PMNT-RCDT-ESCT;;;;TWINT *Empfangen von Laura Frei;
MARCO_SARA-001003;CH5800761016013456789;2025-03-07;2025-03-07;140.00;CHF;DBIT;PMNT-CCRD-CWDL;;;;Bargeldbezug Postomat Wettingen Karte xxxx 4821;6011
MARCO_SARA-001004;CH5800761016013456789;2025-03-07;2025-03-07;20.35;CHF;DBIT;PMNT-CCRD-POSD;Aldi Suisse;;;Einkauf Aldi Suisse Wettingen Karte xxxx 4821;5411
MARCO_SARA-001005;CH5800761016013456789;2025-03-10;2025-03-10;1150.00;CHF;DBIT;PMNT-ICDT-DMCT;Mobiliar Versicherungen;;;Zahlung Motorfahrzeugversicherung Skoda;
MARCO_SARA-001006;CH5800761016013456789;2025-03-10;2025-03-10;129.00;CHF;DBIT;PMNT-IDDT-ESDD;Swisscom (Schweiz) AG;;;LSV Swisscom blue Abo;
MARCO_SARA-001007;CH5800761016013456789;2025-03-10;2025-03-10;80.00;CHF;DBIT;PMNT-CCRD-CWDL;;;;Bargeldbezug Postomat Wettingen Karte xxxx 4821;6011
MARCO_SARA-001008;CH5800761016013456789;2025-03-10;2025-03-10;38.70;CHF;DBIT;PMNT-CCRD-POSD;Migros;;;Einkauf Migros Baden Karte xxxx 4821;5411
MARCO_SARA-001009;CH5800761016013456789;2025-03-10;2025-03-10;21.70;CHF;DBIT;PMNT-CCRD-POSD;Zoo Zürich;;;Einkauf Zoo Zürich Zürich Karte xxxx 4821;
MARCO_SARA-001010;CH5800761016013456789;2025-03-10;2025-03-10;16.65;CHF;DBIT;PMNT-CCRD-POSD;SBB Mobile;;;Einkauf SBB Mobile Zürich Karte xxxx 4821;4111
MARCO_SARA-001011;CH5800761016013456789;2025-03-10;2025-03-10;200.00;CHF;CRDT;PMNT-RCDT-DMCT;Familienausgleichskasse Aargau;;;Gutschrift Kinderzulage;
MARCO_SARA-001012;CH5800761016013456789;2025-03-11;2025-03-11;89.65;CHF;DBIT;PMNT-CCRD-POSD;McDonald's;;;Einkauf McDonald's Baden Karte xxxx 4821;5812
MARCO_SARA-001013;CH5800761016013456789;2025-03-11;2025-03-11;81.85;CHF;DBIT;PMNT-CCRD-POSD;Decathlon;;;Einkauf Decathlon Baden Karte xxxx 4821;5651
MARCO_SARA-001014;CH5800761016013456789;2025-03-12;2025-03-12;1150.00;CHF;DBIT;PMNT-ICDT-DMCT;Kita Sonnenschein Baden;;;Zahlung Rechnung Kita Betreuung 03/2025;
MARCO_SARA-001015;CH5800761016013456789;2025-03-12;2025-03-12;20.90;CHF;DBIT;PMNT-CCRD-POSD;Netflix International B.V.;;;Einkauf NETFLIX.COM Karte xxxx 7310;4899
MARCO_SARA-001016;CH5800761016013456789;2025-03-12;2025-03-12;11.80;CHF;DBIT;PMNT-CCRD-POSD;Kino Trafo;;;Einkauf Kino Trafo Zürich Karte xxxx 4821;
MARCO_SARA-001017;CH5800761016013456789;2025-03-13;2025-03-13;87.70;CHF;DBIT;PMNT-CCRD-POSD;Shell;;;Einkauf Shell Baden Karte xxxx 4821;5541
MARCO_SARA-001018;CH5800761016013456789;2025-03-13;2025-03-13;52.85;CHF;DBIT;PMNT-CCRD-POSD;Denner;;;Einkauf Denner Baden Karte xxxx 4821;5411
MARCO_SARA-001019;CH5800761016013456789;2025-03-14;2025-03-14;82.40;CHF;DBIT;PMNT-CCRD-POSD;Kinderarztpraxis Baden;;;Einkauf Kinderarztpraxis Baden Baden Karte xxxx 4821;5912
MARCO_SARA-001020;CH5800761016013456789;2025-03-14;2025-03-14;57.75;CHF;DBIT;PMNT-CCRD-POSD;Restaurant Roter Turm;;;Einkauf Restaurant Roter Turm Baden Karte xxxx 4821;5812
MARCO_SARA-001021;CH5800761016013456789;2025-03-14;2025-03-14;5.10;CHF;DBIT;PMNT-CCRD-POSD;SBB Mobile;;;Einkauf SBB Mobile Zürich Karte xxxx 4821;4111
MARCO_SARA-001022;CH5800761016013456789;2025-03-17;2025-03-17;200.00;CHF;DBIT;PMNT-CCRD-CWDL;;;;Bargeldbezug Bancomat Raiffeisen Baden Karte xxxx 4821;6011
MARCO_SARA-001023;CH5800761016013456789;2025-03-17;2025-03-17;139.15;CHF;DBIT;PMNT-CCRD-POSD;IKEA;;;Einkauf IKEA Baden Karte xxxx 4821;5651
MARCO_SARA-001024;CH5800761016013456789;2025-03-17;2025-03-17;70.15;CHF;DBIT;PMNT-CCRD-POSD;Denner;;;Einkauf Denner Baden Karte xxxx 4821;5411
MARCO_SARA-001025;CH5800761016013456789;2025-03-17;2025-03-17;67.40;CHF;DBIT;PMNT-CCRD-POSD;Lidl;;;Einkauf Lidl Baden Karte xxxx 4821;5411
MARCO_SARA-001026;CH5800761016013456789;2025-03-17;2025-03-17;67.40;CHF;DBIT;PMNT-CCRD-POSD;IKEA;;;Einkauf IKEA Spreitenbach Karte xxxx 4821;5651
MARCO_SARA-001027;CH5800761016013456789;2025-03-17;2025-03-17;60.35;CHF;DBIT;PMNT-CCRD-POSD;Decathlon;;;Einkauf Decathlon Spreitenbach Karte xxxx 4821;5651
MARCO_SARA-001028;CH5800761016013456789;2025-03-17;2025-03-17;49.00;CHF;DBIT;PMNT-CCRD-POSD;Babywalz;;;Einkauf Babywalz Spreitenbach Karte xxxx 4821;5651
MARCO_SARA-001029;CH5800761016013456789;2025-03-17;2025-03-17;41.90;CHF;DBIT;PMNT-CCRD-POSD;Denner;;;Einkauf Denner Baden Karte xxxx 4821;5411
MARCO_SARA-001030;CH5800761016013456789;2025-03-17;2025-03-17;30.60;CHF;DBIT;PMNT-CCRD-POSD;Coop;;;Einkauf Coop Wettingen Karte xxxx 4821;5411
MARCO_SARA-001031;CH5800761016013456789;2025-03-17;2025-03-17;29.50;CHF;DBIT;PMNT-CCRD-POSD;Denner;;;Einkauf Denner Baden Karte xxxx 4821;5411
MARCO_SARA-001032;CH5800761016013456789;2025-03-18;2025-03-18;55.40;CHF;DBIT;PMNT-CCRD-POSD;Manor;;;Einkauf Manor Baden Karte xxxx 4821;5651
MARCO_SARA-001033;CH5800761016013456789;2025-03-19;2025-03-19;169.00;CHF;DBIT;PMNT-CCRD-POSD;Lidl;;;Einkauf Lidl Wettingen Karte xxxx 4821;5411
MARCO_SARA-001034;CH5800761016013456789;2025-03-20;2025-03-20;78.95;CHF;DBIT;PMNT-CCRD-POSD;Denner;;;Einkauf Denner Dättwil Karte xxxx 4821;5411
MARCO_SARA-001035;CH5800761016013456789;2025-03-20;2025-03-20;67.85;CHF;DBIT;PMNT-CCRD-POSD;Migros;;;Einkauf Migros Dättwil Karte xxxx 4821;5411
MARCO_SARA-001036;CH5800761016013456789;2025-03-24;2025-03-24;147.40;CHF;DBIT;PMNT-IDDT-ESDD;Cornèrcard;;;Lastschrift Cornèrcard Monatsrechnung 02/2025;
MARCO_SARA-001037;CH5800761016013456789;2025-03-24;2025-03-24;118.30;CHF;DBIT;PMNT-CCRD-POSD;Avia Tankstelle;;;Einkauf Avia Tankstelle Baden Karte xxxx 4821;5541
MARCO_SARA-001038;CH5800761016013456789;2025-03-25;2025-03-25;62.80;CHF;DBIT;PMNT-CCRD-POSD;Denner;;;Einkauf Denner Dättwil Karte xxxx 4821;5411
MARCO_SARA-001039;CH5800761016013456789;2025-03-25;2025-03-25;7339.90;CHF;CRDT;PMNT-RCDT-SALA;ABB Schweiz AG;CH9300762011623852111;;Gutschrift Lohn März 2025;
MARCO_SARA-001040;CH3200761016019988776;2025-03-26;2025-03-26;1500.00;CHF;CRDT;PMNT-RCDT-BOOK;;CH5800761016013456789;;Übertrag Sparkonto Haus;
MARCO_SARA-001041;CH5800761016013456789;2025-03-26;2025-03-26;1500.00;CHF;DBIT;PMNT-ICDT-BOOK;;CH3200761016019988776;;Übertrag Sparkonto Haus;
MARCO_SARA-001042;CH5800761016013456789;2025-03-26;2025-03-26;3267.33;CHF;CRDT;PMNT-RCDT-SALA;Kantonsspital Baden AG;CH9300762011623852222;;Lohnzahlung 03/2025 S. Keller;
MARCO_SARA-001043;CH5800761016013456789;2025-03-27;2025-03-27;605.00;CHF;DBIT;PMNT-ICDT-STDO;VIAC Vorsorgestiftung 3a;;;Dauerauftrag Säule 3a Einzahlung;
MARCO_SARA-001044;CH5800761016013456789;2025-03-27;2025-03-27;26.85;CHF;DBIT;PMNT-CCRD-POSD;Lidl;;;Einkauf Lidl Wettingen Karte xxxx 4821;5411
MARCO_SARA-001045;CH5800761016013456789;2025-03-28;2025-03-28;1300.00;CHF;DBIT;PMNT-ICDT-STDO;Steueramt Baden;;;Dauerauftrag Steuern Rate;
MARCO_SARA-001046;CH5800761016013456789;2025-03-28;2025-03-28;75.10;CHF;DBIT;PMNT-CCRD-POSD;Migros;;;Einkauf Migros Dättwil Karte xxxx 4821;5411
MARCO_SARA-001047;CH5800761016013456789;2025-03-28;2025-03-28;5.00;CHF;DBIT;ACMT-MDOP-CHRG;;;;Preis für Kontoführung;
MARCO_SARA-001048;CH5800761016013456789;2025-04-01;2025-04-01;2450.00;CHF;DBIT;PMNT-ICDT-STDO;Wincasa AG;;;Dauerauftrag Miete 4.5 Zi Mellingerstrasse;
MARCO_SARA-001049;CH5800761016013456789;2025-04-01;2025-04-01;120.00;CHF;DBIT;PMNT-ICDT-STDO;Wincasa AG;;;Dauerauftrag Parkplatz Tiefgarage;
MARCO_SARA-001050;CH5800761016013456789;2025-04-01;2025-04-01;61.15;CHF;DBIT;PMNT-CCRD-POSD;Lidl;;;Einkauf Lidl Dättwil Karte xxxx 4821;5411
MARCO_SARA-001051;CH5800761016013456789;2025-04-01;2025-04-01;28.15;CHF;DBIT;PMNT-CCRD-POSD;Pizzeria Da Mario;;;Einkauf Pizzeria Da Mario Baden Karte xxxx 4821;5812
MARCO_SARA-001052;CH5800761016013456789;2025-04-02;2025-04-02;115.40;CHF;DBIT;PMNT-CCRD-POSD;Coop;;;Einkauf Coop Wettingen Karte xxxx 4821;5411
MARCO_SARA-001053;CH5800761016013456789;2025-04-03;2025-04-03;191.20;CHF;DBIT;PMNT-CCRD-POSD;Lidl;;;Einkauf Lidl Baden Karte xxxx 4821;5411
MARCO_SARA-001054;CH5800761016013456789;2025-04-07;2025-04-07;855.00;CHF;DBIT;PMNT-IDDT-ESDD;CSS Versicherung AG;;;LSV Prämie Grundversicherung Familie;
MARCO_SARA-001055;CH5800761016013456789;2025-04-07;2025-04-07;59.75;CHF;DBIT;PMNT-CCRD-POSD;Migrol Tankstelle;;;Einkauf Migrol Tankstelle Baden Karte xxxx 4821;5541
MARCO_SARA-001056;CH5800761016013456789;2025-04-07;2025-04-07;53.80;CHF;DBIT;PMNT-CCRD-POSD;Migros;;;Einkauf Migros Dättwil Karte xxxx 4821;5411
MARCO_SARA-001057;CH5800761016013456789;2025-04-08;2025-04-08;129.00;CHF;DBIT;PMNT-IDDT-ESDD;Swisscom (Schweiz) AG;;;LSV Swisscom blue Abo;
MARCO_SARA-001058;CH5800761016013456789;2025-04-09;2025-04-09;107.05;CHF;DBIT;PMNT-CCRD-POSD;Aldi Suisse;;;Einkauf Aldi Suisse Wettingen Karte xxxx 4821;5411
MARCO_SARA-001059;CH5800761016013456789;2025-04-10;2025-04-10;138.00;CHF;DBIT;PMNT-CCRD-POSD;Migros;;;Einkauf Migros Wettingen Karte xxxx 4821;5411
MARCO_SARA-001060;CH5800761016013456789;2025-04-10;2025-04-10;49.55;CHF;DBIT;PMNT-CCRD-POSD;Denner;;;Einkauf Denner Wettingen Karte xxxx 4821;5411
MARCO_SARA-001061;CH5800761016013456789;2025-04-10;2025-04-10;24.05;CHF;CRDT;PMNT-RCDT-ESCT;;;;TWINT *Empfangen von Laura Frei;
MARCO_SARA-001062;CH5800761016013456789;2025-04-10;2025-04-10;200.00;CHF;CRDT;PMNT-RCDT-DMCT;Familienausgleichskasse Aargau;;;Gutschrift Kinderzulage;
MARCO_SARA-001063;CH5800761016013456789;2025-04-14;2025-04-14;1150.00;CHF;DBIT;PMNT-ICDT-DMCT;Kita Sonnenschein Baden;;;Zahlung Rechnung Kita Betreuung 04/2025;
MARCO_SARA-001064;CH5800761016013456789;2025-04-14;2025-04-14;335.00;CHF;DBIT;PMNT-ICDT-DMCT;Serafe AG;;;Zahlung Radio- und Fernsehabgabe 2025;
MARCO_SARA-001065;CH5800761016013456789;2025-04-14;2025-04-14;56.35;CHF;DBIT;PMNT-CCRD-POSD;Amavita Apotheke;;;Einkauf Amavita Apotheke Baden Karte xxxx 4821;5912
MARCO_SARA-001066;CH5800761016013456789;2025-04-14;2025-04-14;45.90;CHF;DBIT;PMNT-CCRD-POSD;Lidl;;;Einkauf Lidl Baden Karte xxxx 4821;5411
MARCO_SARA-001067;CH5800761016013456789;2025-04-14;2025-04-14;36.05;CHF;DBIT;PMNT-CCRD-POSD;Migros;;;Einkauf Migros Wettingen Karte xxxx 4821;5411
MARCO_SARA-001068;CH5800761016013456789;2025-04-14;2025-04-14;20.90;CHF;DBIT;PMNT-CCRD-POSD;Netflix International B.V.;;;Einkauf NETFLIX.COM Karte xxxx 7310;4899
MARCO_SARA-001069;CH5800761016013456789;2025-04-15;2025-04-15;920.10;CHF;DBIT;PMNT-ICDT-DMCT;Garage Baden AG;;;Zahlung Rechnung Service;
MARCO_SARA-001070;CH5800761016013456789;2025-04-16;2025-04-16;51.45;CHF;DBIT;PMNT-CCRD-POSD;Coop;;;Einkauf Coop Dättwil Karte xxxx 4821;5411
MARCO_SARA-001071;CH5800761016013456789;2025-04-18;2025-04-18;35.85;CHF;DBIT;PMNT-CCRD-POSD;Restaurant Roter Turm;;;Einkauf Restaurant Roter Turm Baden Karte xxxx 4821;5812
MARCO_SARA-001072;CH5800761016013456789;2025-04-21;2025-04-21;203.05;CHF;DBIT;PMNT-IDDT-ESDD;Regionalwerke AG Baden;;;LSV Stromrechnung;
MARCO_SARA-001073;CH5800761016013456789;2025-04-21;2025-04-21;80.00;CHF;DBIT;PMNT-CCRD-POSD;Shell;;;Einkauf Shell Baden Karte xxxx 4821;5541
MARCO_SARA-001074;CH5800761016013456789;2025-04-21;2025-04-21;73.65;CHF;DBIT;PMNT-CCRD-POSD;Denner;;;Einkauf Denner Baden Karte xxxx 4821;5411
MARCO_SARA-001075;CH5800761016013456789;2025-04-21;2025-04-21;44.45;CHF;DBIT;PMNT-CCRD-POSD;Lidl;;;Einkauf Lidl Dättwil Karte xxxx 4821;5411
MARCO_SARA-001076;CH5800761016013456789;2025-04-22;2025-04-22;385.65;CHF;DBIT;PMNT-IDDT-ESDD;Cornèrcard;;;Lastschrift Cornèrcard Monatsrechnung 03/2025;
MARCO_SARA-001077;CH5800761016013456789;2025-04-22;2025-04-22;160.00;CHF;DBIT;PMNT-CCRD-CWDL;;;;Bargeldbezug Bancomat Raiffeisen Baden Karte xxxx 4821;6011
MARCO_SARA-001078;CH5800761016013456789;2025-04-23;2025-04-23;74.95;CHF;DBIT;PMNT-CCRD-POSD;Shell;;;Einkauf Shell Baden Karte xxxx 4821;5541
MARCO_SARA-001079;CH5800761016013456789;2025-04-23;2025-04-23;63.40;CHF;DBIT;PMNT-CCRD-POSD;Babywalz;;;Einkauf Babywalz Baden Karte xxxx 4821;5651
MARCO_SARA-001080;CH5800761016013456789;2025-04-25;2025-04-25;244.75;CHF;DBIT;PMNT-CCRD-POSD;Migros;;;Einkauf Migros Dättwil Karte xxxx 4821;5411
MARCO_SARA-001081;CH5800761016013456789;2025-04-25;2025-04-25;7339.90;CHF;CRDT;PMNT-RCDT-SALA;ABB Schweiz AG;CH9300762011623852111;;Gutschrift Lohn April 2025;
MARCO_SARA-001082;CH3200761016019988776;2025-04-28;2025-04-28;1500.00;CHF;CRDT;PMNT-RCDT-BOOK;;CH5800761016013456789;;Übertrag Sparkonto Haus;
MARCO_SARA-001083;CH5800761016013456789;2025-04-28;2025-04-28;1500.00;CHF;DBIT;PMNT-ICDT-BOOK;;CH3200761016019988776;;Übertrag Sparkonto Haus;
MARCO_SARA-001084;CH5800761016013456789;2025-04-28;2025-04-28;1300.00;CHF;DBIT;PMNT-ICDT-STDO;Steueramt Baden;;;Dauerauftrag Steuern Rate;
MARCO_SARA-001085;CH5800761016013456789;2025-04-28;2025-04-28;605.00;CHF;DBIT;PMNT-ICDT-STDO;VIAC Vorsorgestiftung 3a;;;Dauerauftrag Säule 3a Einzahlung;
MARCO_SARA-001086;CH5800761016013456789;2025-04-28;2025-04-28;5.00;CHF;DBIT;ACMT-MDOP-CHRG;;;;Preis für Kontoführung;
MARCO_SARA-001087;CH5800761016013456789;2025-04-28;2025-04-28;3267.33;CHF;CRDT;PMNT-RCDT-SALA;Kantonsspital Baden AG;CH9300762011623852222;;Lohnzahlung 04/2025 S. Keller;
MARCO_SARA-001088;CH5800761016013456789;2025-05-01;2025-05-01;2450.00;CHF;DBIT;PMNT-ICDT-STDO;Wincasa AG;;;Dauerauftrag Miete 4.5 Zi Mellingerstrasse;
MARCO_SARA-001089;CH5800761016013456789;2025-05-01;2025-05-01;120.00;CHF;DBIT;PMNT-ICDT-STDO;Wincasa AG;;;Dauerauftrag Parkplatz Tiefgarage;
MARCO_SARA-001090;CH5800761016013456789;2025-05-02;2025-05-02;220.00;CHF;DBIT;PMNT-CCRD-CWDL;;;;Bargeldbezug Postomat Wettingen Karte xxxx 4821;6011
MARCO_SARA-001091;CH5800761016013456789;2025-05-02;2025-05-02;120.00;CHF;DBIT;PMNT-CCRD-CWDL;;;;Bargeldbezug Bancomat Raiffeisen Baden Karte xxxx 4821;6011
MARCO_SARA-001092;CH5800761016013456789;2025-05-02;2025-05-02;99.55;CHF;DBIT;PMNT-CCRD-POSD;Coop Pronto Tankstelle;;;Einkauf Coop Pronto Tankstelle Baden Karte xxxx 4821;5541
MARCO_SARA-001093;CH5800761016013456789;2025-05-02;2025-05-02;61.30;CHF;DBIT;PMNT-CCRD-POSD;Zoo Zürich;;;Einkauf Zoo Zürich Zürich Karte xxxx 4821;
MARCO_SARA-001094;CH5800761016013456789;2025-05-02;2025-05-02;26.65;CHF;DBIT;PMNT-CCRD-POSD;Restaurant Roter Turm;;;Einkauf Restaurant Roter Turm Baden Karte xxxx 4821;5812
MARCO_SARA-001095;CH5800761016013456789;2025-05-05;2025-05-05;855.00;CHF;DBIT;PMNT-IDDT-ESDD;CSS Versicherung AG;;;LSV Prämie Grundversicherung Familie;
MARCO_SARA-001096;CH5800761016013456789;2025-05-05;2025-05-05;106.85;CHF;DBIT;PMNT-ICDT-DMCT;Hausarztpraxis Baden;;Honorarrechnung;Zahlung Rechnung Hausarztpraxis Baden;
MARCO_SARA-001097;CH5800761016013456789;2025-05-05;2025-05-05;89.25;CHF;DBIT;PMNT-CCRD-POSD;Aldi Suisse;;;Einkauf Aldi Suisse Dättwil Karte xxxx 4821;5411
MARCO_SARA-001098;CH5800761016013456789;2025-05-05;2025-05-05;46.50;CHF;DBIT;PMNT-CCRD-POSD;Restaurant Roter Turm;;;Einkauf Restaurant Roter Turm Baden Karte xxxx 4821;5812
MARCO_SARA-001099;CH5800761016013456789;2025-05-06;2025-05-06;78.05;CHF;DBIT;PMNT-CCRD-POSD;Shell;;;Einkauf Shell Baden Karte xxxx 4821;5541
MARCO_SARA-001100;CH5800761016013456789;2025-05-08;2025-05-08;129.00;CHF;DBIT;PMNT-IDDT-ESDD;Swisscom (Schweiz) AG;;;LSV Swisscom blue Abo;
MARCO_SARA-001101;CH5800761016013456789;2025-05-08;2025-05-08;66.05;CHF;DBIT;PMNT-CCRD-POSD;Shell;;;Einkauf Shell Baden Karte xxxx 4821;5541
MARCO_SARA-001102;CH5800761016013456789;2025-05-09;2025-05-09;77.55;CHF;DBIT;PMNT-CCRD-POSD;McDonald's;;;Einkauf McDonald's Baden Karte xxxx 4821;5812
MARCO_SARA-001103;CH5800761016013456789;2025-05-09;2025-05-09;75.55;CHF;DBIT;PMNT-CCRD-POSD;Babywalz;;;Einkauf Babywalz Spreitenbach Karte xxxx 4821;5651
MARCO_SARA-001104;CH5800761016013456789;2025-05-09;2025-05-09;82.70;CHF;CRDT;PMNT-RCDT-ESCT;;;;TWINT *Empfangen von Laura Frei;
MARCO_SARA-001105;CH5800761016013456789;2025-05-12;2025-05-12;1150.00;CHF;DBIT;PMNT-ICDT-DMCT;Kita Sonnenschein Baden;;;Zahlung Rechnung Kita Betreuung 05/2025;
MARCO_SARA-001106;CH5800761016013456789;2025-05-12;2025-05-12;150.80;CHF;DBIT;PMNT-CCRD-POSD;Lidl;;;Einkauf Lidl Baden Karte xxxx 4821;5411
MARCO_SARA-001107;CH5800761016013456789;2025-05-12;2025-05-12;100.90;CHF;DBIT;PMNT-CCRD-POSD;McDonald's;;;Einkauf McDonald's Baden Karte xxxx 4821;5812
MARCO_SARA-001108;CH5800761016013456789;2025-05-12;2025-05-12;88.40;CHF;DBIT;PMNT-CCRD-POSD;Denner;;;Einkauf Denner Wettingen Karte xxxx 4821;5411
MARCO_SARA-001109;CH5800761016013456789;2025-05-12;2025-05-12;50.95;CHF;DBIT;PMNT-ICDT-ESCT;;;;TWINT *Sende an Nonna Keller;
MARCO_SARA-001110;CH5800761016013456789;2025-05-12;2025-05-12;44.80;CHF;DBIT;PMNT-CCRD-POSD;Denner;;;Einkauf Denner Baden Karte xxxx 4821;5411
MARCO_SARA-001111;CH5800761016013456789;2025-05-12;2025-05-12;20.90;CHF;DBIT;PMNT-CCRD-POSD;Netflix International B.V.;;;Einkauf NETFLIX.COM Karte xxxx 7310;4899
MARCO_SARA-001112;CH5800761016013456789;2025-05-12;2025-05-12;200.00;CHF;CRDT;PMNT-RCDT-DMCT;Familienausgleichskasse Aargau;;;Gutschrift Kinderzulage;
MARCO_SARA-001113;CH5800761016013456789;2025-05-13;2025-05-13;72.10;CHF;DBIT;PMNT-CCRD-POSD;Decathlon;;;Einkauf Decathlon Baden Karte xxxx 4821;5651
MARCO_SARA-001114;CH5800761016013456789;2025-05-13;2025-05-13;69.20;CHF;DBIT;PMNT-CCRD-POSD;Migros;;;Einkauf Migros Baden Karte xxxx 4821;5411
MARCO_SARA-001115;CH5800761016013456789;2025-05-13;2025-05-13;24.40;CHF;DBIT;PMNT-ICDT-ESCT;;;;TWINT *Sende an Tim Meier;
MARCO_SARA-001116;CH5800761016013456789;2025-05-14;2025-05-14;114.10;CHF;DBIT;PMNT-CCRD-POSD;Denner;;;Einkauf Denner Wettingen Karte xxxx 4821;5411
MARCO_SARA-001117;CH5800761016013456789;2025-05-14;2025-05-14;83.80;CHF;DBIT;PMNT-CCRD-POSD;Coop Pronto Tankstelle;;;Einkauf Coop Pronto Tankstelle Baden Karte xxxx 4821;5541
MARCO_SARA-001118;CH5800761016013456789;2025-05-14;2025-05-14;56.90;CHF;DBIT;PMNT-ICDT-ESCT;;;;TWINT *Sende an Tim Meier;
MARCO_SARA-001119;CH5800761016013456789;2025-05-15;2025-05-15;120.00;CHF;DBIT;PMNT-CCRD-CWDL;;;;Bargeldbezug Bancomat Raiffeisen Baden Karte xxxx 4821;6011
MARCO_SARA-001120;CH5800761016013456789;2025-05-15;2025-05-15;57.75;CHF;DBIT;PMNT-ICDT-ESCT;;;;TWINT *Sende an Laura Frei;
MARCO_SARA-001121;CH5800761016013456789;2025-05-15;2025-05-15;56.85;CHF;DBIT;PMNT-CCRD-POSD;Migrol Tankstelle;;;Einkauf Migrol Tankstelle Baden Karte xxxx 4821;5541
MARCO_SARA-001122;CH5800761016013456789;2025-05-19;2025-05-19;123.80;CHF;DBIT;PMNT-CCRD-POSD;Amavita Apotheke;;;Einkauf Amavita Apotheke Baden Karte xxxx 4821;5912
MARCO_SARA-001123;CH5800761016013456789;2025-05-19;2025-05-19;85.35;CHF;DBIT;PMNT-CCRD-POSD;Aldi Suisse;;;Einkauf Aldi Suisse Dättwil Karte xxxx 4821;5411
MARCO_SARA-001124;CH5800761016013456789;2025-05-19;2025-05-19;55.50;CHF;DBIT;PMNT-CCRD-POSD;Manor;;;Einkauf Manor Spreitenbach Karte xxxx 4821;5651
MARCO_SARA-001125;CH5800761016013456789;2025-05-19;2025-05-19;38.70;CHF;DBIT;PMNT-CCRD-POSD;Manor;;;Einkauf Manor Baden Karte xxxx 4821;5651
MARCO_SARA-001126;CH5800761016013456789;2025-05-19;2025-05-19;36.05;CHF;DBIT;PMNT-CCRD-POSD;Kino Trafo;;;Einkauf Kino Trafo Zürich Karte xxxx 4821;
MARCO_SARA-001127;CH5800761016013456789;2025-05-19;2025-05-19;30.80;CHF;DBIT;PMNT-CCRD-POSD;Migros;;;Einkauf Migros Wettingen Karte xxxx 4821;5411
MARCO_SARA-001128;CH5800761016013456789;2025-05-21;2025-05-21;93.40;CHF;DBIT;PMNT-CCRD-POSD;Coop;;;Einkauf Coop Wettingen Karte xxxx 4821;5411
MARCO_SARA-001129;CH5800761016013456789;2025-05-22;2025-05-22;76.60;CHF;DBIT;PMNT-CCRD-POSD;Coop Pronto Tankstelle;;;Einkauf Coop Pronto Tankstelle Baden Karte xxxx 4821;5541
MARCO_SARA-001130;CH5800761016013456789;2025-05-22;2025-05-22;60.85;CHF;DBIT;PMNT-IDDT-ESDD;Cornèrcard;;;Lastschrift Cornèrcard Monatsrechnung 04/2025;
MARCO_SARA-001131;CH5800761016013456789;2025-05-23;2025-05-23;49.10;CHF;DBIT;PMNT-CCRD-POSD;Coop Pronto Tankstelle;;;Einkauf Coop Pronto Tankstelle Baden Karte xxxx 4821;5541
MARCO_SARA-001132;CH5800761016013456789;2025-05-23;2025-05-23;35.00;CHF;DBIT;PMNT-ICDT-ESCT;;;;TWINT *Sende an Tim Meier;
MARCO_SARA-001133;CH3200761016019988776;2025-05-26;2025-05-26;1500.00;CHF;CRDT;PMNT-RCDT-BOOK;;CH5800761016013456789;;Übertrag Sparkonto Haus;
MARCO_SARA-001134;CH5800761016013456789;2025-05-26;2025-05-26;1500.00;CHF;DBIT;PMNT-ICDT-BOOK;;CH3200761016019988776;;Übertrag Sparkonto Haus;
MARCO_SARA-001135;CH5800761016013456789;2025-05-26;2025-05-26;105.35;CHF;DBIT;PMNT-CCRD-POSD;Migrol Tankstelle;;;Einkauf Migrol Tankstelle Baden Karte xxxx 4821;5541
MARCO_SARA-001136;CH5800761016013456789;2025-05-26;2025-05-26;94.50;CHF;DBIT;PMNT-CCRD-POSD;Migrol Tankstelle;;;Einkauf Migrol Tankstelle Baden Karte xxxx 4821;5541
MARCO_SARA-001137;CH5800761016013456789;2025-05-26;2025-05-26;34.75;CHF;DBIT;PMNT-CCRD-POSD;Kinderarztpraxis Baden;;;Einkauf Kinderarztpraxis Baden Baden Karte xxxx 4821;5912
MARCO_SARA-001138;CH5800761016013456789;2025-05-26;2025-05-26;12.40;CHF;DBIT;PMNT-CCRD-POSD;SBB Mobile;;;Einkauf SBB Mobile Zürich Karte xxxx 4821;4111
MARCO_SARA-001139;CH5800761016013456789;2025-05-26;2025-05-26;3267.33;CHF;CRDT;PMNT-RCDT-SALA;Kantonsspital Baden AG;CH9300762011623852222;;Lohnzahlung 05/2025 S. Keller;
MARCO_SARA-001140;CH5800761016013456789;2025-05-26;2025-05-26;7339.90;CHF;CRDT;PMNT-RCDT-SALA;ABB Schweiz AG;CH9300762011623852111;;Gutschrift Lohn Mai 2025;
MARCO_SARA-001141;CH5800761016013456789;2025-05-27;2025-05-27;605.00;CHF;DBIT;PMNT-ICDT-STDO;VIAC Vorsorgestiftung 3a;;;Dauerauftrag Säule 3a Einzahlung;
MARCO_SARA-001142;CH5800761016013456789;2025-05-27;2025-05-27;87.80;CHF;DBIT;PMNT-CCRD-POSD;IKEA;;;Einkauf IKEA Baden Karte xxxx 4821;5651
MARCO_SARA-001143;CH5800761016013456789;2025-05-28;2025-05-28;1300.00;CHF;DBIT;PMNT-ICDT-STDO;Steueramt Baden;;;Dauerauftrag Steuern Rate;
MARCO_SARA-001144;CH5800761016013456789;2025-05-28;2025-05-28;77.35;CHF;DBIT;PMNT-CCRD-POSD;Denner;;;Einkauf Denner Baden Karte xxxx 4821;5411
MARCO_SARA-001145;CH5800761016013456789;2025-05-28;2025-05-28;5.00;CHF;DBIT;ACMT-MDOP-CHRG;;;;Preis für Kontoführung;
MARCO_SARA-001146;CH5800761016013456789;2025-06-02;2025-06-02;2450.00;CHF;DBIT;PMNT-ICDT-STDO;Wincasa AG;;;Dauerauftrag Miete 4.5 Zi Mellingerstrasse;
MARCO_SARA-001147;CH5800761016013456789;2025-06-02;2025-06-02;163.80;CHF;DBIT;PMNT-CCRD-POSD;Decathlon;;;Einkauf Decathlon Baden Karte xxxx 4821;5651
MARCO_SARA-001148;CH5800761016013456789;2025-06-02;2025-06-02;120.00;CHF;DBIT;PMNT-ICDT-STDO;Wincasa AG;;;Dauerauftrag Parkplatz Tiefgarage;
MARCO_SARA-001149;CH5800761016013456789;2025-06-02;2025-06-02;75.40;CHF;DBIT;PMNT-CCRD-POSD;Lidl;;;Einkauf Lidl Wettingen Karte xxxx 4821;5411
MARCO_SARA-001150;CH5800761016013456789;2025-06-02;2025-06-02;71.70;CHF;DBIT;PMNT-CCRD-POSD;Kinderarztpraxis Baden;;;Einkauf Kinderarztpraxis Baden Baden Karte xxxx 4821;5912
MARCO_SARA-001151;CH5800761016013456789;2025-06-02;2025-06-02;48.05;CHF;DBIT;PMNT-CCRD-POSD;Pizzeria Da Mario;;;Einkauf Pizzeria Da Mario Baden Karte xxxx 4821;5812
MARCO_SARA-001152;CH5800761016013456789;2025-06-02;2025-06-02;25.80;CHF;DBIT;PMNT-CCRD-POSD;Lidl;;;Einkauf Lidl Wettingen Karte xxxx 4821;5411
MARCO_SARA-001153;CH5800761016013456789;2025-06-02;2025-06-02;22.30;CHF;DBIT;PMNT-CCRD-POSD;Coop;;;Einkauf Coop Dättwil Karte xxxx 4821;5411
MARCO_SARA-001154;CH5800761016013456789;2025-06-03;2025-06-03;80.00;CHF;DBIT;PMNT-CCRD-CWDL;;;;Bargeldbezug Bancomat Raiffeisen Baden Karte xxxx 4821;6011
MARCO_SARA-001155;CH5800761016013456789;2025-06-04;2025-06-04;140.00;CHF;DBIT;PMNT-CCRD-CWDL;;;;Bargeldbezug Postomat Wettingen Karte xxxx 4821;6011
MARCO_SARA-001156;CH5800761016013456789;2025-06-04;2025-06-04;63.60;CHF;DBIT;PMNT-CCRD-POSD;Coop;;;Einkauf Coop Wettingen Karte xxxx 4821;5411
MARCO_SARA-001157;CH5800761016013456789;2025-06-04;2025-06-04;30.20;CHF;DBIT;PMNT-CCRD-POSD;Aldi Suisse;;;Einkauf Aldi Suisse Baden Karte xxxx 4821;5411
MARCO_SARA-001158;CH5800761016013456789;2025-06-05;2025-06-05;855.00;CHF;DBIT;PMNT-IDDT-ESDD;CSS Versicherung AG;;;LSV Prämie Grundversicherung Familie;
MARCO_SARA-001159;CH5800761016013456789;2025-06-06;2025-06-06;75.00;CHF;DBIT;PMNT-CCRD-POSD;Aldi Suisse;;;Einkauf Aldi Suisse Wettingen Karte xxxx 4821;5411
MARCO_SARA-001160;CH5800761016013456789;2025-06-09;2025-06-09;129.00;CHF;DBIT;PMNT-IDDT-ESDD;Swisscom (Schweiz) AG;;;LSV Swisscom blue Abo;
MARCO_SARA-001161;CH5800761016013456789;2025-06-09;2025-06-09;86.55;CHF;DBIT;PMNT-CCRD-POSD;Aldi Suisse;;;Einkauf Aldi Suisse Dättwil Karte xxxx 4821;5411
MARCO_SARA-001162;CH5800761016013456789;2025-06-09;2025-06-09;69.30;CHF;DBIT;PMNT-CCRD-POSD;Decathlon;;;Einkauf Decathlon Spreitenbach Karte xxxx 4821;5651
MARCO_SARA-001163;CH5800761016013456789;2025-06-10;2025-06-10;200.00;CHF;CRDT;PMNT-RCDT-DMCT;Familienausgleichskasse Aargau;;;Gutschrift Kinderzulage;
MARCO_SARA-001164;CH5800761016013456789;2025-06-11;2025-06-11;63.50;CHF;DBIT;PMNT-CCRD-POSD;Migros;;;Einkauf Migros Baden Karte xxxx 4821;5411
MARCO_SARA-001165;CH5800761016013456789;2025-06-12;2025-06-12;1150.00;CHF;DBIT;PMNT-ICDT-DMCT;Kita Sonnenschein Baden;;;Zahlung Rechnung Kita Betreuung 06/2025;
MARCO_SARA-001166;CH5800761016013456789;2025-06-12;2025-06-12;63.75;CHF;DBIT;PMNT-CCRD-POSD;Migrol Tankstelle;;;Einkauf Migrol Tankstelle Baden Karte xxxx 4821;5541
MARCO_SARA-001167;CH5800761016013456789;2025-06-12;2025-06-12;20.90;CHF;DBIT;PMNT-CCRD-POSD;Netflix International B.V.;;;Einkauf NETFLIX.COM Karte xxxx 7310;4899
MARCO_SARA-001168;CH5800761016013456789;2025-06-13;2025-06-13;115.85;CHF;DBIT;PMNT-CCRD-POSD;Coop;;;Einkauf Coop Dättwil Karte xxxx 4821;5411
MARCO_SARA-001169;CH5800761016013456789;2025-06-16;2025-06-16;60.15;CHF;DBIT;PMNT-CCRD-POSD;Galaxus;;;Einkauf Galaxus Baden Karte xxxx 4821;5651
MARCO_SARA-001170;CH5800761016013456789;2025-06-17;2025-06-17;77.30;CHF;DBIT;PMNT-CCRD-POSD;H&M;;;Einkauf H&M Baden Karte xxxx 4821;5651
MARCO_SARA-001171;CH5800761016013456789;2025-06-20;2025-06-20;79.55;CHF;DBIT;PMNT-CCRD-POSD;Migrol Tankstelle;;;Einkauf Migrol Tankstelle Baden Karte xxxx 4821;5541
MARCO_SARA-001172;CH5800761016013456789;2025-06-20;2025-06-20;55.70;CHF;DBIT;PMNT-CCRD-POSD;Migros;;;Einkauf Migros Wettingen Karte xxxx 4821;5411
MARCO_SARA-001173;CH5800761016013456789;2025-06-23;2025-06-23;72.70;CHF;DBIT;PMNT-CCRD-POSD;Migrol Tankstelle;;;Einkauf Migrol Tankstelle Baden Karte xxxx 4821;5541
MARCO_SARA-001174;CH5800761016013456789;2025-06-23;2025-06-23;72.20;CHF;DBIT;PMNT-CCRD-POSD;Lidl;;;Einkauf Lidl Baden Karte xxxx 4821;5411
MARCO_SARA-001175;CH5800761016013456789;2025-06-23;2025-06-23;66.25;CHF;DBIT;PMNT-CCRD-POSD;Lidl;;;Einkauf Lidl Wettingen Karte xxxx 4821;5411
MARCO_SARA-001176;CH5800761016013456789;2025-06-23;2025-06-23;61.15;CHF;DBIT;PMNT-CCRD-POSD;Shell;;;Einkauf Shell Baden Karte xxxx 4821;5541
MARCO_SARA-001177;CH5800761016013456789;2025-06-23;2025-06-23;36.55;CHF;DBIT;PMNT-CCRD-POSD;Kinderarztpraxis Baden;;;Einkauf Kinderarztpraxis Baden Baden Karte xxxx 4821;5912
MARCO_SARA-001178;CH5800761016013456789;2025-06-23;2025-06-23;18.80;CHF;DBIT;PMNT-IDDT-ESDD;Cornèrcard;;;Lastschrift Cornèrcard Monatsrechnung 05/2025;
MARCO_SARA-001179;CH5800761016013456789;2025-06-23;2025-06-23;11.75;CHF;DBIT;PMNT-CCRD-POSD;Lidl;;;Einkauf Lidl Baden Karte xxxx 4821;5411
MARCO_SARA-001180;CH5800761016013456789;2025-06-24;2025-06-24;82.90;CHF;DBIT;PMNT-CCRD-POSD;Galaxus;;;Einkauf Galaxus Baden Karte xxxx 4821;5651
MARCO_SARA-001181;CH5800761016013456789;2025-06-25;2025-06-25;105.05;CHF;DBIT;PMNT-CCRD-POSD;Denner;;;Einkauf Denner Wettingen Karte xxxx 4821;5411
MARCO_SARA-001182;CH5800761016013456789;2025-06-25;2025-06-25;102.15;CHF;DBIT;PMNT-CCRD-POSD;Lidl;;;Einkauf Lidl Dättwil Karte xxxx 4821;5411
MARCO_SARA-001183;CH5800761016013456789;2025-06-25;2025-06-25;9.30;CHF;DBIT;PMNT-CCRD-POSD;SBB Mobile;;;Einkauf SBB Mobile Zürich Karte xxxx 4821;4111
MARCO_SARA-001184;CH5800761016013456789;2025-06-25;2025-06-25;7339.90;CHF;CRDT;PMNT-RCDT-SALA;ABB Schweiz AG;CH9300762011623852111;;Gutschrift Lohn Juni 2025;
MARCO_SARA-001185;CH3200761016019988776;2025-06-26;2025-06-26;1500.00;CHF;CRDT;PMNT-RCDT-BOOK;;CH5800761016013456789;;Übertrag Sparkonto Haus;
MARCO_SARA-001186;CH5800761016013456789;2025-06-26;2025-06-26;1500.00;CHF;DBIT;PMNT-ICDT-BOOK;;CH3200761016019988776;;Übertrag Sparkonto Haus;
MARCO_SARA-001187;CH5800761016013456789;2025-06-26;2025-06-26;132.55;CHF;DBIT;PMNT-CCRD-POSD;Migros;;;Einkauf Migros Wettingen Karte xxxx 4821;5411
MARCO_SARA-001188;CH5800761016013456789;2025-06-26;2025-06-26;53.30;CHF;DBIT;PMNT-ICDT-ESCT;;;;TWINT *Sende an Laura Frei;
MARCO_SARA-001189;CH5800761016013456789;2025-06-26;2025-06-26;3267.33;CHF;CRDT;PMNT-RCDT-SALA;Kantonsspital Baden AG;CH9300762011623852222;;Lohnzahlung 06/2025 S. Keller;
MARCO_SARA-001190;CH5800761016013456789;2025-06-27;2025-06-27;605.00;CHF;DBIT;PMNT-ICDT-STDO;VIAC Vorsorgestiftung 3a;;;Dauerauftrag Säule 3a Einzahlung;
MARCO_SARA-001191;CH5800761016013456789;2025-06-27;2025-06-27;80.00;CHF;DBIT;PMNT-CCRD-CWDL;;;;Bargeldbezug Bancomat Raiffeisen Baden Karte xxxx 4821;6011
MARCO_SARA-001192;CH5800761016013456789;2025-06-30;2025-06-30;1300.00;CHF;DBIT;PMNT-ICDT-STDO;Steueramt Baden;;;Dauerauftrag Steuern Rate;
MARCO_SARA-001193;CH5800761016013456789;2025-06-30;2025-06-30;5.00;CHF;DBIT;ACMT-MDOP-CHRG;;;;Preis für Kontoführung;
MARCO_SARA-001194;CH5800761016013456789;2025-07-01;2025-07-01;2450.00;CHF;DBIT;PMNT-ICDT-STDO;Wincasa AG;;;Dauerauftrag Miete 4.5 Zi Mellingerstrasse;
MARCO_SARA-001195;CH5800761016013456789;2025-07-01;2025-07-01;120.00;CHF;DBIT;PMNT-ICDT-STDO;Wincasa AG;;;Dauerauftrag Parkplatz Tiefgarage;
MARCO_SARA-001196;CH5800761016013456789;2025-07-01;2025-07-01;77.90;CHF;DBIT;PMNT-CCRD-POSD;Shell;;;Einkauf Shell Baden Karte xxxx 4821;5541
MARCO_SARA-001197;CH5800761016013456789;2025-07-02;2025-07-02;114.15;CHF;DBIT;PMNT-CCRD-POSD;Coop;;;Einkauf Coop Baden Karte xxxx 4821;5411
MARCO_SARA-001198;CH5800761016013456789;2025-07-03;2025-07-03;100.00;CHF;DBIT;PMNT-CCRD-CWDL;;;;Bargeldbezug Postomat Wettingen Karte xxxx 4821;6011
MARCO_SARA-001199;CH5800761016013456789;2025-07-03;2025-07-03;55.30;CHF;DBIT;PMNT-CCRD-POSD;IKEA;;;Einkauf IKEA Baden Karte xxxx 4821;5651
MARCO_SARA-001200;CH5800761016013456789;2025-07-03;2025-07-03;40.10;CHF;DBIT;PMNT-CCRD-POSD;Aldi Suisse;;;Einkauf Aldi Suisse Baden Karte xxxx 4821;5411
MARCO_SARA-001201;CH5800761016013456789;2025-07-03;2025-07-03;34.75;CHF;DBIT;PMNT-CCRD-POSD;Denner;;;Einkauf Denner Dättwil Karte xxxx 4821;5411
MARCO_SARA-001202;CH5800761016013456789;2025-07-04;2025-07-04;29.40;CHF;DBIT;PMNT-CCRD-POSD;SBB Mobile;;;Einkauf SBB Mobile Zürich Karte xxxx 4821;4111
MARCO_SARA-001203;CH5800761016013456789;2025-07-07;2025-07-07;855.00;CHF;DBIT;PMNT-IDDT-ESDD;CSS Versicherung AG;;;LSV Prämie Grundversicherung Familie;
MARCO_SARA-001204;CH5800761016013456789;2025-07-07;2025-07-07;110.20;CHF;DBIT;PMNT-CCRD-POSD;Coop;;;Einkauf Coop Wettingen Karte xxxx 4821;5411
MARCO_SARA-001205;CH5800761016013456789;2025-07-07;2025-07-07;70.85;CHF;DBIT;PMNT-CCRD-POSD;Shell;;;Einkauf Shell Baden Karte xxxx 4821;5541
MARCO_SARA-001206;CH5800761016013456789;2025-07-07;2025-07-07;46.55;CHF;DBIT;PMNT-CCRD-POSD;Lidl;;;Einkauf Lidl Wettingen Karte xxxx 4821;5411
MARCO_SARA-001207;CH5800761016013456789;2025-07-07;2025-07-07;39.05;CHF;DBIT;PMNT-CCRD-POSD;McDonald's;;;Einkauf McDonald's Baden Karte xxxx 4821;5812
MARCO_SARA-001208;CH5800761016013456789;2025-07-07;2025-07-07;39.05;CHF;DBIT;PMNT-CCRD-POSD;McDonald's;;;Einkauf McDonald's Baden Karte xxxx 4821;5812
MARCO_SARA-001209;CH5800761016013456789;2025-07-07;2025-07-07;21.80;CHF;DBIT;PMNT-CCRD-POSD;Coop;;;Einkauf Coop Baden Karte xxxx 4821;5411
MARCO_SARA-001210;CH5800761016013456789;2025-07-08;2025-07-08;129.00;CHF;DBIT;PMNT-IDDT-ESDD;Swisscom (Schweiz) AG;;;LSV Swisscom blue Abo;
MARCO_SARA-001211;CH5800761016013456789;2025-07-08;2025-07-08;80.70;CHF;DBIT;PMNT-CCRD-POSD;Coop Pronto Tankstelle;;;Einkauf Coop Pronto Tankstelle Baden Karte xxxx 4821;5541
MARCO_SARA-001212;CH5800761016013456789;2025-07-09;2025-07-09;144.55;CHF;DBIT;PMNT-CCRD-POSD;Decathlon;;;Einkauf Decathlon Baden Karte xxxx 4821;5651
MARCO_SARA-001213;CH5800761016013456789;2025-07-09;2025-07-09;92.55;CHF;DBIT;PMNT-CCRD-POSD;Coop;;;Einkauf Coop Wettingen Karte xxxx 4821;5411
MARCO_SARA-001214;CH5800761016013456789;2025-07-10;2025-07-10;126.75;CHF;DBIT;PMNT-ICDT-DMCT;Zahnarztpraxis Dr. Huber;;Honorarrechnung;Zahlung Rechnung Zahnarztpraxis Dr. Huber;
MARCO_SARA-001215;CH5800761016013456789;2025-07-10;2025-07-10;24.05;CHF;CRDT;PMNT-RCDT-ESCT;;;;TWINT *Empfangen von Laura Frei;
MARCO_SARA-001216;CH5800761016013456789;2025-07-10;2025-07-10;200.00;CHF;CRDT;PMNT-RCDT-DMCT;Familienausgleichskasse Aargau;;;Gutschrift Kinderzulage;
MARCO_SARA-001217;CH5800761016013456789;2025-07-11;2025-07-11;46.30;CHF;DBIT;PMNT-ICDT-ESCT;;;;TWINT *Sende an Laura Frei;
MARCO_SARA-001218;CH5800761016013456789;2025-07-14;2025-07-14;1150.00;CHF;DBIT;PMNT-ICDT-DMCT;Kita Sonnenschein Baden;;;Zahlung Rechnung Kita Betreuung 07/2025;
MARCO_SARA-001219;CH5800761016013456789;2025-07-14;2025-07-14;94.45;CHF;DBIT;PMNT-CCRD-POSD;Coop;;;Einkauf Coop Baden Karte xxxx 4821;5411
MARCO_SARA-001220;CH5800761016013456789;2025-07-14;2025-07-14;46.05;CHF;DBIT;PMNT-CCRD-POSD;Galaxus;;;Einkauf Galaxus Baden Karte xxxx 4821;5651
MARCO_SARA-001221;CH5800761016013456789;2025-07-14;2025-07-14;22.45;CHF;DBIT;PMNT-ICDT-ESCT;;;;TWINT *Sende an Laura Frei;
MARCO_SARA-001222;CH5800761016013456789;2025-07-14;2025-07-14;20.90;CHF;DBIT;PMNT-CCRD-POSD;Netflix International B.V.;;;Einkauf NETFLIX.COM Karte xxxx 7310;4899
MARCO_SARA-001223;CH5800761016013456789;2025-07-15;2025-07-15;40.45;CHF;CRDT;PMNT-RCDT-ESCT;;;;TWINT *Empfangen von Nonna Keller;
MARCO_SARA-001224;CH5800761016013456789;2025-07-17;2025-07-17;78.00;CHF;DBIT;PMNT-CCRD-POSD;Denner;;;Einkauf Denner Wettingen Karte xxxx 4821;5411
MARCO_SARA-001225;CH5800761016013456789;2025-07-17;2025-07-17;21.50;CHF;DBIT;PMNT-CCRD-POSD;Coop;;;Einkauf Coop Dättwil Karte xxxx 4821;5411
MARCO_SARA-001226;CH5800761016013456789;2025-07-18;2025-07-18;149.60;CHF;DBIT;PMNT-CCRD-POSD;Denner;;;Einkauf Denner Dättwil Karte xxxx 4821;5411
MARCO_SARA-001227;CH5800761016013456789;2025-07-18;2025-07-18;51.65;CHF;DBIT;PMNT-CCRD-POSD;Migrol Tankstelle;;;Einkauf Migrol Tankstelle Baden Karte xxxx 4821;5541
MARCO_SARA-001228;CH5800761016013456789;2025-07-18;2025-07-18;29.90;CHF;CRDT;PMNT-RCDT-ESCT;;;;TWINT *Empfangen von Tim Meier;
MARCO_SARA-001229;CH5800761016013456789;2025-07-21;2025-07-21;186.60;CHF;DBIT;PMNT-IDDT-ESDD;Regionalwerke AG Baden;;;LSV Stromrechnung;
MARCO_SARA-001230;CH5800761016013456789;2025-07-21;2025-07-21;160.00;CHF;DBIT;PMNT-CCRD-CWDL;;;;Bargeldbezug Bancomat Raiffeisen Baden Karte xxxx 4821;6011
MARCO_SARA-001231;CH5800761016013456789;2025-07-21;2025-07-21;16.65;CHF;DBIT;PMNT-ICDT-ESCT;;;;TWINT *Sende an Tim Meier;
MARCO_SARA-001232;CH5800761016013456789;2025-07-22;2025-07-22;303.15;CHF;DBIT;PMNT-IDDT-ESDD;Cornèrcard;;;Lastschrift Cornèrcard Monatsrechnung 06/2025;
MARCO_SARA-001233;CH5800761016013456789;2025-07-22;2025-07-22;98.90;CHF;DBIT;PMNT-CCRD-POSD;Pizzeria Da Mario;;;Einkauf Pizzeria Da Mario Baden Karte xxxx 4821;5812
MARCO_SARA-001234;CH5800761016013456789;2025-07-22;2025-07-22;36.85;CHF;DBIT;PMNT-CCRD-POSD;Lidl;;;Einkauf Lidl Dättwil Karte xxxx 4821;5411
MARCO_SARA-001235;CH5800761016013456789;2025-07-22;2025-07-22;29.50;CHF;DBIT;PMNT-CCRD-POSD;SBB Mobile;;;Einkauf SBB Mobile Zürich Karte xxxx 4821;4111
MARCO_SARA-001236;CH5800761016013456789;2025-07-23;2025-07-23;68.60;CHF;DBIT;PMNT-CCRD-POSD;Pizzeria Da Mario;;;Einkauf Pizzeria Da Mario Baden Karte xxxx 4821;5812
MARCO_SARA-001237;CH5800761016013456789;2025-07-23;2025-07-23;37.20;CHF;DBIT;PMNT-CCRD-POSD;Restaurant Roter Turm;;;Einkauf Restaurant Roter Turm Baden Karte xxxx 4821;5812
MARCO_SARA-001238;CH5800761016013456789;2025-07-24;2025-07-24;48.45;CHF;DBIT;PMNT-CCRD-POSD;Migros;;;Einkauf Migros Dättwil Karte xxxx 4821;5411
MARCO_SARA-001239;CH5800761016013456789;2025-07-25;2025-07-25;100.65;CHF;DBIT;PMNT-CCRD-POSD;Coop Pronto Tankstelle;;;Einkauf Coop Pronto Tankstelle Baden Karte xxxx 4821;5541
MARCO_SARA-001240;CH5800761016013456789;2025-07-25;2025-07-25;23.80;CHF;DBIT;PMNT-CCRD-POSD;Migros;;;Einkauf Migros Dättwil Karte xxxx 4821;5411
MARCO_SARA-001241;CH5800761016013456789;2025-07-25;2025-07-25;7339.90;CHF;CRDT;PMNT-RCDT-SALA;ABB Schweiz AG;CH9300762011623852111;;Gutschrift Lohn Juli 2025;
MARCO_SARA-001242;CH3200761016019988776;2025-07-28;2025-07-28;1500.00;CHF;CRDT;PMNT-RCDT-BOOK;;CH5800761016013456789;;Übertrag Sparkonto Haus;
MARCO_SARA-001243;CH5800761016013456789;2025-07-28;2025-07-28;1500.00;CHF;DBIT;PMNT-ICDT-BOOK;;CH3200761016019988776;;Übertrag Sparkonto Haus;
MARCO_SARA-001244;CH5800761016013456789;2025-07-28;2025-07-28;1300.00;CHF;DBIT;PMNT-ICDT-STDO;Steueramt Baden;;;Dauerauftrag Steuern Rate;
MARCO_SARA-001245;CH5800761016013456789;2025-07-28;2025-07-28;605.00;CHF;DBIT;PMNT-ICDT-STDO;VIAC Vorsorgestiftung 3a;;;Dauerauftrag Säule 3a Einzahlung;
MARCO_SARA-001246;CH5800761016013456789;2025-07-28;2025-07-28;224.85;CHF;DBIT;PMNT-CCRD-POSD;Lidl;;;Einkauf Lidl Wettingen Karte xxxx 4821;5411
MARCO_SARA-001247;CH5800761016013456789;2025-07-28;2025-07-28;114.50;CHF;DBIT;PMNT-CCRD-POSD;Coop;;;Einkauf Coop Wettingen Karte xxxx 4821;5411
MARCO_SARA-001248;CH5800761016013456789;2025-07-28;2025-07-28;66.05;CHF;DBIT;PMNT-CCRD-POSD;Denner;;;Einkauf Denner Dättwil Karte xxxx 4821;5411
MARCO_SARA-001249;CH5800761016013456789;2025-07-28;2025-07-28;35.15;CHF;DBIT;PMNT-CCRD-POSD;Zoo Zürich;;;Einkauf Zoo Zürich Zürich Karte xxxx 4821;
MARCO_SARA-001250;CH5800761016013456789;2025-07-28;2025-07-28;21.70;CHF;DBIT;PMNT-CCRD-POSD;SBB Mobile;;;Einkauf SBB Mobile Zürich Karte xxxx 4821;4111
MARCO_SARA-001251;CH5800761016013456789;2025-07-28;2025-07-28;5.00;CHF;DBIT;ACMT-MDOP-CHRG;;;;Preis für Kontoführung;
MARCO_SARA-001252;CH5800761016013456789;2025-07-28;2025-07-28;3267.33;CHF;CRDT;PMNT-RCDT-SALA;Kantonsspital Baden AG;CH9300762011623852222;;Lohnzahlung 07/2025 S. Keller;
MARCO_SARA-001253;CH5800761016013456789;2025-08-01;2025-08-01;2450.00;CHF;DBIT;PMNT-ICDT-STDO;Wincasa AG;;;Dauerauftrag Miete 4.5 Zi Mellingerstrasse;
MARCO_SARA-001254;CH5800761016013456789;2025-08-01;2025-08-01;120.00;CHF;DBIT;PMNT-ICDT-STDO;Wincasa AG;;;Dauerauftrag Parkplatz Tiefgarage;
MARCO_SARA-001255;CH5800761016013456789;2025-08-04;2025-08-04;271.00;CHF;DBIT;PMNT-CCRD-POSD;Migros;;;Einkauf Migros Baden Karte xxxx 4821;5411
MARCO_SARA-001256;CH5800761016013456789;2025-08-04;2025-08-04;119.80;CHF;DBIT;PMNT-CCRD-POSD;Migros;;;Einkauf Migros Baden Karte xxxx 4821;5411
MARCO_SARA-001257;CH5800761016013456789;2025-08-04;2025-08-04;86.40;CHF;DBIT;PMNT-CCRD-POSD;Migros;;;Einkauf Migros Wettingen Karte xxxx 4821;5411
MARCO_SARA-001258;CH5800761016013456789;2025-08-05;2025-08-05;855.00;CHF;DBIT;PMNT-IDDT-ESDD;CSS Versicherung AG;;;LSV Prämie Grundversicherung Familie;
MARCO_SARA-001259;CH5800761016013456789;2025-08-05;2025-08-05;62.95;CHF;DBIT;PMNT-CCRD-POSD;Manor;;;Einkauf Manor Spreitenbach Karte xxxx 4821;5651
MARCO_SARA-001260;CH5800761016013456789;2025-08-07;2025-08-07;54.20;CHF;DBIT;PMNT-CCRD-POSD;Coop;;;Einkauf Coop Wettingen Karte xxxx 4821;5411
MARCO_SARA-001261;CH5800761016013456789;2025-08-07;2025-08-07;52.05;CHF;DBIT;PMNT-CCRD-POSD;Pizzeria Da Mario;;;Einkauf Pizzeria Da Mario Baden Karte xxxx 4821;5812
MARCO_SARA-001262;CH5800761016013456789;2025-08-08;2025-08-08;129.00;CHF;DBIT;PMNT-IDDT-ESDD;Swisscom (Schweiz) AG;;;LSV Swisscom blue Abo;
MARCO_SARA-001263;CH5800761016013456789;2025-08-08;2025-08-08;49.65;CHF;DBIT;PMNT-CCRD-POSD;Lidl;;;Einkauf Lidl Baden Karte xxxx 4821;5411
MARCO_SARA-001264;CH5800761016013456789;2025-08-11;2025-08-11;65.05;CHF;DBIT;PMNT-CCRD-POSD;Pizzeria Da Mario;;;Einkauf Pizzeria Da Mario Baden Karte xxxx 4821;5812
MARCO_SARA-001265;CH5800761016013456789;2025-08-11;2025-08-11;64.60;CHF;DBIT;PMNT-CCRD-POSD;Migrol Tankstelle;;;Einkauf Migrol Tankstelle Baden Karte xxxx 4821;5541
MARCO_SARA-001266;CH5800761016013456789;2025-08-11;2025-08-11;63.85;CHF;DBIT;PMNT-CCRD-POSD;Shell;;;Einkauf Shell Baden Karte xxxx 4821;5541
MARCO_SARA-001267;CH5800761016013456789;2025-08-11;2025-08-11;31.75;CHF;DBIT;PMNT-CCRD-POSD;Kinderarztpraxis Baden;;;Einkauf Kinderarztpraxis Baden Baden Karte xxxx 4821;5912
MARCO_SARA-001268;CH5800761016013456789;2025-08-11;2025-08-11;25.10;CHF;DBIT;PMNT-CCRD-POSD;Restaurant Roter Turm;;;Einkauf Restaurant Roter Turm Baden Karte xxxx 4821;5812
MARCO_SARA-001269;CH5800761016013456789;2025-08-11;2025-08-11;200.00;CHF;CRDT;PMNT-RCDT-DMCT;Familienausgleichskasse Aargau;;;Gutschrift Kinderzulage;
MARCO_SARA-001270;CH5800761016013456789;2025-08-12;2025-08-12;1150.00;CHF;DBIT;PMNT-ICDT-DMCT;Kita Sonnenschein Baden;;;Zahlung Rechnung Kita Betreuung 08/2025;
MARCO_SARA-001271;CH5800761016013456789;2025-08-12;2025-08-12;83.20;CHF;DBIT;PMNT-CCRD-POSD;Denner;;;Einkauf Denner Baden Karte xxxx 4821;5411
MARCO_SARA-001272;CH5800761016013456789;2025-08-12;2025-08-12;20.90;CHF;DBIT;PMNT-CCRD-POSD;Netflix International B.V.;;;Einkauf NETFLIX.COM Karte xxxx 7310;4899
MARCO_SARA-001273;CH5800761016013456789;2025-08-12;2025-08-12;17.95;CHF;DBIT;PMNT-CCRD-POSD;Kinderarztpraxis Baden;;;Einkauf Kinderarztpraxis Baden Baden Karte xxxx 4821;5912
MARCO_SARA-001274;CH5800761016013456789;2025-08-13;2025-08-13;140.00;CHF;DBIT;PMNT-CCRD-CWDL;;;;Bargeldbezug Bancomat Raiffeisen Baden Karte xxxx 4821;6011
MARCO_SARA-001275;CH5800761016013456789;2025-08-14;2025-08-14;412.90;CHF;DBIT;PMNT-CCRD-POSD;IKEA;;;Einkauf IKEA Baden Karte xxxx 4821;5651
MARCO_SARA-001276;CH5800761016013456789;2025-08-14;2025-08-14;78.60;CHF;DBIT;PMNT-CCRD-POSD;Shell;;;Einkauf Shell Baden Karte xxxx 4821;5541
MARCO_SARA-001277;CH5800761016013456789;2025-08-14;2025-08-14;66.70;CHF;DBIT;PMNT-CCRD-POSD;Avia Tankstelle;;;Einkauf Avia Tankstelle Baden Karte xxxx 4821;5541
MARCO_SARA-001278;CH5800761016013456789;2025-08-15;2025-08-15;51.90;CHF;DBIT;PMNT-CCRD-POSD;Migros;;;Einkauf Migros Baden Karte xxxx 4821;5411
MARCO_SARA-001279;CH5800761016013456789;2025-08-18;2025-08-18;53.50;CHF;DBIT;PMNT-CCRD-POSD;Migros;;;Einkauf Migros Baden Karte xxxx 4821;5411
MARCO_SARA-001280;CH5800761016013456789;2025-08-18;2025-08-18;34.80;CHF;DBIT;PMNT-CCRD-POSD;Migros;;;Einkauf Migros Wettingen Karte xxxx 4821;5411
MARCO_SARA-001281;CH5800761016013456789;2025-08-19;2025-08-19;46.95;CHF;DBIT;PMNT-CCRD-POSD;Denner;;;Einkauf Denner Baden Karte xxxx 4821;5411
MARCO_SARA-001282;CH5800761016013456789;2025-08-20;2025-08-20;45.30;CHF;DBIT;PMNT-CCRD-POSD;Kinderarztpraxis Baden;;;Einkauf Kinderarztpraxis Baden Baden Karte xxxx 4821;5912
MARCO_SARA-001283;CH5800761016013456789;2025-08-21;2025-08-21;241.80;CHF;DBIT;PMNT-CCRD-POSD;Babywalz;;;Einkauf Babywalz Baden Karte xxxx 4821;5651
MARCO_SARA-001284;CH5800761016013456789;2025-08-21;2025-08-21;75.95;CHF;DBIT;PMNT-CCRD-POSD;Coop;;;Einkauf Coop Baden Karte xxxx 4821;5411
MARCO_SARA-001285;CH5800761016013456789;2025-08-22;2025-08-22;3265.30;CHF;DBIT;PMNT-IDDT-ESDD;Cornèrcard;;;Lastschrift Cornèrcard Monatsrechnung 07/2025;
MARCO_SARA-001286;CH5800761016013456789;2025-08-25;2025-08-25;74.30;CHF;DBIT;PMNT-CCRD-POSD;Shell;;;Einkauf Shell Baden Karte xxxx 4821;5541
MARCO_SARA-001287;CH5800761016013456789;2025-08-25;2025-08-25;72.65;CHF;DBIT;PMNT-CCRD-POSD;Migros;;;Einkauf Migros Dättwil Karte xxxx 4821;5411
MARCO_SARA-001288;CH5800761016013456789;2025-08-25;2025-08-25;57.30;CHF;DBIT;PMNT-CCRD-POSD;Aldi Suisse;;;Einkauf Aldi Suisse Wettingen Karte xxxx 4821;5411
MARCO_SARA-001289;CH5800761016013456789;2025-08-25;2025-08-25;53.45;CHF;DBIT;PMNT-ICDT-ESCT;;;;TWINT *Sende an Tim Meier;
MARCO_SARA-001290;CH5800761016013456789;2025-08-25;2025-08-25;44.90;CHF;DBIT;PMNT-CCRD-POSD;Lidl;;;Einkauf Lidl Baden Karte xxxx 4821;5411
MARCO_SARA-001291;CH5800761016013456789;2025-08-25;2025-08-25;41.80;CHF;DBIT;PMNT-CCRD-POSD;Restaurant Roter Turm;;;Einkauf Restaurant Roter Turm Baden Karte xxxx 4821;5812
MARCO_SARA-001292;CH5800761016013456789;2025-08-25;2025-08-25;25.50;CHF;DBIT;PMNT-CCRD-POSD;Aldi Suisse;;;Einkauf Aldi Suisse Wettingen Karte xxxx 4821;5411
MARCO_SARA-001293;CH5800761016013456789;2025-08-25;2025-08-25;66.60;CHF;CRDT;PMNT-RCDT-ESCT;;;;TWINT *Empfangen von Nonna Keller;
MARCO_SARA-001294;CH5800761016013456789;2025-08-25;2025-08-25;7339.90;CHF;CRDT;PMNT-RCDT-SALA;ABB Schweiz AG;CH9300762011623852111;;Gutschrift Lohn August 2025;
MARCO_SARA-001295;CH3200761016019988776;2025-08-26;2025-08-26;1500.00;CHF;CRDT;PMNT-RCDT-BOOK;;CH5800761016013456789;;Übertrag Sparkonto Haus;
MARCO_SARA-001296;CH5800761016013456789;2025-08-26;2025-08-26;1500.00;CHF;DBIT;PMNT-ICDT-BOOK;;CH3200761016019988776;;Übertrag Sparkonto Haus;
MARCO_SARA-001297;CH5800761016013456789;2025-08-26;2025-08-26;91.80;CHF;DBIT;PMNT-CCRD-POSD;Aldi Suisse;;;Einkauf Aldi Suisse Baden Karte xxxx 4821;5411
MARCO_SARA-001298;CH5800761016013456789;2025-08-26;2025-08-26;3267.33;CHF;CRDT;PMNT-RCDT-SALA;Kantonsspital Baden AG;CH9300762011623852222;;Lohnzahlung 08/2025 S. Keller;
MARCO_SARA-001299;CH5800761016013456789;2025-08-27;2025-08-27;605.00;CHF;DBIT;PMNT-ICDT-STDO;VIAC Vorsorgestiftung 3a;;;Dauerauftrag Säule 3a Einzahlung;
MARCO_SARA-001300;CH5800761016013456789;2025-08-27;2025-08-27;76.45;CHF;DBIT;PMNT-CCRD-POSD;Manor;;;Einkauf Manor Spreitenbach Karte xxxx 4821;5651
MARCO_SARA-001301;CH5800761016013456789;2025-08-27;2025-08-27;35.10;CHF;DBIT;PMNT-CCRD-POSD;Migros;;;Einkauf Migros Wettingen Karte xxxx 4821;5411
MARCO_SARA-001302;CH5800761016013456789;2025-08-27;2025-08-27;29.60;CHF;DBIT;PMNT-CCRD-POSD;Denner;;;Einkauf Denner Baden Karte xxxx 4821;5411
MARCO_SARA-001303;CH5800761016013456789;2025-08-27;2025-08-27;28.75;CHF;DBIT;PMNT-CCRD-POSD;Denner;;;Einkauf Denner Dättwil Karte xxxx 4821;5411
MARCO_SARA-001304;CH5800761016013456789;2025-08-28;2025-08-28;1300.00;CHF;DBIT;PMNT-ICDT-STDO;Steueramt Baden;;;Dauerauftrag Steuern Rate;
MARCO_SARA-001305;CH5800761016013456789;2025-08-28;2025-08-28;5.00;CHF;DBIT;ACMT-MDOP-CHRG;;;;Preis für Kontoführung;
MARCO_SARA-001306;CH5800761016013456789;2025-09-01;2025-09-01;2450.00;CHF;DBIT;PMNT-ICDT-STDO;Wincasa AG;;;Dauerauftrag Miete 4.5 Zi Mellingerstrasse;
MARCO_SARA-001307;CH5800761016013456789;2025-09-01;2025-09-01;120.00;CHF;DBIT;PMNT-ICDT-STDO;Wincasa AG;;;Dauerauftrag Parkplatz Tiefgarage;
MARCO_SARA-001308;CH5800761016013456789;2025-09-01;2025-09-01;39.60;CHF;DBIT;PMNT-ICDT-ESCT;;;;TWINT *Sende an Tim Meier;
MARCO_SARA-001309;CH5800761016013456789;2025-09-04;2025-09-04;104.00;CHF;DBIT;PMNT-CCRD-POSD;Lidl;;;Einkauf Lidl Wettingen Karte xxxx 4821;5411
MARCO_SARA-001310;CH5800761016013456789;2025-09-04;2025-09-04;91.40;CHF;DBIT;PMNT-CCRD-POSD;Lidl;;;Einkauf Lidl Baden Karte xxxx 4821;5411
MARCO_SARA-001311;CH5800761016013456789;2025-09-05;2025-09-05;855.00;CHF;DBIT;PMNT-IDDT-ESDD;CSS Versicherung AG;;;LSV Prämie Grundversicherung Familie;
MARCO_SARA-001312;CH5800761016013456789;2025-09-05;2025-09-05;88.85;CHF;DBIT;PMNT-CCRD-POSD;Shell;;;Einkauf Shell Baden Karte xxxx 4821;5541
MARCO_SARA-001313;CH5800761016013456789;2025-09-05;2025-09-05;46.00;CHF;DBIT;PMNT-ICDT-ESCT;;;;TWINT *Sende an Laura Frei;
MARCO_SARA-001314;CH5800761016013456789;2025-09-08;2025-09-08;129.00;CHF;DBIT;PMNT-IDDT-ESDD;Swisscom (Schweiz) AG;;;LSV Swisscom blue Abo;
MARCO_SARA-001315;CH5800761016013456789;2025-09-08;2025-09-08;59.75;CHF;DBIT;PMNT-CCRD-POSD;Lidl;;;Einkauf Lidl Baden Karte xxxx 4821;5411
MARCO_SARA-001316;CH5800761016013456789;2025-09-08;2025-09-08;55.40;CHF;DBIT;PMNT-CCRD-POSD;Migrol Tankstelle;;;Einkauf Migrol Tankstelle Baden Karte xxxx 4821;5541
MARCO_SARA-001317;CH5800761016013456789;2025-09-08;2025-09-08;50.70;CHF;DBIT;PMNT-CCRD-POSD;Shell;;;Einkauf Shell Baden Karte xxxx 4821;5541
MARCO_SARA-001318;CH5800761016013456789;2025-09-08;2025-09-08;37.05;CHF;DBIT;PMNT-CCRD-POSD;Coop;;;Einkauf Coop Dättwil Karte xxxx 4821;5411
MARCO_SARA-001319;CH5800761016013456789;2025-09-08;2025-09-08;25.50;CHF;DBIT;PMNT-CCRD-POSD;Babywalz;;;Einkauf Babywalz Baden Karte xxxx 4821;5651
MARCO_SARA-001320;CH5800761016013456789;2025-09-10;2025-09-10;780.00;CHF;DBIT;PMNT-ICDT-DMCT;Mobiliar Versicherungen;;;Zahlung Motorfahrzeugversicherung Clio;
MARCO_SARA-001321;CH5800761016013456789;2025-09-10;2025-09-10;200.00;CHF;CRDT;PMNT-RCDT-DMCT;Familienausgleichskasse Aargau;;;Gutschrift Kinderzulage;
MARCO_SARA-001322;CH5800761016013456789;2025-09-11;2025-09-11;93.45;CHF;DBIT;PMNT-CCRD-POSD;Avia Tankstelle;;;Einkauf Avia Tankstelle Baden Karte xxxx 4821;5541
MARCO_SARA-001323;CH5800761016013456789;2025-09-11;2025-09-11;51.95;CHF;DBIT;PMNT-CCRD-POSD;SBB Mobile;;;Einkauf SBB Mobile Zürich Karte xxxx 4821;4111
MARCO_SARA-001324;CH5800761016013456789;2025-09-12;2025-09-12;1150.00;CHF;DBIT;PMNT-ICDT-DMCT;Kita Sonnenschein Baden;;;Zahlung Rechnung Kita Betreuung 09/2025;
MARCO_SARA-001325;CH5800761016013456789;2025-09-12;2025-09-12;61.90;CHF;DBIT;PMNT-CCRD-POSD;McDonald's;;;Einkauf McDonald's Baden Karte xxxx 4821;5812
MARCO_SARA-001326;CH5800761016013456789;2025-09-12;2025-09-12;20.90;CHF;DBIT;PMNT-CCRD-POSD;Netflix International B.V.;;;Einkauf NETFLIX.COM Karte xxxx 7310;4899
MARCO_SARA-001327;CH5800761016013456789;2025-09-15;2025-09-15;84.10;CHF;DBIT;PMNT-CCRD-POSD;Coop;;;Einkauf Coop Baden Karte xxxx 4821;5411
MARCO_SARA-001328;CH5800761016013456789;2025-09-16;2025-09-16;100.00;CHF;DBIT;PMNT-CCRD-CWDL;;;;Bargeldbezug Postomat Wettingen Karte xxxx 4821;6011
MARCO_SARA-001329;CH5800761016013456789;2025-09-16;2025-09-16;60.70;CHF;DBIT;PMNT-CCRD-POSD;Denner;;;Einkauf Denner Dättwil Karte xxxx 4821;5411
MARCO_SARA-001330;CH5800761016013456789;2025-09-16;2025-09-16;56.55;CHF;DBIT;PMNT-CCRD-POSD;Amavita Apotheke;;;Einkauf Amavita Apotheke Baden Karte xxxx 4821;5912
MARCO_SARA-001331;CH5800761016013456789;2025-09-16;2025-09-16;39.45;CHF;DBIT;PMNT-CCRD-POSD;H&M;;;Einkauf H&M Baden Karte xxxx 4821;5651
MARCO_SARA-001332;CH5800761016013456789;2025-09-16;2025-09-16;34.95;CHF;DBIT;PMNT-ICDT-ESCT;;;;TWINT *Sende an Tim Meier;
MARCO_SARA-001333;CH5800761016013456789;2025-09-16;2025-09-16;20.15;CHF;DBIT;PMNT-ICDT-ESCT;;;;TWINT *Sende an Tim Meier;
MARCO_SARA-001334;CH5800761016013456789;2025-09-17;2025-09-17;56.90;CHF;DBIT;PMNT-CCRD-POSD;Manor;;;Einkauf Manor Spreitenbach Karte xxxx 4821;5651
MARCO_SARA-001335;CH5800761016013456789;2025-09-18;2025-09-18;64.25;CHF;DBIT;PMNT-CCRD-POSD;Denner;;;Einkauf Denner Dättwil Karte xxxx 4821;5411
MARCO_SARA-001336;CH5800761016013456789;2025-09-18;2025-09-18;31.80;CHF;DBIT;PMNT-CCRD-POSD;Aldi Suisse;;;Einkauf Aldi Suisse Dättwil Karte xxxx 4821;5411
MARCO_SARA-001337;CH5800761016013456789;2025-09-19;2025-09-19;42.65;CHF;DBIT;PMNT-CCRD-POSD;Lidl;;;Einkauf Lidl Baden Karte xxxx 4821;5411
MARCO_SARA-001338;CH5800761016013456789;2025-09-22;2025-09-22;596.20;CHF;DBIT;PMNT-CCRD-POSD;Babywalz;;;Einkauf Babywalz Baden Karte xxxx 4821;5651
MARCO_SARA-001339;CH5800761016013456789;2025-09-22;2025-09-22;119.15;CHF;DBIT;PMNT-IDDT-ESDD;Cornèrcard;;;Lastschrift Cornèrcard Monatsrechnung 08/2025;
MARCO_SARA-001340;CH5800761016013456789;2025-09-22;2025-09-22;113.70;CHF;DBIT;PMNT-CCRD-POSD;Migrol Tankstelle;;;Einkauf Migrol Tankstelle Baden Karte xxxx 4821;5541
MARCO_SARA-001341;CH5800761016013456789;2025-09-22;2025-09-22;76.50;CHF;DBIT;PMNT-CCRD-POSD;Lidl;;;Einkauf Lidl Wettingen Karte xxxx 4821;5411
MARCO_SARA-001342;CH5800761016013456789;2025-09-22;2025-09-22;67.40;CHF;DBIT;PMNT-CCRD-POSD;McDonald's;;;Einkauf McDonald's Baden Karte xxxx 4821;5812
MARCO_SARA-001343;CH5800761016013456789;2025-09-22;2025-09-22;40.10;CHF;DBIT;PMNT-CCRD-POSD;Denner;;;Einkauf Denner Dättwil Karte xxxx 4821;5411
MARCO_SARA-001344;CH5800761016013456789;2025-09-22;2025-09-22;34.60;CHF;DBIT;PMNT-CCRD-POSD;Babywalz;;;Einkauf Babywalz Spreitenbach Karte xxxx 4821;5651
MARCO_SARA-001345;CH5800761016013456789;2025-09-22;2025-09-22;18.35;CHF;DBIT;PMNT-CCRD-POSD;SBB Mobile;;;Einkauf SBB Mobile Zürich Karte xxxx 4821;4111
MARCO_SARA-001346;CH5800761016013456789;2025-09-23;2025-09-23;164.95;CHF;DBIT;PMNT-CCRD-POSD;Manor;;;Einkauf Manor Spreitenbach Karte xxxx 4821;5651
MARCO_SARA-001347;CH5800761016013456789;2025-09-24;2025-09-24;86.70;CHF;DBIT;PMNT-CCRD-POSD;Coop Pronto Tankstelle;;;Einkauf Coop Pronto Tankstelle Baden Karte xxxx 4821;5541
MARCO_SARA-001348;CH5800761016013456789;2025-09-24;2025-09-24;80.25;CHF;DBIT;PMNT-CCRD-POSD;Aldi Suisse;;;Einkauf Aldi Suisse Dättwil Karte xxxx 4821;5411
MARCO_SARA-001349;CH5800761016013456789;2025-09-24;2025-09-24;70.25;CHF;DBIT;PMNT-CCRD-POSD;Coop;;;Einkauf Coop Dättwil Karte xxxx 4821;5411
MARCO_SARA-001350;CH5800761016013456789;2025-09-25;2025-09-25;129.40;CHF;DBIT;PMNT-CCRD-POSD;H&M;;;Einkauf H&M Baden Karte xxxx 4821;5651
MARCO_SARA-001351;CH5800761016013456789;2025-09-25;2025-09-25;95.85;CHF;DBIT;PMNT-CCRD-POSD;Coop Pronto Tankstelle;;;Einkauf Coop Pronto Tankstelle Baden Karte xxxx 4821;5541
MARCO_SARA-001352;CH5800761016013456789;2025-09-25;2025-09-25;7339.90;CHF;CRDT;PMNT-RCDT-SALA;ABB Schweiz AG;CH9300762011623852111;;Gutschrift Lohn September 2025;
MARCO_SARA-001353;CH3200761016019988776;2025-09-26;2025-09-26;1500.00;CHF;CRDT;PMNT-RCDT-BOOK;;CH5800761016013456789;;Übertrag Sparkonto Haus;
MARCO_SARA-001354;CH5800761016013456789;2025-09-26;2025-09-26;1500.00;CHF;DBIT;PMNT-ICDT-BOOK;;CH3200761016019988776;;Übertrag Sparkonto Haus;
MARCO_SARA-001355;CH5800761016013456789;2025-09-26;2025-09-26;3267.33;CHF;CRDT;PMNT-RCDT-SALA;Kantonsspital Baden AG;CH9300762011623852222;;Lohnzahlung 09/2025 S. Keller;
MARCO_SARA-001356;CH5800761016013456789;2025-09-29;2025-09-29;1300.00;CHF;DBIT;PMNT-ICDT-STDO;Steueramt Baden;;;Dauerauftrag Steuern Rate;
MARCO_SARA-001357;CH5800761016013456789;2025-09-29;2025-09-29;605.00;CHF;DBIT;PMNT-ICDT-STDO;VIAC Vorsorgestiftung 3a;;;Dauerauftrag Säule 3a Einzahlung;
MARCO_SARA-001358;CH5800761016013456789;2025-09-29;2025-09-29;24.65;CHF;DBIT;PMNT-ICDT-ESCT;;;;TWINT *Sende an Laura Frei;
MARCO_SARA-001359;CH5800761016013456789;2025-09-29;2025-09-29;5.00;CHF;DBIT;ACMT-MDOP-CHRG;;;;Preis für Kontoführung;
MARCO_SARA-001360;CH5800761016013456789;2025-10-01;2025-10-01;2450.00;CHF;DBIT;PMNT-ICDT-STDO;Wincasa AG;;;Dauerauftrag Miete 4.5 Zi Mellingerstrasse;
MARCO_SARA-001361;CH5800761016013456789;2025-10-01;2025-10-01;120.00;CHF;DBIT;PMNT-ICDT-STDO;Wincasa AG;;;Dauerauftrag Parkplatz Tiefgarage;
MARCO_SARA-001362;CH5800761016013456789;2025-10-01;2025-10-01;73.10;CHF;DBIT;PMNT-ICDT-ESCT;;;;TWINT *Sende an Tim Meier;
MARCO_SARA-001363;CH5800761016013456789;2025-10-02;2025-10-02;21.70;CHF;DBIT;PMNT-CCRD-POSD;Aldi Suisse;;;Einkauf Aldi Suisse Baden Karte xxxx 4821;5411
MARCO_SARA-001364;CH5800761016013456789;2025-10-03;2025-10-03;28.65;CHF;DBIT;PMNT-CCRD-POSD;Coop;;;Einkauf Coop Wettingen Karte xxxx 4821;5411
MARCO_SARA-001365;CH5800761016013456789;2025-10-06;2025-10-06;855.00;CHF;DBIT;PMNT-IDDT-ESDD;CSS Versicherung AG;;;LSV Prämie Grundversicherung Familie;
MARCO_SARA-001366;CH5800761016013456789;2025-10-06;2025-10-06;223.65;CHF;DBIT;PMNT-CCRD-POSD;Galaxus;;;Einkauf Galaxus Spreitenbach Karte xxxx 4821;5651
MARCO_SARA-001367;CH5800761016013456789;2025-10-06;2025-10-06;86.15;CHF;DBIT;PMNT-CCRD-POSD;Avia Tankstelle;;;Einkauf Avia Tankstelle Baden Karte xxxx 4821;5541
MARCO_SARA-001368;CH5800761016013456789;2025-10-06;2025-10-06;81.10;CHF;DBIT;PMNT-CCRD-POSD;Avia Tankstelle;;;Einkauf Avia Tankstelle Baden Karte xxxx 4821;5541
MARCO_SARA-001369;CH5800761016013456789;2025-10-06;2025-10-06;66.70;CHF;DBIT;PMNT-CCRD-POSD;Pizzeria Da Mario;;;Einkauf Pizzeria Da Mario Baden Karte xxxx 4821;5812
MARCO_SARA-001370;CH5800761016013456789;2025-10-06;2025-10-06;58.10;CHF;DBIT;PMNT-CCRD-POSD;Coop Pronto Tankstelle;;;Einkauf Coop Pronto Tankstelle Baden Karte xxxx 4821;5541
MARCO_SARA-001371;CH5800761016013456789;2025-10-06;2025-10-06;13.65;CHF;DBIT;PMNT-CCRD-POSD;SBB Mobile;;;Einkauf SBB Mobile Zürich Karte xxxx 4821;4111
MARCO_SARA-001372;CH5800761016013456789;2025-10-07;2025-10-07;36.25;CHF;DBIT;PMNT-CCRD-POSD;Badi Baden;;;Einkauf Badi Baden Zürich Karte xxxx 4821;
MARCO_SARA-001373;CH5800761016013456789;2025-10-08;2025-10-08;201.85;CHF;DBIT;PMNT-CCRD-POSD;Denner;;;Einkauf Denner Dättwil Karte xxxx 4821;5411
MARCO_SARA-001374;CH5800761016013456789;2025-10-08;2025-10-08;129.00;CHF;DBIT;PMNT-IDDT-ESDD;Swisscom (Schweiz) AG;;;LSV Swisscom blue Abo;
MARCO_SARA-001375;CH5800761016013456789;2025-10-08;2025-10-08;52.70;CHF;DBIT;PMNT-CCRD-POSD;Shell;;;Einkauf Shell Baden Karte xxxx 4821;5541
MARCO_SARA-001376;CH5800761016013456789;2025-10-08;2025-10-08;50.85;CHF;DBIT;PMNT-CCRD-POSD;H&M;;;Einkauf H&M Baden Karte xxxx 4821;5651
MARCO_SARA-001377;CH5800761016013456789;2025-10-09;2025-10-09;69.45;CHF;DBIT;PMNT-CCRD-POSD;Aldi Suisse;;;Einkauf Aldi Suisse Dättwil Karte xxxx 4821;5411
MARCO_SARA-001378;CH5800761016013456789;2025-10-09;2025-10-09;52.75;CHF;DBIT;PMNT-CCRD-POSD;Denner;;;Einkauf Denner Wettingen Karte xxxx 4821;5411
MARCO_SARA-001379;CH5800761016013456789;2025-10-09;2025-10-09;33.95;CHF;DBIT;PMNT-ICDT-ESCT;;;;TWINT *Sende an Nonna Keller;
MARCO_SARA-001380;CH5800761016013456789;2025-10-10;2025-10-10;200.00;CHF;CRDT;PMNT-RCDT-DMCT;Familienausgleichskasse Aargau;;;Gutschrift Kinderzulage;
MARCO_SARA-001381;CH5800761016013456789;2025-10-13;2025-10-13;1150.00;CHF;DBIT;PMNT-ICDT-DMCT;Kita Sonnenschein Baden;;;Zahlung Rechnung Kita Betreuung 10/2025;
MARCO_SARA-001382;CH5800761016013456789;2025-10-13;2025-10-13;100.00;CHF;DBIT;PMNT-CCRD-CWDL;;;;Bargeldbezug Postomat Wettingen Karte xxxx 4821;6011
MARCO_SARA-001383;CH5800761016013456789;2025-10-13;2025-10-13;75.15;CHF;DBIT;PMNT-ICDT-ESCT;;;;TWINT *Sende an Nonna Keller;
MARCO_SARA-001384;CH5800761016013456789;2025-10-13;2025-10-13;68.90;CHF;DBIT;PMNT-CCRD-POSD;Badi Baden;;;Einkauf Badi Baden Zürich Karte xxxx 4821;
MARCO_SARA-001385;CH5800761016013456789;2025-10-13;2025-10-13;27.65;CHF;DBIT;PMNT-ICDT-ESCT;;;;TWINT *Sende an Tim Meier;
MARCO_SARA-001386;CH5800761016013456789;2025-10-13;2025-10-13;20.90;CHF;DBIT;PMNT-CCRD-POSD;Netflix International B.V.;;;Einkauf NETFLIX.COM Karte xxxx 7310;4899
MARCO_SARA-001387;CH5800761016013456789;2025-10-14;2025-10-14;140.00;CHF;DBIT;PMNT-CCRD-CWDL;;;;Bargeldbezug Bancomat Raiffeisen Baden Karte xxxx 4821;6011
MARCO_SARA-001388;CH5800761016013456789;2025-10-14;2025-10-14;88.10;CHF;DBIT;PMNT-CCRD-POSD;Shell;;;Einkauf Shell Baden Karte xxxx 4821;5541
MARCO_SARA-001389;CH5800761016013456789;2025-10-15;2025-10-15;829.45;CHF;DBIT;PMNT-ICDT-DMCT;Garage Baden AG;;;Zahlung Rechnung Service;
MARCO_SARA-001390;CH5800761016013456789;2025-10-15;2025-10-15;52.35;CHF;DBIT;PMNT-CCRD-POSD;Aldi Suisse;;;Einkauf Aldi Suisse Dättwil Karte xxxx 4821;5411
MARCO_SARA-001391;CH5800761016013456789;2025-10-15;2025-10-15;16.35;CHF;DBIT;PMNT-CCRD-POSD;Amavita Apotheke;;;Einkauf Amavita Apotheke Baden Karte xxxx 4821;5912
MARCO_SARA-001392;CH5800761016013456789;2025-10-16;2025-10-16;95.45;CHF;DBIT;PMNT-CCRD-POSD;Migrol Tankstelle;;;Einkauf Migrol Tankstelle Baden Karte xxxx 4821;5541
MARCO_SARA-001393;CH5800761016013456789;2025-10-17;2025-10-17;140.00;CHF;DBIT;PMNT-CCRD-CWDL;;;;Bargeldbezug Bancomat Raiffeisen Baden Karte xxxx 4821;6011
MARCO_SARA-001394;CH5800761016013456789;2025-10-17;2025-10-17;87.60;CHF;DBIT;PMNT-CCRD-POSD;McDonald's;;;Einkauf McDonald's Baden Karte xxxx 4821;5812
MARCO_SARA-001395;CH5800761016013456789;2025-10-17;2025-10-17;33.15;CHF;DBIT;PMNT-CCRD-POSD;Coop;;;Einkauf Coop Wettingen Karte xxxx 4821;5411
MARCO_SARA-001396;CH5800761016013456789;2025-10-20;2025-10-20;159.30;CHF;DBIT;PMNT-IDDT-ESDD;Regionalwerke AG Baden;;;LSV Stromrechnung;
MARCO_SARA-001397;CH5800761016013456789;2025-10-20;2025-10-20;28.80;CHF;DBIT;PMNT-CCRD-POSD;McDonald's;;;Einkauf McDonald's Baden Karte xxxx 4821;5812
MARCO_SARA-001398;CH5800761016013456789;2025-10-22;2025-10-22;101.95;CHF;DBIT;PMNT-IDDT-ESDD;Cornèrcard;;;Lastschrift Cornèrcard Monatsrechnung 09/2025;
MARCO_SARA-001399;CH5800761016013456789;2025-10-23;2025-10-23;72.85;CHF;DBIT;PMNT-CCRD-POSD;Avia Tankstelle;;;Einkauf Avia Tankstelle Baden Karte xxxx 4821;5541
MARCO_SARA-001400;CH5800761016013456789;2025-10-23;2025-10-23;67.05;CHF;DBIT;PMNT-CCRD-POSD;Aldi Suisse;;;Einkauf Aldi Suisse Baden Karte xxxx 4821;5411
MARCO_SARA-001401;CH5800761016013456789;2025-10-24;2025-10-24;124.05;CHF;DBIT;PMNT-CCRD-POSD;Pizzeria Da Mario;;;Einkauf Pizzeria Da Mario Baden Karte xxxx 4821;5812
MARCO_SARA-001402;CH5800761016013456789;2025-10-24;2025-10-24;15.00;CHF;CRDT;PMNT-RCDT-ESCT;;;;TWINT *Empfangen von Tim Meier;
MARCO_SARA-001403;CH3200761016019988776;2025-10-27;2025-10-27;1500.00;CHF;CRDT;PMNT-RCDT-BOOK;;CH5800761016013456789;;Übertrag Sparkonto Haus;
MARCO_SARA-001404;CH5800761016013456789;2025-10-27;2025-10-27;1500.00;CHF;DBIT;PMNT-ICDT-BOOK;;CH3200761016019988776;;Übertrag Sparkonto Haus;
MARCO_SARA-001405;CH5800761016013456789;2025-10-27;2025-10-27;605.00;CHF;DBIT;PMNT-ICDT-STDO;VIAC Vorsorgestiftung 3a;;;Dauerauftrag Säule 3a Einzahlung;
MARCO_SARA-001406;CH5800761016013456789;2025-10-27;2025-10-27;127.55;CHF;DBIT;PMNT-CCRD-POSD;Lidl;;;Einkauf Lidl Wettingen Karte xxxx 4821;5411
MARCO_SARA-001407;CH5800761016013456789;2025-10-27;2025-10-27;77.05;CHF;DBIT;PMNT-CCRD-POSD;Migros;;;Einkauf Migros Dättwil Karte xxxx 4821;5411
MARCO_SARA-001408;CH5800761016013456789;2025-10-27;2025-10-27;29.15;CHF;DBIT;PMNT-CCRD-POSD;McDonald's;;;Einkauf McDonald's Baden Karte xxxx 4821;5812
MARCO_SARA-001409;CH5800761016013456789;2025-10-27;2025-10-27;3267.33;CHF;CRDT;PMNT-RCDT-SALA;Kantonsspital Baden AG;CH9300762011623852222;;Lohnzahlung 10/2025 S. Keller;
MARCO_SARA-001410;CH5800761016013456789;2025-10-27;2025-10-27;7339.90;CHF;CRDT;PMNT-RCDT-SALA;ABB Schweiz AG;CH9300762011623852111;;Gutschrift Lohn Oktober 2025;
MARCO_SARA-001411;CH5800761016013456789;2025-10-28;2025-10-28;1300.00;CHF;DBIT;PMNT-ICDT-STDO;Steueramt Baden;;;Dauerauftrag Steuern Rate;
MARCO_SARA-001412;CH5800761016013456789;2025-10-28;2025-10-28;79.60;CHF;DBIT;PMNT-CCRD-POSD;Coop Pronto Tankstelle;;;Einkauf Coop Pronto Tankstelle Baden Karte xxxx 4821;5541
MARCO_SARA-001413;CH5800761016013456789;2025-10-28;2025-10-28;16.55;CHF;DBIT;PMNT-CCRD-POSD;Amavita Apotheke;;;Einkauf Amavita Apotheke Baden Karte xxxx 4821;5912
MARCO_SARA-001414;CH5800761016013456789;2025-10-28;2025-10-28;5.00;CHF;DBIT;ACMT-MDOP-CHRG;;;;Preis für Kontoführung;
MARCO_SARA-001415;CH5800761016013456789;2025-11-03;2025-11-03;2450.00;CHF;DBIT;PMNT-ICDT-STDO;Wincasa AG;;;Dauerauftrag Miete 4.5 Zi Mellingerstrasse;
MARCO_SARA-001416;CH5800761016013456789;2025-11-03;2025-11-03;120.00;CHF;DBIT;PMNT-ICDT-STDO;Wincasa AG;;;Dauerauftrag Parkplatz Tiefgarage;
MARCO_SARA-001417;CH5800761016013456789;2025-11-03;2025-11-03;81.40;CHF;DBIT;PMNT-CCRD-POSD;Shell;;;Einkauf Shell Baden Karte xxxx 4821;5541
MARCO_SARA-001418;CH5800761016013456789;2025-11-03;2025-11-03;54.90;CHF;DBIT;PMNT-CCRD-POSD;Restaurant Roter Turm;;;Einkauf Restaurant Roter Turm Baden Karte xxxx 4821;5812
MARCO_SARA-001419;CH5800761016013456789;2025-11-03;2025-11-03;25.85;CHF;DBIT;PMNT-CCRD-POSD;SBB Mobile;;;Einkauf SBB Mobile Zürich Karte xxxx 4821;4111
MARCO_SARA-001420;CH5800761016013456789;2025-11-03;2025-11-03;17.40;CHF;DBIT;PMNT-CCRD-POSD;Restaurant Roter Turm;;;Einkauf Restaurant Roter Turm Baden Karte xxxx 4821;5812
MARCO_SARA-001421;CH5800761016013456789;2025-11-05;2025-11-05;855.00;CHF;DBIT;PMNT-IDDT-ESDD;CSS Versicherung AG;;;LSV Prämie Grundversicherung Familie;
MARCO_SARA-001422;CH5800761016013456789;2025-11-05;2025-11-05;72.80;CHF;DBIT;PMNT-CCRD-POSD;Migrol Tankstelle;;;Einkauf Migrol Tankstelle Baden Karte xxxx 4821;5541
MARCO_SARA-001423;CH5800761016013456789;2025-11-06;2025-11-06;78.35;CHF;DBIT;PMNT-CCRD-POSD;Migros;;;Einkauf Migros Dättwil Karte xxxx 4821;5411
MARCO_SARA-001424;CH5800761016013456789;2025-11-07;2025-11-07;82.55;CHF;DBIT;PMNT-CCRD-POSD;Aldi Suisse;;;Einkauf Aldi Suisse Wettingen Karte xxxx 4821;5411
MARCO_SARA-001425;CH5800761016013456789;2025-11-07;2025-11-07;55.00;CHF;DBIT;PMNT-CCRD-POSD;Denner;;;Einkauf Denner Baden Karte xxxx 4821;5411
MARCO_SARA-001426;CH5800761016013456789;2025-11-10;2025-11-10;129.00;CHF;DBIT;PMNT-IDDT-ESDD;Swisscom (Schweiz) AG;;;LSV Swisscom blue Abo;
MARCO_SARA-001427;CH5800761016013456789;2025-11-10;2025-11-10;86.85;CHF;DBIT;PMNT-CCRD-POSD;Denner;;;Einkauf Denner Wettingen Karte xxxx 4821;5411
MARCO_SARA-001428;CH5800761016013456789;2025-11-10;2025-11-10;50.55;CHF;DBIT;PMNT-CCRD-POSD;Coop Pronto Tankstelle;;;Einkauf Coop Pronto Tankstelle Baden Karte xxxx 4821;5541
MARCO_SARA-001429;CH5800761016013456789;2025-11-10;2025-11-10;200.00;CHF;CRDT;PMNT-RCDT-DMCT;Familienausgleichskasse Aargau;;;Gutschrift Kinderzulage;
MARCO_SARA-001430;CH5800761016013456789;2025-11-11;2025-11-11;115.60;CHF;DBIT;PMNT-CCRD-POSD;H&M;;;Einkauf H&M Baden Karte xxxx 4821;5651
MARCO_SARA-001431;CH5800761016013456789;2025-11-11;2025-11-11;101.30;CHF;DBIT;PMNT-CCRD-POSD;Denner;;;Einkauf Denner Baden Karte xxxx 4821;5411
MARCO_SARA-001432;CH5800761016013456789;2025-11-11;2025-11-11;79.90;CHF;CRDT;PMNT-RCDT-ESCT;;;;TWINT *Empfangen von Laura Frei;
MARCO_SARA-001433;CH5800761016013456789;2025-11-12;2025-11-12;1150.00;CHF;DBIT;PMNT-ICDT-DMCT;Kita Sonnenschein Baden;;;Zahlung Rechnung Kita Betreuung 11/2025;
MARCO_SARA-001434;CH5800761016013456789;2025-11-12;2025-11-12;37.30;CHF;DBIT;PMNT-CCRD-POSD;Aldi Suisse;;;Einkauf Aldi Suisse Dättwil Karte xxxx 4821;5411
MARCO_SARA-001435;CH5800761016013456789;2025-11-12;2025-11-12;20.90;CHF;DBIT;PMNT-CCRD-POSD;Netflix International B.V.;;;Einkauf NETFLIX.COM Karte xxxx 7310;4899
MARCO_SARA-001436;CH5800761016013456789;2025-11-13;2025-11-13;105.30;CHF;DBIT;PMNT-CCRD-POSD;Galaxus;;;Einkauf Galaxus Baden Karte xxxx 4821;5651
MARCO_SARA-001437;CH5800761016013456789;2025-11-13;2025-11-13;31.80;CHF;DBIT;PMNT-ICDT-ESCT;;;;TWINT *Sende an Tim Meier;
MARCO_SARA-001438;CH5800761016013456789;2025-11-14;2025-11-14;166.05;CHF;DBIT;PMNT-CCRD-POSD;Denner;;;Einkauf Denner Wettingen Karte xxxx 4821;5411
MARCO_SARA-001439;CH5800761016013456789;2025-11-14;2025-11-14;11.10;CHF;DBIT;PMNT-CCRD-POSD;SBB Mobile;;;Einkauf SBB Mobile Zürich Karte xxxx 4821;4111
MARCO_SARA-001440;CH5800761016013456789;2025-11-17;2025-11-17;214.25;CHF;DBIT;PMNT-CCRD-POSD;Galaxus;;;Einkauf Galaxus Spreitenbach Karte xxxx 4821;5651
MARCO_SARA-001441;CH5800761016013456789;2025-11-17;2025-11-17;81.05;CHF;DBIT;PMNT-CCRD-POSD;Shell;;;Einkauf Shell Baden Karte xxxx 4821;5541
MARCO_SARA-001442;CH5800761016013456789;2025-11-17;2025-11-17;67.00;CHF;DBIT;PMNT-CCRD-POSD;Aldi Suisse;;;Einkauf Aldi Suisse Baden Karte xxxx 4821;5411
MARCO_SARA-001443;CH5800761016013456789;2025-11-17;2025-11-17;63.80;CHF;DBIT;PMNT-CCRD-POSD;Aldi Suisse;;;Einkauf Aldi Suisse Baden Karte xxxx 4821;5411
MARCO_SARA-001444;CH5800761016013456789;2025-11-17;2025-11-17;37.25;CHF;DBIT;PMNT-CCRD-POSD;Migros;;;Einkauf Migros Baden Karte xxxx 4821;5411
MARCO_SARA-001445;CH5800761016013456789;2025-11-17;2025-11-17;34.60;CHF;DBIT;PMNT-CCRD-POSD;Coop;;;Einkauf Coop Dättwil Karte xxxx 4821;5411
MARCO_SARA-001446;CH5800761016013456789;2025-11-18;2025-11-18;36.50;CHF;CRDT;PMNT-RCDT-ESCT;;;;TWINT *Empfangen von Tim Meier;
MARCO_SARA-001447;CH5800761016013456789;2025-11-20;2025-11-20;104.55;CHF;DBIT;PMNT-CCRD-POSD;Aldi Suisse;;;Einkauf Aldi Suisse Baden Karte xxxx 4821;5411
MARCO_SARA-001448;CH5800761016013456789;2025-11-20;2025-11-20;65.35;CHF;DBIT;PMNT-CCRD-POSD;Migrol Tankstelle;;;Einkauf Migrol Tankstelle Baden Karte xxxx 4821;5541
MARCO_SARA-001449;CH5800761016013456789;2025-11-21;2025-11-21;67.40;CHF;DBIT;PMNT-CCRD-POSD;Kinderarztpraxis Baden;;;Einkauf Kinderarztpraxis Baden Baden Karte xxxx 4821;5912
MARCO_SARA-001450;CH5800761016013456789;2025-11-21;2025-11-21;37.95;CHF;DBIT;PMNT-CCRD-POSD;Migros;;;Einkauf Migros Baden Karte xxxx 4821;5411
MARCO_SARA-001451;CH5800761016013456789;2025-11-24;2025-11-24;735.80;CHF;DBIT;PMNT-IDDT-ESDD;Cornèrcard;;;Lastschrift Cornèrcard Monatsrechnung 10/2025;
MARCO_SARA-001452;CH5800761016013456789;2025-11-24;2025-11-24;76.75;CHF;DBIT;PMNT-CCRD-POSD;Shell;;;Einkauf Shell Baden Karte xxxx 4821;5541
MARCO_SARA-001453;CH5800761016013456789;2025-11-24;2025-11-24;72.75;CHF;DBIT;PMNT-CCRD-POSD;Pizzeria Da Mario;;;Einkauf Pizzeria Da Mario Baden Karte xxxx 4821;5812
MARCO_SARA-001454;CH5800761016013456789;2025-11-25;2025-11-25;7339.90;CHF;CRDT;PMNT-RCDT-SALA;ABB Schweiz AG;CH9300762011623852111;;Gutschrift Lohn November 2025;
MARCO_SARA-001455;CH5800761016013456789;2025-11-25;2025-11-25;7339.90;CHF;CRDT;PMNT-RCDT-SALA;ABB Schweiz AG;CH9300762011623852111;;Gutschrift 13. Monatslohn 2025;
MARCO_SARA-001456;CH3200761016019988776;2025-11-26;2025-11-26;1500.00;CHF;CRDT;PMNT-RCDT-BOOK;;CH5800761016013456789;;Übertrag Sparkonto Haus;
MARCO_SARA-001457;CH5800761016013456789;2025-11-26;2025-11-26;1500.00;CHF;DBIT;PMNT-ICDT-BOOK;;CH3200761016019988776;;Übertrag Sparkonto Haus;
MARCO_SARA-001458;CH5800761016013456789;2025-11-26;2025-11-26;3267.33;CHF;CRDT;PMNT-RCDT-SALA;Kantonsspital Baden AG;CH9300762011623852222;;Lohnzahlung 11/2025 S. Keller;
MARCO_SARA-001459;CH5800761016013456789;2025-11-27;2025-11-27;605.00;CHF;DBIT;PMNT-ICDT-STDO;VIAC Vorsorgestiftung 3a;;;Dauerauftrag Säule 3a Einzahlung;
MARCO_SARA-001460;CH5800761016013456789;2025-11-27;2025-11-27;36.30;CHF;DBIT;PMNT-CCRD-POSD;Coop;;;Einkauf Coop Wettingen Karte xxxx 4821;5411
MARCO_SARA-001461;CH5800761016013456789;2025-11-28;2025-11-28;1300.00;CHF;DBIT;PMNT-ICDT-STDO;Steueramt Baden;;;Dauerauftrag Steuern Rate;
MARCO_SARA-001462;CH5800761016013456789;2025-11-28;2025-11-28;286.60;CHF;DBIT;PMNT-CCRD-POSD;Galaxus;;;Einkauf Galaxus Baden Karte xxxx 4821;5651
MARCO_SARA-001463;CH5800761016013456789;2025-11-28;2025-11-28;5.00;CHF;DBIT;ACMT-MDOP-CHRG;;;;Preis für Kontoführung;
MARCO_SARA-001464;CH5800761016013456789;2025-12-01;2025-12-01;2450.00;CHF;DBIT;PMNT-ICDT-STDO;Wincasa AG;;;Dauerauftrag Miete 4.5 Zi Mellingerstrasse;
MARCO_SARA-001465;CH5800761016013456789;2025-12-01;2025-12-01;120.00;CHF;DBIT;PMNT-ICDT-STDO;Wincasa AG;;;Dauerauftrag Parkplatz Tiefgarage;
MARCO_SARA-001466;CH5800761016013456789;2025-12-01;2025-12-01;59.75;CHF;DBIT;PMNT-CCRD-POSD;McDonald's;;;Einkauf McDonald's Baden Karte xxxx 4821;5812
MARCO_SARA-001467;CH5800761016013456789;2025-12-01;2025-12-01;33.45;CHF;DBIT;PMNT-CCRD-POSD;Denner;;;Einkauf Denner Dättwil Karte xxxx 4821;5411
MARCO_SARA-001468;CH5800761016013456789;2025-12-02;2025-12-02;82.40;CHF;DBIT;PMNT-CCRD-POSD;Pizzeria Da Mario;;;Einkauf Pizzeria Da Mario Baden Karte xxxx 4821;5812
MARCO_SARA-001469;CH5800761016013456789;2025-12-02;2025-12-02;47.25;CHF;DBIT;PMNT-CCRD-POSD;Coop;;;Einkauf Coop Dättwil Karte xxxx 4821;5411
MARCO_SARA-001470;CH5800761016013456789;2025-12-02;2025-12-02;31.50;CHF;DBIT;PMNT-CCRD-POSD;Restaurant Roter Turm;;;Einkauf Restaurant Roter Turm Baden Karte xxxx 4821;5812
MARCO_SARA-001471;CH5800761016013456789;2025-12-02;2025-12-02;25.70;CHF;DBIT;PMNT-CCRD-POSD;Lidl;;;Einkauf Lidl Baden Karte xxxx 4821;5411
MARCO_SARA-001472;CH5800761016013456789;2025-12-03;2025-12-03;33.70;CHF;DBIT;PMNT-CCRD-POSD;Aldi Suisse;;;Einkauf Aldi Suisse Dättwil Karte xxxx 4821;5411
MARCO_SARA-001473;CH5800761016013456789;2025-12-04;2025-12-04;68.30;CHF;DBIT;PMNT-CCRD-POSD;Aldi Suisse;;;Einkauf Aldi Suisse Dättwil Karte xxxx 4821;5411
MARCO_SARA-001474;CH5800761016013456789;2025-12-05;2025-12-05;855.00;CHF;DBIT;PMNT-IDDT-ESDD;CSS Versicherung AG;;;LSV Prämie Grundversicherung Familie;
MARCO_SARA-001475;CH5800761016013456789;2025-12-08;2025-12-08;129.00;CHF;DBIT;PMNT-IDDT-ESDD;Swisscom (Schweiz) AG;;;LSV Swisscom blue Abo;
MARCO_SARA-001476;CH5800761016013456789;2025-12-08;2025-12-08;102.50;CHF;DBIT;PMNT-CCRD-POSD;Coop;;;Einkauf Coop Dättwil Karte xxxx 4821;5411
MARCO_SARA-001477;CH5800761016013456789;2025-12-08;2025-12-08;77.75;CHF;DBIT;PMNT-CCRD-POSD;Shell;;;Einkauf Shell Baden Karte xxxx 4821;5541
MARCO_SARA-001478;CH5800761016013456789;2025-12-08;2025-12-08;47.65;CHF;DBIT;PMNT-CCRD-POSD;Amavita Apotheke;;;Einkauf Amavita Apotheke Baden Karte xxxx 4821;5912
MARCO_SARA-001479;CH5800761016013456789;2025-12-09;2025-12-09;83.90;CHF;DBIT;PMNT-CCRD-POSD;McDonald's;;;Einkauf McDonald's Baden Karte xxxx 4821;5812
MARCO_SARA-001480;CH5800761016013456789;2025-12-10;2025-12-10;200.00;CHF;CRDT;PMNT-RCDT-DMCT;Familienausgleichskasse Aargau;;;Gutschrift Kinderzulage;
MARCO_SARA-001481;CH5800761016013456789;2025-12-12;2025-12-12;1150.00;CHF;DBIT;PMNT-ICDT-DMCT;Kita Sonnenschein Baden;;;Zahlung Rechnung Kita Betreuung 12/2025;
MARCO_SARA-001482;CH5800761016013456789;2025-12-12;2025-12-12;94.10;CHF;DBIT;PMNT-CCRD-POSD;Shell;;;Einkauf Shell Baden Karte xxxx 4821;5541
MARCO_SARA-001483;CH5800761016013456789;2025-12-12;2025-12-12;68.50;CHF;DBIT;PMNT-CCRD-POSD;Avia Tankstelle;;;Einkauf Avia Tankstelle Baden Karte xxxx 4821;5541
MARCO_SARA-001484;CH5800761016013456789;2025-12-12;2025-12-12;20.90;CHF;DBIT;PMNT-CCRD-POSD;Netflix International B.V.;;;Einkauf NETFLIX.COM Karte xxxx 7310;4899
MARCO_SARA-001485;CH5800761016013456789;2025-12-12;2025-12-12;44.55;CHF;CRDT;PMNT-RCDT-ESCT;;;;TWINT *Empfangen von Tim Meier;
MARCO_SARA-001486;CH5800761016013456789;2025-12-15;2025-12-15;64.80;CHF;DBIT;PMNT-CCRD-POSD;Pizzeria Da Mario;;;Einkauf Pizzeria Da Mario Baden Karte xxxx 4821;5812
MARCO_SARA-001487;CH5800761016013456789;2025-12-15;2025-12-15;46.85;CHF;DBIT;PMNT-CCRD-POSD;Lidl;;;Einkauf Lidl Wettingen Karte xxxx 4821;5411
MARCO_SARA-001488;CH5800761016013456789;2025-12-15;2025-12-15;34.20;CHF;DBIT;PMNT-CCRD-POSD;McDonald's;;;Einkauf McDonald's Baden Karte xxxx 4821;5812
MARCO_SARA-001489;CH5800761016013456789;2025-12-15;2025-12-15;20.65;CHF;DBIT;PMNT-CCRD-POSD;SBB Mobile;;;Einkauf SBB Mobile Zürich Karte xxxx 4821;4111
MARCO_SARA-001490;CH5800761016013456789;2025-12-16;2025-12-16;83.35;CHF;DBIT;PMNT-CCRD-POSD;Avia Tankstelle;;;Einkauf Avia Tankstelle Baden Karte xxxx 4821;5541
MARCO_SARA-001491;CH5800761016013456789;2025-12-17;2025-12-17;293.80;CHF;DBIT;PMNT-CCRD-POSD;Denner;;;Einkauf Denner Baden Karte xxxx 4821;5411
MARCO_SARA-001492;CH5800761016013456789;2025-12-17;2025-12-17;43.30;CHF;DBIT;PMNT-CCRD-POSD;Migros;;;Einkauf Migros Wettingen Karte xxxx 4821;5411
MARCO_SARA-001493;CH5800761016013456789;2025-12-17;2025-12-17;39.70;CHF;DBIT;PMNT-CCRD-POSD;Zoo Zürich;;;Einkauf Zoo Zürich Zürich Karte xxxx 4821;
MARCO_SARA-001494;CH5800761016013456789;2025-12-18;2025-12-18;23.65;CHF;DBIT;PMNT-ICDT-ESCT;;;;TWINT *Sende an Tim Meier;
MARCO_SARA-001495;CH5800761016013456789;2025-12-22;2025-12-22;139.05;CHF;DBIT;PMNT-IDDT-ESDD;Cornèrcard;;;Lastschrift Cornèrcard Monatsrechnung 11/2025;
MARCO_SARA-001496;CH5800761016013456789;2025-12-22;2025-12-22;90.55;CHF;DBIT;PMNT-CCRD-POSD;Migros;;;Einkauf Migros Baden Karte xxxx 4821;5411
MARCO_SARA-001497;CH5800761016013456789;2025-12-22;2025-12-22;52.15;CHF;DBIT;PMNT-CCRD-POSD;Lidl;;;Einkauf Lidl Dättwil Karte xxxx 4821;5411
MARCO_SARA-001498;CH5800761016013456789;2025-12-22;2025-12-22;51.00;CHF;DBIT;PMNT-CCRD-POSD;SBB Mobile;;;Einkauf SBB Mobile Zürich Karte xxxx 4821;4111
MARCO_SARA-001499;CH5800761016013456789;2025-12-22;2025-12-22;48.85;CHF;DBIT;PMNT-CCRD-POSD;Aldi Suisse;;;Einkauf Aldi Suisse Dättwil Karte xxxx 4821;5411
MARCO_SARA-001500;CH5800761016013456789;2025-12-22;2025-12-22;23.90;CHF;DBIT;PMNT-CCRD-POSD;Denner;;;Einkauf Denner Wettingen Karte xxxx 4821;5411
MARCO_SARA-001501;CH5800761016013456789;2025-12-22;2025-12-22;13.05;CHF;DBIT;PMNT-CCRD-POSD;SBB Mobile;;;Einkauf SBB Mobile Zürich Karte xxxx 4821;4111
MARCO_SARA-001502;CH5800761016013456789;2025-12-24;2025-12-24;84.75;CHF;DBIT;PMNT-CCRD-POSD;Lidl;;;Einkauf Lidl Baden Karte xxxx 4821;5411
MARCO_SARA-001503;CH5800761016013456789;2025-12-25;2025-12-25;52.10;CHF;DBIT;PMNT-CCRD-POSD;Denner;;;Einkauf Denner Wettingen Karte xxxx 4821;5411
MARCO_SARA-001504;CH5800761016013456789;2025-12-25;2025-12-25;7339.90;CHF;CRDT;PMNT-RCDT-SALA;ABB Schweiz AG;CH9300762011623852111;;Gutschrift Lohn Dezember 2025;
MARCO_SARA-001505;CH3200761016019988776;2025-12-26;2025-12-26;1500.00;CHF;CRDT;PMNT-RCDT-BOOK;;CH5800761016013456789;;Übertrag Sparkonto Haus;
MARCO_SARA-001506;CH5800761016013456789;2025-12-26;2025-12-26;1500.00;CHF;DBIT;PMNT-ICDT-BOOK;;CH3200761016019988776;;Übertrag Sparkonto Haus;
MARCO_SARA-001507;CH5800761016013456789;2025-12-26;2025-12-26;126.25;CHF;DBIT;PMNT-CCRD-POSD;Lidl;;;Einkauf Lidl Dättwil Karte xxxx 4821;5411
MARCO_SARA-001508;CH5800761016013456789;2025-12-26;2025-12-26;86.60;CHF;DBIT;PMNT-CCRD-POSD;Manor;;;Einkauf Manor Spreitenbach Karte xxxx 4821;5651
MARCO_SARA-001509;CH5800761016013456789;2025-12-26;2025-12-26;57.90;CHF;CRDT;PMNT-RCDT-ESCT;;;;TWINT *Empfangen von Tim Meier;
MARCO_SARA-001510;CH5800761016013456789;2025-12-26;2025-12-26;3267.33;CHF;CRDT;PMNT-RCDT-SALA;Kantonsspital Baden AG;CH9300762011623852222;;Lohnzahlung 12/2025 S. Keller;
MARCO_SARA-001511;CH5800761016013456789;2025-12-29;2025-12-29;1300.00;CHF;DBIT;PMNT-ICDT-STDO;Steueramt Baden;;;Dauerauftrag Steuern Rate;
MARCO_SARA-001512;CH5800761016013456789;2025-12-29;2025-12-29;605.00;CHF;DBIT;PMNT-ICDT-STDO;VIAC Vorsorgestiftung 3a;;;Dauerauftrag Säule 3a Einzahlung;
MARCO_SARA-001513;CH5800761016013456789;2025-12-29;2025-12-29;159.60;CHF;DBIT;PMNT-CCRD-POSD;Manor;;;Einkauf Manor Spreitenbach Karte xxxx 4821;5651
MARCO_SARA-001514;CH5800761016013456789;2025-12-29;2025-12-29;119.80;CHF;DBIT;PMNT-CCRD-POSD;Aldi Suisse;;;Einkauf Aldi Suisse Dättwil Karte xxxx 4821;5411
MARCO_SARA-001515;CH5800761016013456789;2025-12-29;2025-12-29;72.85;CHF;DBIT;PMNT-CCRD-POSD;Restaurant Roter Turm;;;Einkauf Restaurant Roter Turm Baden Karte xxxx 4821;5812
MARCO_SARA-001516;CH5800761016013456789;2025-12-29;2025-12-29;55.85;CHF;DBIT;PMNT-CCRD-POSD;Shell;;;Einkauf Shell Baden Karte xxxx 4821;5541
MARCO_SARA-001517;CH5800761016013456789;2025-12-29;2025-12-29;52.60;CHF;DBIT;PMNT-CCRD-POSD;Denner;;;Einkauf Denner Baden Karte xxxx 4821;5411
MARCO_SARA-001518;CH5800761016013456789;2025-12-29;2025-12-29;36.05;CHF;DBIT;PMNT-CCRD-POSD;SBB Mobile;;;Einkauf SBB Mobile Zürich Karte xxxx 4821;4111
MARCO_SARA-001519;CH5800761016013456789;2025-12-29;2025-12-29;24.05;CHF;DBIT;PMNT-CCRD-POSD;Aldi Suisse;;;Einkauf Aldi Suisse Dättwil Karte xxxx 4821;5411
MARCO_SARA-001520;CH5800761016013456789;2025-12-29;2025-12-29;21.35;CHF;DBIT;PMNT-ICDT-ESCT;;;;TWINT *Sende an Tim Meier;
MARCO_SARA-001521;CH5800761016013456789;2025-12-29;2025-12-29;5.00;CHF;DBIT;ACMT-MDOP-CHRG;;;;Preis für Kontoführung;
MARCO_SARA-001522;CH3200761016019988776;2025-12-31;2025-12-31;248.00;CHF;CRDT;ACMT-MDOP-INTR;;;;Zinsgutschrift;
MARCO_SARA-001523;CH5800761016013456789;2026-01-01;2026-01-01;2450.00;CHF;DBIT;PMNT-ICDT-STDO;Wincasa AG;;;Dauerauftrag Miete 4.5 Zi Mellingerstrasse;
MARCO_SARA-001524;CH5800761016013456789;2026-01-01;2026-01-01;120.00;CHF;DBIT;PMNT-ICDT-STDO;Wincasa AG;;;Dauerauftrag Parkplatz Tiefgarage;
MARCO_SARA-001525;CH5800761016013456789;2026-01-01;2026-01-01;79.60;CHF;DBIT;PMNT-CCRD-POSD;Lidl;;;Einkauf Lidl Dättwil Karte xxxx 4821;5411
MARCO_SARA-001526;CH5800761016013456789;2026-01-01;2026-01-01;36.00;CHF;DBIT;PMNT-CCRD-POSD;Badi Baden;;;Einkauf Badi Baden Zürich Karte xxxx 4821;
MARCO_SARA-001527;CH5800761016013456789;2026-01-05;2026-01-05;855.00;CHF;DBIT;PMNT-IDDT-ESDD;CSS Versicherung AG;;;LSV Prämie Grundversicherung Familie;
MARCO_SARA-001528;CH5800761016013456789;2026-01-05;2026-01-05;100.00;CHF;DBIT;PMNT-CCRD-CWDL;;;;Bargeldbezug Postomat Wettingen Karte xxxx 4821;6011
MARCO_SARA-001529;CH5800761016013456789;2026-01-05;2026-01-05;82.30;CHF;DBIT;PMNT-CCRD-POSD;Migrol Tankstelle;;;Einkauf Migrol Tankstelle Baden Karte xxxx 4821;5541
MARCO_SARA-001530;CH5800761016013456789;2026-01-05;2026-01-05;18.75;CHF;DBIT;PMNT-CCRD-POSD;Babywalz;;;Einkauf Babywalz Baden Karte xxxx 4821;5651
MARCO_SARA-001531;CH5800761016013456789;2026-01-05;2026-01-05;22.70;CHF;CRDT;PMNT-RCDT-ESCT;;;;TWINT *Empfangen von Nonna Keller;
MARCO_SARA-001532;CH5800761016013456789;2026-01-06;2026-01-06;40.45;CHF;DBIT;PMNT-CCRD-POSD;IKEA;;;Einkauf IKEA Spreitenbach Karte xxxx 4821;5651
MARCO_SARA-001533;CH5800761016013456789;2026-01-07;2026-01-07;97.00;CHF;DBIT;PMNT-CCRD-POSD;Coop;;;Einkauf Coop Dättwil Karte xxxx 4821;5411
MARCO_SARA-001534;CH5800761016013456789;2026-01-07;2026-01-07;23.35;CHF;DBIT;PMNT-CCRD-POSD;Badi Baden;;;Einkauf Badi Baden Zürich Karte xxxx 4821;
MARCO_SARA-001535;CH5800761016013456789;2026-01-08;2026-01-08;129.00;CHF;DBIT;PMNT-IDDT-ESDD;Swisscom (Schweiz) AG;;;LSV Swisscom blue Abo;
MARCO_SARA-001536;CH5800761016013456789;2026-01-09;2026-01-09;52.25;CHF;DBIT;PMNT-CCRD-POSD;Aldi Suisse;;;Einkauf Aldi Suisse Wettingen Karte xxxx 4821;5411
MARCO_SARA-001537;CH5800761016013456789;2026-01-09;2026-01-09;45.90;CHF;DBIT;PMNT-CCRD-POSD;Kinderarztpraxis Baden;;;Einkauf Kinderarztpraxis Baden Baden Karte xxxx 4821;5912
MARCO_SARA-001538;CH5800761016013456789;2026-01-12;2026-01-12;1150.00;CHF;DBIT;PMNT-ICDT-DMCT;Kita Sonnenschein Baden;;;Zahlung Rechnung Kita Betreuung 01/2026;
MARCO_SARA-001539;CH5800761016013456789;2026-01-12;2026-01-12;260.00;CHF;DBIT;PMNT-CCRD-CWDL;;;;Bargeldbezug Bancomat Raiffeisen Baden Karte xxxx 4821;6011
MARCO_SARA-001540;CH5800761016013456789;2026-01-12;2026-01-12;120.00;CHF;DBIT;PMNT-CCRD-CWDL;;;;Bargeldbezug Bancomat Raiffeisen Baden Karte xxxx 4821;6011
MARCO_SARA-001541;CH5800761016013456789;2026-01-12;2026-01-12;67.35;CHF;DBIT;PMNT-CCRD-POSD;Migrol Tankstelle;;;Einkauf Migrol Tankstelle Baden Karte xxxx 4821;5541
MARCO_SARA-001542;CH5800761016013456789;2026-01-12;2026-01-12;51.25;CHF;DBIT;PMNT-CCRD-POSD;Restaurant Roter Turm;;;Einkauf Restaurant Roter Turm Baden Karte xxxx 4821;5812
MARCO_SARA-001543;CH5800761016013456789;2026-01-12;2026-01-12;20.90;CHF;DBIT;PMNT-CCRD-POSD;Netflix International B.V.;;;Einkauf NETFLIX.COM Karte xxxx 7310;4899
MARCO_SARA-001544;CH5800761016013456789;2026-01-12;2026-01-12;12.60;CHF;DBIT;PMNT-CCRD-POSD;Migros;;;Einkauf Migros Baden Karte xxxx 4821;5411
MARCO_SARA-001545;CH5800761016013456789;2026-01-12;2026-01-12;10.05;CHF;DBIT;PMNT-CCRD-POSD;SBB Mobile;;;Einkauf SBB Mobile Zürich Karte xxxx 4821;4111
MARCO_SARA-001546;CH5800761016013456789;2026-01-12;2026-01-12;48.05;CHF;CRDT;PMNT-RCDT-ESCT;;;;TWINT *Empfangen von Nonna Keller;
MARCO_SARA-001547;CH5800761016013456789;2026-01-12;2026-01-12;200.00;CHF;CRDT;PMNT-RCDT-DMCT;Familienausgleichskasse Aargau;;;Gutschrift Kinderzulage;
MARCO_SARA-001548;CH5800761016013456789;2026-01-14;2026-01-14;63.40;CHF;DBIT;PMNT-CCRD-POSD;Shell;;;Einkauf Shell Baden Karte xxxx 4821;5541
MARCO_SARA-001549;CH5800761016013456789;2026-01-15;2026-01-15;200.00;CHF;DBIT;PMNT-CCRD-CWDL;;;;Bargeldbezug Bancomat Raiffeisen Baden Karte xxxx 4821;6011
MARCO_SARA-001550;CH5800761016013456789;2026-01-15;2026-01-15;42.80;CHF;DBIT;PMNT-CCRD-POSD;Migros;;;Einkauf Migros Dättwil Karte xxxx 4821;5411
MARCO_SARA-001551;CH5800761016013456789;2026-01-15;2026-01-15;189.00;CHF;CRDT;PMNT-RCDT-ESCT;Galaxus;;;Gutschrift Galaxus Retoure;
MARCO_SARA-001552;CH5800761016013456789;2026-01-19;2026-01-19;180.00;CHF;DBIT;PMNT-CCRD-CWDL;;;;Bargeldbezug Postomat Wettingen Karte xxxx 4821;6011
MARCO_SARA-001553;CH5800761016013456789;2026-01-20;2026-01-20;420.00;CHF;DBIT;PMNT-ICDT-DMCT;Die Mobiliar;;;Zahlung Prämie Hausrat Privathaftpflicht;
MARCO_SARA-001554;CH5800761016013456789;2026-01-20;2026-01-20;159.10;CHF;DBIT;PMNT-IDDT-ESDD;Regionalwerke AG Baden;;;LSV Stromrechnung;
MARCO_SARA-001555;CH5800761016013456789;2026-01-20;2026-01-20;31.25;CHF;CRDT;PMNT-RCDT-ESCT;;;;TWINT *Empfangen von Nonna Keller;
MARCO_SARA-001556;CH5800761016013456789;2026-01-21;2026-01-21;82.55;CHF;DBIT;PMNT-CCRD-POSD;Lidl;;;Einkauf Lidl Baden Karte xxxx 4821;5411
MARCO_SARA-001557;CH5800761016013456789;2026-01-21;2026-01-21;58.70;CHF;DBIT;PMNT-CCRD-POSD;Shell;;;Einkauf Shell Baden Karte xxxx 4821;5541
MARCO_SARA-001558;CH5800761016013456789;2026-01-22;2026-01-22;713.70;CHF;DBIT;PMNT-IDDT-ESDD;Cornèrcard;;;Lastschrift Cornèrcard Monatsrechnung 12/2025;
MARCO_SARA-001559;CH5800761016013456789;2026-01-23;2026-01-23;165.85;CHF;DBIT;PMNT-CCRD-POSD;IKEA;;;Einkauf IKEA Spreitenbach Karte xxxx 4821;5651
MARCO_SARA-001560;CH5800761016013456789;2026-01-23;2026-01-23;48.20;CHF;DBIT;PMNT-CCRD-POSD;H&M;;;Einkauf H&M Baden Karte xxxx 4821;5651
MARCO_SARA-001561;CH3200761016019988776;2026-01-26;2026-01-26;1500.00;CHF;CRDT;PMNT-RCDT-BOOK;;CH5800761016013456789;;Übertrag Sparkonto Haus;
MARCO_SARA-001562;CH5800761016013456789;2026-01-26;2026-01-26;1500.00;CHF;DBIT;PMNT-ICDT-BOOK;;CH3200761016019988776;;Übertrag Sparkonto Haus;
MARCO_SARA-001563;CH5800761016013456789;2026-01-26;2026-01-26;73.20;CHF;DBIT;PMNT-CCRD-POSD;Migros;;;Einkauf Migros Dättwil Karte xxxx 4821;5411
MARCO_SARA-001564;CH5800761016013456789;2026-01-26;2026-01-26;71.00;CHF;DBIT;PMNT-CCRD-POSD;Avia Tankstelle;;;Einkauf Avia Tankstelle Baden Karte xxxx 4821;5541
MARCO_SARA-001565;CH5800761016013456789;2026-01-26;2026-01-26;24.50;CHF;DBIT;PMNT-CCRD-POSD;Denner;;;Einkauf Denner Dättwil Karte xxxx 4821;5411
MARCO_SARA-001566;CH5800761016013456789;2026-01-26;2026-01-26;3300.00;CHF;CRDT;PMNT-RCDT-SALA;Kantonsspital Baden AG;CH9300762011623852222;;Lohnzahlung 01/2026 S. Keller;
MARCO_SARA-001567;CH5800761016013456789;2026-01-26;2026-01-26;7450.00;CHF;CRDT;PMNT-RCDT-SALA;ABB Schweiz AG;CH9300762011623852111;;Gutschrift Lohn Januar 2026;
MARCO_SARA-001568;CH5800761016013456789;2026-01-27;2026-01-27;605.00;CHF;DBIT;PMNT-ICDT-STDO;VIAC Vorsorgestiftung 3a;;;Dauerauftrag Säule 3a Einzahlung;
MARCO_SARA-001569;CH5800761016013456789;2026-01-28;2026-01-28;1300.00;CHF;DBIT;PMNT-ICDT-STDO;Steueramt Baden;;;Dauerauftrag Steuern Rate;
MARCO_SARA-001570;CH5800761016013456789;2026-01-28;2026-01-28;5.00;CHF;DBIT;ACMT-MDOP-CHRG;;;;Preis für Kontoführung;
MARCO_SARA-001571;CH5800761016013456789;2026-02-02;2026-02-02;2450.00;CHF;DBIT;PMNT-ICDT-STDO;Wincasa AG;;;Dauerauftrag Miete 4.5 Zi Mellingerstrasse;
MARCO_SARA-001572;CH5800761016013456789;2026-02-02;2026-02-02;120.00;CHF;DBIT;PMNT-ICDT-STDO;Wincasa AG;;;Dauerauftrag Parkplatz Tiefgarage;
MARCO_SARA-001573;CH5800761016013456789;2026-02-02;2026-02-02;80.00;CHF;DBIT;PMNT-CCRD-CWDL;;;;Bargeldbezug Postomat Wettingen Karte xxxx 4821;6011
MARCO_SARA-001574;CH5800761016013456789;2026-02-02;2026-02-02;71.80;CHF;DBIT;PMNT-ICDT-ESCT;;;;TWINT *Sende an Tim Meier;
MARCO_SARA-001575;CH5800761016013456789;2026-02-02;2026-02-02;70.85;CHF;DBIT;PMNT-CCRD-POSD;Migrol Tankstelle;;;Einkauf Migrol Tankstelle Baden Karte xxxx 4821;5541
MARCO_SARA-001576;CH5800761016013456789;2026-02-02;2026-02-02;27.80;CHF;DBIT;PMNT-CCRD-POSD;Migros;;;Einkauf Migros Dättwil Karte xxxx 4821;5411
MARCO_SARA-001577;CH5800761016013456789;2026-02-02;2026-02-02;21.05;CHF;DBIT;PMNT-CCRD-POSD;Denner;;;Einkauf Denner Wettingen Karte xxxx 4821;5411
MARCO_SARA-001578;CH5800761016013456789;2026-02-04;2026-02-04;93.80;CHF;DBIT;PMNT-CCRD-POSD;Migrol Tankstelle;;;Einkauf Migrol Tankstelle Baden Karte xxxx 4821;5541
MARCO_SARA-001579;CH5800761016013456789;2026-02-04;2026-02-04;7.80;CHF;DBIT;PMNT-CCRD-POSD;SBB Mobile;;;Einkauf SBB Mobile Zürich Karte xxxx 4821;4111
MARCO_SARA-001580;CH5800761016013456789;2026-02-05;2026-02-05;855.00;CHF;DBIT;PMNT-IDDT-ESDD;CSS Versicherung AG;;;LSV Prämie Grundversicherung Familie;
MARCO_SARA-001581;CH5800761016013456789;2026-02-06;2026-02-06;81.80;CHF;DBIT;PMNT-CCRD-POSD;Denner;;;Einkauf Denner Wettingen Karte xxxx 4821;5411
MARCO_SARA-001582;CH5800761016013456789;2026-02-06;2026-02-06;67.95;CHF;DBIT;PMNT-CCRD-POSD;Migros;;;Einkauf Migros Wettingen Karte xxxx 4821;5411
MARCO_SARA-001583;CH5800761016013456789;2026-02-06;2026-02-06;52.90;CHF;DBIT;PMNT-CCRD-POSD;Denner;;;Einkauf Denner Baden Karte xxxx 4821;5411
MARCO_SARA-001584;CH5800761016013456789;2026-02-06;2026-02-06;42.65;CHF;DBIT;PMNT-CCRD-POSD;Lidl;;;Einkauf Lidl Dättwil Karte xxxx 4821;5411
MARCO_SARA-001585;CH5800761016013456789;2026-02-09;2026-02-09;198.65;CHF;DBIT;PMNT-CCRD-POSD;Coop;;;Einkauf Coop Wettingen Karte xxxx 4821;5411
MARCO_SARA-001586;CH5800761016013456789;2026-02-09;2026-02-09;192.75;CHF;DBIT;PMNT-CCRD-POSD;Aldi Suisse;;;Einkauf Aldi Suisse Wettingen Karte xxxx 4821;5411
MARCO_SARA-001587;CH5800761016013456789;2026-02-09;2026-02-09;129.00;CHF;DBIT;PMNT-IDDT-ESDD;Swisscom (Schweiz) AG;;;LSV Swisscom blue Abo;
MARCO_SARA-001588;CH5800761016013456789;2026-02-09;2026-02-09;80.85;CHF;DBIT;PMNT-CCRD-POSD;Restaurant Roter Turm;;;Einkauf Restaurant Roter Turm Baden Karte xxxx 4821;5812
MARCO_SARA-001589;CH5800761016013456789;2026-02-10;2026-02-10;150.20;CHF;DBIT;PMNT-CCRD-POSD;Denner;;;Einkauf Denner Wettingen Karte xxxx 4821;5411
MARCO_SARA-001590;CH5800761016013456789;2026-02-10;2026-02-10;124.75;CHF;DBIT;PMNT-CCRD-POSD;Coop;;;Einkauf Coop Dättwil Karte xxxx 4821;5411
MARCO_SARA-001591;CH5800761016013456789;2026-02-10;2026-02-10;44.45;CHF;DBIT;PMNT-CCRD-POSD;Restaurant Roter Turm;;;Einkauf Restaurant Roter Turm Baden Karte xxxx 4821;5812
MARCO_SARA-001592;CH5800761016013456789;2026-02-10;2026-02-10;43.35;CHF;DBIT;PMNT-CCRD-POSD;McDonald's;;;Einkauf McDonald's Baden Karte xxxx 4821;5812
MARCO_SARA-001593;CH5800761016013456789;2026-02-10;2026-02-10;41.60;CHF;DBIT;PMNT-CCRD-POSD;Restaurant Roter Turm;;;Einkauf Restaurant Roter Turm Baden Karte xxxx 4821;5812
MARCO_SARA-001594;CH5800761016013456789;2026-02-10;2026-02-10;200.00;CHF;CRDT;PMNT-RCDT-DMCT;Familienausgleichskasse Aargau;;;Gutschrift Kinderzulage;
MARCO_SARA-001595;CH5800761016013456789;2026-02-11;2026-02-11;31.00;CHF;DBIT;PMNT-CCRD-POSD;Coop;;;Einkauf Coop Dättwil Karte xxxx 4821;5411
MARCO_SARA-001596;CH5800761016013456789;2026-02-11;2026-02-11;20.35;CHF;DBIT;PMNT-CCRD-POSD;Coop;;;Einkauf Coop Dättwil Karte xxxx 4821;5411
MARCO_SARA-001597;CH5800761016013456789;2026-02-12;2026-02-12;1150.00;CHF;DBIT;PMNT-ICDT-DMCT;Kita Sonnenschein Baden;;;Zahlung Rechnung Kita Betreuung 02/2026;
MARCO_SARA-001598;CH5800761016013456789;2026-02-12;2026-02-12;68.65;CHF;DBIT;PMNT-CCRD-POSD;Aldi Suisse;;;Einkauf Aldi Suisse Baden Karte xxxx 4821;5411
MARCO_SARA-001599;CH5800761016013456789;2026-02-12;2026-02-12;20.90;CHF;DBIT;PMNT-CCRD-POSD;Netflix International B.V.;;;Einkauf NETFLIX.COM Karte xxxx 7310;4899
MARCO_SARA-001600;CH5800761016013456789;2026-02-13;2026-02-13;44.55;CHF;DBIT;PMNT-CCRD-POSD;Manor;;;Einkauf Manor Baden Karte xxxx 4821;5651
MARCO_SARA-001601;CH5800761016013456789;2026-02-13;2026-02-13;44.75;CHF;CRDT;PMNT-RCDT-ESCT;;;;TWINT *Empfangen von Tim Meier;
MARCO_SARA-001602;CH5800761016013456789;2026-02-17;2026-02-17;95.30;CHF;DBIT;PMNT-CCRD-POSD;Aldi Suisse;;;Einkauf Aldi Suisse Dättwil Karte xxxx 4821;5411
MARCO_SARA-001603;CH5800761016013456789;2026-02-17;2026-02-17;19.95;CHF;DBIT;PMNT-CCRD-POSD;Kino Trafo;;;Einkauf Kino Trafo Zürich Karte xxxx 4821;
MARCO_SARA-001604;CH5800761016013456789;2026-02-17;2026-02-17;27.60;CHF;CRDT;PMNT-RCDT-ESCT;;;;TWINT *Empfangen von Tim Meier;
MARCO_SARA-001605;CH5800761016013456789;2026-02-18;2026-02-18;380.00;CHF;DBIT;PMNT-ICDT-DMCT;Strassenverkehrsamt Aargau;;;Zahlung Verkehrssteuer Skoda;
MARCO_SARA-001606;CH5800761016013456789;2026-02-18;2026-02-18;31.05;CHF;DBIT;PMNT-CCRD-POSD;Aldi Suisse;;;Einkauf Aldi Suisse Dättwil Karte xxxx 4821;5411
MARCO_SARA-001607;CH5800761016013456789;2026-02-18;2026-02-18;15.40;CHF;DBIT;PMNT-CCRD-POSD;SBB Mobile;;;Einkauf SBB Mobile Zürich Karte xxxx 4821;4111
MARCO_SARA-001608;CH5800761016013456789;2026-02-19;2026-02-19;240.00;CHF;DBIT;PMNT-ICDT-DMCT;Strassenverkehrsamt Aargau;;;Zahlung Verkehrssteuer Clio;
MARCO_SARA-001609;CH5800761016013456789;2026-02-19;2026-02-19;34.90;CHF;DBIT;PMNT-CCRD-POSD;Coop;;;Einkauf Coop Baden Karte xxxx 4821;5411
MARCO_SARA-001610;CH5800761016013456789;2026-02-23;2026-02-23;110.30;CHF;DBIT;PMNT-CCRD-POSD;Migros;;;Einkauf Migros Dättwil Karte xxxx 4821;5411
MARCO_SARA-001611;CH5800761016013456789;2026-02-23;2026-02-23;89.55;CHF;DBIT;PMNT-CCRD-POSD;Avia Tankstelle;;;Einkauf Avia Tankstelle Baden Karte xxxx 4821;5541
MARCO_SARA-001612;CH5800761016013456789;2026-02-23;2026-02-23;86.85;CHF;DBIT;PMNT-IDDT-ESDD;Cornèrcard;;;Lastschrift Cornèrcard Monatsrechnung 01/2026;
MARCO_SARA-001613;CH5800761016013456789;2026-02-23;2026-02-23;19.05;CHF;DBIT;PMNT-CCRD-POSD;Lidl;;;Einkauf Lidl Wettingen Karte xxxx 4821;5411
MARCO_SARA-001614;CH5800761016013456789;2026-02-23;2026-02-23;11.60;CHF;DBIT;PMNT-CCRD-POSD;Kino Trafo;;;Einkauf Kino Trafo Zürich Karte xxxx 4821;
MARCO_SARA-001615;CH5800761016013456789;2026-02-24;2026-02-24;56.10;CHF;DBIT;PMNT-CCRD-POSD;Aldi Suisse;;;Einkauf Aldi Suisse Baden Karte xxxx 4821;5411
MARCO_SARA-001616;CH5800761016013456789;2026-02-25;2026-02-25;120.00;CHF;DBIT;PMNT-CCRD-CWDL;;;;Bargeldbezug Bancomat Raiffeisen Baden Karte xxxx 4821;6011
MARCO_SARA-001617;CH5800761016013456789;2026-02-25;2026-02-25;37.90;CHF;DBIT;PMNT-CCRD-POSD;Babywalz;;;Einkauf Babywalz Baden Karte xxxx 4821;5651
MARCO_SARA-001618;CH5800761016013456789;2026-02-25;2026-02-25;7450.00;CHF;CRDT;PMNT-RCDT-SALA;ABB Schweiz AG;CH9300762011623852111;;Gutschrift Lohn Februar 2026;
MARCO_SARA-001619;CH3200761016019988776;2026-02-26;2026-02-26;1500.00;CHF;CRDT;PMNT-RCDT-BOOK;;CH5800761016013456789;;Übertrag Sparkonto Haus;
MARCO_SARA-001620;CH5800761016013456789;2026-02-26;2026-02-26;1500.00;CHF;DBIT;PMNT-ICDT-BOOK;;CH3200761016019988776;;Übertrag Sparkonto Haus;
MARCO_SARA-001621;CH5800761016013456789;2026-02-26;2026-02-26;64.30;CHF;DBIT;PMNT-CCRD-POSD;McDonald's;;;Einkauf McDonald's Baden Karte xxxx 4821;5812
MARCO_SARA-001622;CH5800761016013456789;2026-02-26;2026-02-26;54.60;CHF;DBIT;PMNT-CCRD-POSD;Lidl;;;Einkauf Lidl Baden Karte xxxx 4821;5411
MARCO_SARA-001623;CH5800761016013456789;2026-02-26;2026-02-26;3300.00;CHF;CRDT;PMNT-RCDT-SALA;Kantonsspital Baden AG;CH9300762011623852222;;Lohnzahlung 02/2026 S. Keller;
MARCO_SARA-001624;CH5800761016013456789;2026-02-27;2026-02-27;605.00;CHF;DBIT;PMNT-ICDT-STDO;VIAC Vorsorgestiftung 3a;;;Dauerauftrag Säule 3a Einzahlung;
MARCO_SARA-001625;CH5800761016013456789;2026-02-27;2026-02-27;109.65;CHF;DBIT;PMNT-CCRD-POSD;Denner;;;Einkauf Denner Baden Karte xxxx 4821;5411
MARCO_SARA-001626;CH5800761016013456789;2026-02-27;2026-02-27;107.55;CHF;DBIT;PMNT-CCRD-POSD;McDonald's;;;Einkauf McDonald's Baden Karte xxxx 4821;5812
MARCO_SARA-001627;CH5800761016013456789;2026-02-27;2026-02-27;70.35;CHF;DBIT;PMNT-CCRD-POSD;Zoo Zürich;;;Einkauf Zoo Zürich Zürich Karte xxxx 4821;
MARCO_SARA-001628;CH5800761016013456789;2026-03-02;2026-03-02;2450.00;CHF;DBIT;PMNT-ICDT-STDO;Wincasa AG;;;Dauerauftrag Miete 4.5 Zi Mellingerstrasse;
MARCO_SARA-001629;CH5800761016013456789;2026-03-02;2026-03-02;1300.00;CHF;DBIT;PMNT-ICDT-STDO;Steueramt Baden;;;Dauerauftrag Steuern Rate;
MARCO_SARA-001630;CH5800761016013456789;2026-03-02;2026-03-02;120.00;CHF;DBIT;PMNT-ICDT-STDO;Wincasa AG;;;Dauerauftrag Parkplatz Tiefgarage;
MARCO_SARA-001631;CH5800761016013456789;2026-03-02;2026-03-02;120.00;CHF;DBIT;PMNT-CCRD-CWDL;;;;Bargeldbezug Bancomat Raiffeisen Baden Karte xxxx 4821;6011
MARCO_SARA-001632;CH5800761016013456789;2026-03-02;2026-03-02;116.25;CHF;DBIT;PMNT-CCRD-POSD;Aldi Suisse;;;Einkauf Aldi Suisse Dättwil Karte xxxx 4821;5411
MARCO_SARA-001633;CH5800761016013456789;2026-03-02;2026-03-02;67.30;CHF;DBIT;PMNT-CCRD-POSD;Restaurant Roter Turm;;;Einkauf Restaurant Roter Turm Baden Karte xxxx 4821;5812
MARCO_SARA-001634;CH5800761016013456789;2026-03-02;2026-03-02;61.00;CHF;DBIT;PMNT-ICDT-ESCT;;;;TWINT *Sende an Tim Meier;
MARCO_SARA-001635;CH5800761016013456789;2026-03-02;2026-03-02;52.65;CHF;DBIT;PMNT-CCRD-POSD;H&M;;;Einkauf H&M Baden Karte xxxx 4821;5651
MARCO_SARA-001636;CH5800761016013456789;2026-03-02;2026-03-02;5.00;CHF;DBIT;ACMT-MDOP-CHRG;;;;Preis für Kontoführung;
MARCO_SARA-001637;CH5800761016013456789;2026-03-03;2026-03-03;33.50;CHF;DBIT;PMNT-CCRD-POSD;Coop;;;Einkauf Coop Dättwil Karte xxxx 4821;5411
MARCO_SARA-001638;CH5800761016013456789;2026-03-03;2026-03-03;29.50;CHF;CRDT;PMNT-RCDT-ESCT;;;;TWINT *Empfangen von Laura Frei;
MARCO_SARA-001639;CH5800761016013456789;2026-03-04;2026-03-04;97.85;CHF;DBIT;PMNT-CCRD-POSD;McDonald's;;;Einkauf McDonald's Baden Karte xxxx 4821;5812
MARCO_SARA-001640;CH5800761016013456789;2026-03-04;2026-03-04;82.45;CHF;DBIT;PMNT-CCRD-POSD;Lidl;;;Einkauf Lidl Dättwil Karte xxxx 4821;5411
MARCO_SARA-001641;CH5800761016013456789;2026-03-04;2026-03-04;47.00;CHF;DBIT;PMNT-CCRD-POSD;Zoo Zürich;;;Einkauf Zoo Zürich Zürich Karte xxxx 4821;
MARCO_SARA-001642;CH5800761016013456789;2026-03-05;2026-03-05;855.00;CHF;DBIT;PMNT-IDDT-ESDD;CSS Versicherung AG;;;LSV Prämie Grundversicherung Familie;
MARCO_SARA-001643;CH5800761016013456789;2026-03-05;2026-03-05;79.65;CHF;DBIT;PMNT-CCRD-POSD;IKEA;;;Einkauf IKEA Spreitenbach Karte xxxx 4821;5651
MARCO_SARA-001644;CH5800761016013456789;2026-03-06;2026-03-06;48.00;CHF;DBIT;PMNT-ICDT-ESCT;;;;TWINT *Sende an Tim Meier;
MARCO_SARA-001645;CH5800761016013456789;2026-03-06;2026-03-06;37.65;CHF;DBIT;PMNT-CCRD-POSD;SBB Mobile;;;Einkauf SBB Mobile Zürich Karte xxxx 4821;4111
MARCO_SARA-001646;CH5800761016013456789;2026-03-06;2026-03-06;10.30;CHF;DBIT;PMNT-CCRD-POSD;Babywalz;;;Einkauf Babywalz Spreitenbach Karte xxxx 4821;5651
MARCO_SARA-001647;CH5800761016013456789;2026-03-09;2026-03-09;129.00;CHF;DBIT;PMNT-IDDT-ESDD;Swisscom (Schweiz) AG;;;LSV Swisscom blue Abo;
MARCO_SARA-001648;CH5800761016013456789;2026-03-09;2026-03-09;88.65;CHF;DBIT;PMNT-CCRD-POSD;Avia Tankstelle;;;Einkauf Avia Tankstelle Baden Karte xxxx 4821;5541
MARCO_SARA-001649;CH5800761016013456789;2026-03-09;2026-03-09;17.35;CHF;DBIT;PMNT-CCRD-POSD;Denner;;;Einkauf Denner Baden Karte xxxx 4821;5411
MARCO_SARA-001650;CH5800761016013456789;2026-03-09;2026-03-09;31.25;CHF;CRDT;PMNT-RCDT-ESCT;;;;TWINT *Empfangen von Tim Meier;
MARCO_SARA-001651;CH5800761016013456789;2026-03-10;2026-03-10;1150.00;CHF;DBIT;PMNT-ICDT-DMCT;Mobiliar Versicherungen;;;Zahlung Motorfahrzeugversicherung Skoda;
MARCO_SARA-001652;CH5800761016013456789;2026-03-10;2026-03-10;67.20;CHF;DBIT;PMNT-CCRD-POSD;Aldi Suisse;;;Einkauf Aldi Suisse Dättwil Karte xxxx 4821;5411
MARCO_SARA-001653;CH5800761016013456789;2026-03-10;2026-03-10;37.60;CHF;DBIT;PMNT-CCRD-POSD;Coop;;;Einkauf Coop Baden Karte xxxx 4821;5411
MARCO_SARA-001654;CH5800761016013456789;2026-03-10;2026-03-10;200.00;CHF;CRDT;PMNT-RCDT-DMCT;Familienausgleichskasse Aargau;;;Gutschrift Kinderzulage;
MARCO_SARA-001655;CH5800761016013456789;2026-03-11;2026-03-11;22.30;CHF;DBIT;PMNT-CCRD-POSD;IKEA;;;Einkauf IKEA Baden Karte xxxx 4821;5651
MARCO_SARA-001656;CH5800761016013456789;2026-03-11;2026-03-11;21.35;CHF;DBIT;PMNT-ICDT-ESCT;;;;TWINT *Sende an Laura Frei;
MARCO_SARA-001657;CH5800761016013456789;2026-03-12;2026-03-12;1150.00;CHF;DBIT;PMNT-ICDT-DMCT;Kita Sonnenschein Baden;;;Zahlung Rechnung Kita Betreuung 03/2026;
MARCO_SARA-001658;CH5800761016013456789;2026-03-12;2026-03-12;91.45;CHF;DBIT;PMNT-CCRD-POSD;Denner;;;Einkauf Denner Dättwil Karte xxxx 4821;5411
MARCO_SARA-001659;CH5800761016013456789;2026-03-12;2026-03-12;20.90;CHF;DBIT;PMNT-CCRD-POSD;Netflix International B.V.;;;Einkauf NETFLIX.COM Karte xxxx 7310;4899
MARCO_SARA-001660;CH5800761016013456789;2026-03-13;2026-03-13;84.60;CHF;DBIT;PMNT-CCRD-POSD;Migros;;;Einkauf Migros Dättwil Karte xxxx 4821;5411
MARCO_SARA-001661;CH5800761016013456789;2026-03-16;2026-03-16;55.95;CHF;DBIT;PMNT-CCRD-POSD;Restaurant Roter Turm;;;Einkauf Restaurant Roter Turm Baden Karte xxxx 4821;5812
MARCO_SARA-001662;CH5800761016013456789;2026-03-16;2026-03-16;54.45;CHF;DBIT;PMNT-CCRD-POSD;Avia Tankstelle;;;Einkauf Avia Tankstelle Baden Karte xxxx 4821;5541
MARCO_SARA-001663;CH5800761016013456789;2026-03-16;2026-03-16;40.20;CHF;DBIT;PMNT-CCRD-POSD;Aldi Suisse;;;Einkauf Aldi Suisse Wettingen Karte xxxx 4821;5411
MARCO_SARA-001664;CH5800761016013456789;2026-03-16;2026-03-16;37.25;CHF;DBIT;PMNT-CCRD-POSD;McDonald's;;;Einkauf McDonald's Baden Karte xxxx 4821;5812
MARCO_SARA-001665;CH5800761016013456789;2026-03-23;2026-03-23;198.20;CHF;DBIT;PMNT-IDDT-ESDD;Cornèrcard;;;Lastschrift Cornèrcard Monatsrechnung 02/2026;
MARCO_SARA-001666;CH5800761016013456789;2026-03-23;2026-03-23;171.35;CHF;DBIT;PMNT-CCRD-POSD;Galaxus;;;Einkauf Galaxus Baden Karte xxxx 4821;5651
MARCO_SARA-001667;CH5800761016013456789;2026-03-23;2026-03-23;102.40;CHF;DBIT;PMNT-CCRD-POSD;Decathlon;;;Einkauf Decathlon Spreitenbach Karte xxxx 4821;5651
MARCO_SARA-001668;CH5800761016013456789;2026-03-23;2026-03-23;50.30;CHF;DBIT;PMNT-ICDT-ESCT;;;;TWINT *Sende an Laura Frei;
MARCO_SARA-001669;CH5800761016013456789;2026-03-23;2026-03-23;29.80;CHF;DBIT;PMNT-CCRD-POSD;Aldi Suisse;;;Einkauf Aldi Suisse Baden Karte xxxx 4821;5411
MARCO_SARA-001670;CH5800761016013456789;2026-03-23;2026-03-23;102.20;CHF;CRDT;PMNT-RCDT-ESCT;;;;TWINT *Empfangen von Laura Frei;
MARCO_SARA-001671;CH5800761016013456789;2026-03-24;2026-03-24;108.20;CHF;DBIT;PMNT-CCRD-POSD;Lidl;;;Einkauf Lidl Baden Karte xxxx 4821;5411
MARCO_SARA-001672;CH5800761016013456789;2026-03-24;2026-03-24;61.95;CHF;DBIT;PMNT-CCRD-POSD;Coop Pronto Tankstelle;;;Einkauf Coop Pronto Tankstelle Baden Karte xxxx 4821;5541
MARCO_SARA-001673;CH5800761016013456789;2026-03-25;2026-03-25;7450.00;CHF;CRDT;PMNT-RCDT-SALA;ABB Schweiz AG;CH9300762011623852111;;Gutschrift Lohn März 2026;
MARCO_SARA-001674;CH3200761016019988776;2026-03-26;2026-03-26;1500.00;CHF;CRDT;PMNT-RCDT-BOOK;;CH5800761016013456789;;Übertrag Sparkonto Haus;
MARCO_SARA-001675;CH5800761016013456789;2026-03-26;2026-03-26;1500.00;CHF;DBIT;PMNT-ICDT-BOOK;;CH3200761016019988776;;Übertrag Sparkonto Haus;
MARCO_SARA-001676;CH5800761016013456789;2026-03-26;2026-03-26;62.65;CHF;DBIT;PMNT-CCRD-POSD;Pizzeria Da Mario;;;Einkauf Pizzeria Da Mario Baden Karte xxxx 4821;5812
MARCO_SARA-001677;CH5800761016013456789;2026-03-26;2026-03-26;38.75;CHF;DBIT;PMNT-ICDT-ESCT;;;;TWINT *Sende an Nonna Keller;
MARCO_SARA-001678;CH5800761016013456789;2026-03-26;2026-03-26;15.20;CHF;DBIT;PMNT-CCRD-POSD;Kino Trafo;;;Einkauf Kino Trafo Zürich Karte xxxx 4821;
MARCO_SARA-001679;CH5800761016013456789;2026-03-26;2026-03-26;30.45;CHF;CRDT;PMNT-RCDT-ESCT;;;;TWINT *Empfangen von Tim Meier;
MARCO_SARA-001680;CH5800761016013456789;2026-03-26;2026-03-26;3300.00;CHF;CRDT;PMNT-RCDT-SALA;Kantonsspital Baden AG;CH9300762011623852222;;Lohnzahlung 03/2026 S. Keller;
MARCO_SARA-001681;CH5800761016013456789;2026-03-27;2026-03-27;605.00;CHF;DBIT;PMNT-ICDT-STDO;VIAC Vorsorgestiftung 3a;;;Dauerauftrag Säule 3a Einzahlung;
MARCO_SARA-001682;CH5800761016013456789;2026-03-27;2026-03-27;87.65;CHF;DBIT;PMNT-CCRD-POSD;Shell;;;Einkauf Shell Baden Karte xxxx 4821;5541
MARCO_SARA-001683;CH5800761016013456789;2026-03-30;2026-03-30;1300.00;CHF;DBIT;PMNT-ICDT-STDO;Steueramt Baden;;;Dauerauftrag Steuern Rate;
MARCO_SARA-001684;CH5800761016013456789;2026-03-30;2026-03-30;5.00;CHF;DBIT;ACMT-MDOP-CHRG;;;;Preis für Kontoführung;
MARCO_SARA-001685;CH5800761016013456789;2026-04-01;2026-04-01;2450.00;CHF;DBIT;PMNT-ICDT-STDO;Wincasa AG;;;Dauerauftrag Miete 4.5 Zi Mellingerstrasse;
MARCO_SARA-001686;CH5800761016013456789;2026-04-01;2026-04-01;120.00;CHF;DBIT;PMNT-ICDT-STDO;Wincasa AG;;;Dauerauftrag Parkplatz Tiefgarage;
MARCO_SARA-001687;CH5800761016013456789;2026-04-01;2026-04-01;40.65;CHF;DBIT;PMNT-CCRD-POSD;Coop;;;Einkauf Coop Wettingen Karte xxxx 4821;5411
MARCO_SARA-001688;CH5800761016013456789;2026-04-02;2026-04-02;129.10;CHF;DBIT;PMNT-CCRD-POSD;Restaurant Roter Turm;;;Einkauf Restaurant Roter Turm Baden Karte xxxx 4821;5812
MARCO_SARA-001689;CH5800761016013456789;2026-04-03;2026-04-03;79.25;CHF;DBIT;PMNT-CCRD-POSD;Shell;;;Einkauf Shell Baden Karte xxxx 4821;5541
MARCO_SARA-001690;CH5800761016013456789;2026-04-06;2026-04-06;855.00;CHF;DBIT;PMNT-IDDT-ESDD;CSS Versicherung AG;;;LSV Prämie Grundversicherung Familie;
MARCO_SARA-001691;CH5800761016013456789;2026-04-06;2026-04-06;118.70;CHF;DBIT;PMNT-CCRD-POSD;Aldi Suisse;;;Einkauf Aldi Suisse Baden Karte xxxx 4821;5411
MARCO_SARA-001692;CH5800761016013456789;2026-04-06;2026-04-06;85.30;CHF;DBIT;PMNT-CCRD-POSD;Kinderarztpraxis Baden;;;Einkauf Kinderarztpraxis Baden Baden Karte xxxx 4821;5912
MARCO_SARA-001693;CH5800761016013456789;2026-04-06;2026-04-06;81.50;CHF;DBIT;PMNT-CCRD-POSD;Badi Baden;;;Einkauf Badi Baden Zürich Karte xxxx 4821;
MARCO_SARA-001694;CH5800761016013456789;2026-04-06;2026-04-06;55.30;CHF;DBIT;PMNT-CCRD-POSD;McDonald's;;;Einkauf McDonald's Baden Karte xxxx 4821;5812
MARCO_SARA-001695;CH5800761016013456789;2026-04-06;2026-04-06;24.10;CHF;DBIT;PMNT-CCRD-POSD;Denner;;;Einkauf Denner Dättwil Karte xxxx 4821;5411
MARCO_SARA-001696;CH5800761016013456789;2026-04-06;2026-04-06;22.65;CHF;DBIT;PMNT-CCRD-POSD;Restaurant Roter Turm;;;Einkauf Restaurant Roter Turm Baden Karte xxxx 4821;5812
MARCO_SARA-001697;CH5800761016013456789;2026-04-07;2026-04-07;168.40;CHF;DBIT;PMNT-ICDT-ESCT;;;;TWINT *Sende an Laura Frei;
MARCO_SARA-001698;CH5800761016013456789;2026-04-08;2026-04-08;129.00;CHF;DBIT;PMNT-IDDT-ESDD;Swisscom (Schweiz) AG;;;LSV Swisscom blue Abo;
MARCO_SARA-001699;CH5800761016013456789;2026-04-09;2026-04-09;21.15;CHF;DBIT;PMNT-CCRD-POSD;Zoo Zürich;;;Einkauf Zoo Zürich Zürich Karte xxxx 4821;
MARCO_SARA-001700;CH5800761016013456789;2026-04-10;2026-04-10;21.20;CHF;DBIT;PMNT-CCRD-POSD;SBB Mobile;;;Einkauf SBB Mobile Zürich Karte xxxx 4821;4111
MARCO_SARA-001701;CH5800761016013456789;2026-04-10;2026-04-10;200.00;CHF;CRDT;PMNT-RCDT-DMCT;Familienausgleichskasse Aargau;;;Gutschrift Kinderzulage;
MARCO_SARA-001702;CH5800761016013456789;2026-04-13;2026-04-13;1150.00;CHF;DBIT;PMNT-ICDT-DMCT;Kita Sonnenschein Baden;;;Zahlung Rechnung Kita Betreuung 04/2026;
MARCO_SARA-001703;CH5800761016013456789;2026-04-13;2026-04-13;335.00;CHF;DBIT;PMNT-ICDT-DMCT;Serafe AG;;;Zahlung Radio- und Fernsehabgabe 2026;
MARCO_SARA-001704;CH5800761016013456789;2026-04-13;2026-04-13;260.00;CHF;DBIT;PMNT-ICDT-DMCT;Hausarztpraxis Baden;;Honorarrechnung;Zahlung Rechnung Hausarztpraxis Baden;
MARCO_SARA-001705;CH5800761016013456789;2026-04-13;2026-04-13;116.40;CHF;DBIT;PMNT-CCRD-POSD;Migros;;;Einkauf Migros Wettingen Karte xxxx 4821;5411
MARCO_SARA-001706;CH5800761016013456789;2026-04-13;2026-04-13;58.60;CHF;DBIT;PMNT-CCRD-POSD;Decathlon;;;Einkauf Decathlon Spreitenbach Karte xxxx 4821;5651
MARCO_SARA-001707;CH5800761016013456789;2026-04-13;2026-04-13;53.60;CHF;DBIT;PMNT-CCRD-POSD;Kino Trafo;;;Einkauf Kino Trafo Zürich Karte xxxx 4821;
MARCO_SARA-001708;CH5800761016013456789;2026-04-13;2026-04-13;41.20;CHF;DBIT;PMNT-CCRD-POSD;Denner;;;Einkauf Denner Wettingen Karte xxxx 4821;5411
MARCO_SARA-001709;CH5800761016013456789;2026-04-13;2026-04-13;24.75;CHF;DBIT;PMNT-CCRD-POSD;SBB Mobile;;;Einkauf SBB Mobile Zürich Karte xxxx 4821;4111
MARCO_SARA-001710;CH5800761016013456789;2026-04-13;2026-04-13;20.90;CHF;DBIT;PMNT-CCRD-POSD;Netflix International B.V.;;;Einkauf NETFLIX.COM Karte xxxx 7310;4899
MARCO_SARA-001711;CH5800761016013456789;2026-04-14;2026-04-14;113.30;CHF;DBIT;PMNT-CCRD-POSD;Denner;;;Einkauf Denner Baden Karte xxxx 4821;5411
MARCO_SARA-001712;CH5800761016013456789;2026-04-15;2026-04-15;649.95;CHF;DBIT;PMNT-ICDT-DMCT;Garage Baden AG;;;Zahlung Rechnung Service;
MARCO_SARA-001713;CH5800761016013456789;2026-04-15;2026-04-15;69.00;CHF;DBIT;PMNT-CCRD-POSD;Aldi Suisse;;;Einkauf Aldi Suisse Dättwil Karte xxxx 4821;5411
MARCO_SARA-001714;CH5800761016013456789;2026-04-15;2026-04-15;30.45;CHF;DBIT;PMNT-CCRD-POSD;Kino Trafo;;;Einkauf Kino Trafo Zürich Karte xxxx 4821;
MARCO_SARA-001715;CH5800761016013456789;2026-04-15;2026-04-15;26.60;CHF;DBIT;PMNT-CCRD-POSD;McDonald's;;;Einkauf McDonald's Baden Karte xxxx 4821;5812
MARCO_SARA-001716;CH5800761016013456789;2026-04-15;2026-04-15;25.20;CHF;DBIT;PMNT-CCRD-POSD;Aldi Suisse;;;Einkauf Aldi Suisse Wettingen Karte xxxx 4821;5411
MARCO_SARA-001717;CH5800761016013456789;2026-04-15;2026-04-15;17.10;CHF;DBIT;PMNT-CCRD-POSD;SBB Mobile;;;Einkauf SBB Mobile Zürich Karte xxxx 4821;4111
MARCO_SARA-001718;CH5800761016013456789;2026-04-16;2026-04-16;467.20;CHF;DBIT;PMNT-CCRD-POSD;H&M;;;Einkauf H&M Baden Karte xxxx 4821;5651
MARCO_SARA-001719;CH5800761016013456789;2026-04-16;2026-04-16;152.80;CHF;DBIT;PMNT-CCRD-POSD;Pizzeria Da Mario;;;Einkauf Pizzeria Da Mario Baden Karte xxxx 4821;5812
MARCO_SARA-001720;CH5800761016013456789;2026-04-17;2026-04-17;118.85;CHF;DBIT;PMNT-CCRD-POSD;Aldi Suisse;;;Einkauf Aldi Suisse Wettingen Karte xxxx 4821;5411
MARCO_SARA-001721;CH5800761016013456789;2026-04-20;2026-04-20;178.15;CHF;DBIT;PMNT-IDDT-ESDD;Regionalwerke AG Baden;;;LSV Stromrechnung;
MARCO_SARA-001722;CH5800761016013456789;2026-04-20;2026-04-20;140.00;CHF;DBIT;PMNT-CCRD-CWDL;;;;Bargeldbezug Bancomat Raiffeisen Baden Karte xxxx 4821;6011
MARCO_SARA-001723;CH5800761016013456789;2026-04-20;2026-04-20;112.75;CHF;DBIT;PMNT-CCRD-POSD;Migrol Tankstelle;;;Einkauf Migrol Tankstelle Baden Karte xxxx 4821;5541
MARCO_SARA-001724;CH5800761016013456789;2026-04-20;2026-04-20;104.60;CHF;DBIT;PMNT-CCRD-POSD;Galaxus;;;Einkauf Galaxus Spreitenbach Karte xxxx 4821;5651
MARCO_SARA-001725;CH5800761016013456789;2026-04-20;2026-04-20;50.65;CHF;DBIT;PMNT-CCRD-POSD;Zoo Zürich;;;Einkauf Zoo Zürich Zürich Karte xxxx 4821;
MARCO_SARA-001726;CH5800761016013456789;2026-04-20;2026-04-20;24.30;CHF;DBIT;PMNT-CCRD-POSD;SBB Mobile;;;Einkauf SBB Mobile Zürich Karte xxxx 4821;4111
MARCO_SARA-001727;CH5800761016013456789;2026-04-20;2026-04-20;20.30;CHF;DBIT;PMNT-CCRD-POSD;SBB Mobile;;;Einkauf SBB Mobile Zürich Karte xxxx 4821;4111
MARCO_SARA-001728;CH5800761016013456789;2026-04-20;2026-04-20;14.15;CHF;DBIT;PMNT-ICDT-ESCT;;;;TWINT *Sende an Tim Meier;
MARCO_SARA-001729;CH5800761016013456789;2026-04-22;2026-04-22;80.70;CHF;DBIT;PMNT-CCRD-POSD;Aldi Suisse;;;Einkauf Aldi Suisse Wettingen Karte xxxx 4821;5411
MARCO_SARA-001730;CH5800761016013456789;2026-04-22;2026-04-22;61.55;CHF;DBIT;PMNT-CCRD-POSD;Restaurant Roter Turm;;;Einkauf Restaurant Roter Turm Baden Karte xxxx 4821;5812
MARCO_SARA-001731;CH5800761016013456789;2026-04-22;2026-04-22;38.45;CHF;DBIT;PMNT-CCRD-POSD;Restaurant Roter Turm;;;Einkauf Restaurant Roter Turm Baden Karte xxxx 4821;5812
MARCO_SARA-001732;CH5800761016013456789;2026-04-23;2026-04-23;97.40;CHF;DBIT;PMNT-CCRD-POSD;Decathlon;;;Einkauf Decathlon Baden Karte xxxx 4821;5651
MARCO_SARA-001733;CH5800761016013456789;2026-04-23;2026-04-23;88.95;CHF;DBIT;PMNT-CCRD-POSD;Coop;;;Einkauf Coop Dättwil Karte xxxx 4821;5411
MARCO_SARA-001734;CH5800761016013456789;2026-04-24;2026-04-24;80.00;CHF;DBIT;PMNT-CCRD-CWDL;;;;Bargeldbezug Postomat Wettingen Karte xxxx 4821;6011
MARCO_SARA-001735;CH5800761016013456789;2026-04-24;2026-04-24;53.60;CHF;DBIT;PMNT-CCRD-POSD;Denner;;;Einkauf Denner Dättwil Karte xxxx 4821;5411
MARCO_SARA-001736;CH3200761016019988776;2026-04-27;2026-04-27;1500.00;CHF;CRDT;PMNT-RCDT-BOOK;;CH5800761016013456789;;Übertrag Sparkonto Haus;
MARCO_SARA-001737;CH5800761016013456789;2026-04-27;2026-04-27;1500.00;CHF;DBIT;PMNT-ICDT-BOOK;;CH3200761016019988776;;Übertrag Sparkonto Haus;
MARCO_SARA-001738;CH5800761016013456789;2026-04-27;2026-04-27;605.00;CHF;DBIT;PMNT-ICDT-STDO;VIAC Vorsorgestiftung 3a;;;Dauerauftrag Säule 3a Einzahlung;
MARCO_SARA-001739;CH5800761016013456789;2026-04-27;2026-04-27;203.35;CHF;DBIT;PMNT-ICDT-DMCT;Hausarztpraxis Baden;;Honorarrechnung;Zahlung Rechnung Hausarztpraxis Baden;
MARCO_SARA-001740;CH5800761016013456789;2026-04-27;2026-04-27;72.10;CHF;DBIT;PMNT-CCRD-POSD;Decathlon;;;Einkauf Decathlon Spreitenbach Karte xxxx 4821;5651
MARCO_SARA-001741;CH5800761016013456789;2026-04-27;2026-04-27;67.65;CHF;DBIT;PMNT-CCRD-POSD;Avia Tankstelle;;;Einkauf Avia Tankstelle Baden Karte xxxx 4821;5541
MARCO_SARA-001742;CH5800761016013456789;2026-04-27;2026-04-27;63.45;CHF;DBIT;PMNT-CCRD-POSD;Coop;;;Einkauf Coop Baden Karte xxxx 4821;5411
MARCO_SARA-001743;CH5800761016013456789;2026-04-27;2026-04-27;55.45;CHF;DBIT;PMNT-CCRD-POSD;Galaxus;;;Einkauf Galaxus Spreitenbach Karte xxxx 4821;5651
MARCO_SARA-001744;CH5800761016013456789;2026-04-27;2026-04-27;36.55;CHF;DBIT;PMNT-CCRD-POSD;Restaurant Roter Turm;;;Einkauf Restaurant Roter Turm Baden Karte xxxx 4821;5812
MARCO_SARA-001745;CH5800761016013456789;2026-04-27;2026-04-27;17.65;CHF;DBIT;PMNT-CCRD-POSD;Coop;;;Einkauf Coop Baden Karte xxxx 4821;5411
MARCO_SARA-001746;CH5800761016013456789;2026-04-27;2026-04-27;13.80;CHF;DBIT;PMNT-CCRD-POSD;Babywalz;;;Einkauf Babywalz Baden Karte xxxx 4821;5651
MARCO_SARA-001747;CH5800761016013456789;2026-04-27;2026-04-27;3300.00;CHF;CRDT;PMNT-RCDT-SALA;Kantonsspital Baden AG;CH9300762011623852222;;Lohnzahlung 04/2026 S. Keller;
MARCO_SARA-001748;CH5800761016013456789;2026-04-27;2026-04-27;7450.00;CHF;CRDT;PMNT-RCDT-SALA;ABB Schweiz AG;CH9300762011623852111;;Gutschrift Lohn April 2026;
MARCO_SARA-001749;CH5800761016013456789;2026-04-28;2026-04-28;1300.00;CHF;DBIT;PMNT-ICDT-STDO;Steueramt Baden;;;Dauerauftrag Steuern Rate;
MARCO_SARA-001750;CH5800761016013456789;2026-04-28;2026-04-28;150.10;CHF;DBIT;PMNT-CCRD-POSD;Aldi Suisse;;;Einkauf Aldi Suisse Wettingen Karte xxxx 4821;5411
MARCO_SARA-001751;CH5800761016013456789;2026-04-28;2026-04-28;88.10;CHF;DBIT;PMNT-CCRD-POSD;Aldi Suisse;;;Einkauf Aldi Suisse Wettingen Karte xxxx 4821;5411
MARCO_SARA-001752;CH5800761016013456789;2026-04-28;2026-04-28;79.30;CHF;DBIT;PMNT-CCRD-POSD;H&M;;;Einkauf H&M Baden Karte xxxx 4821;5651
MARCO_SARA-001753;CH5800761016013456789;2026-04-28;2026-04-28;74.70;CHF;DBIT;PMNT-CCRD-POSD;Shell;;;Einkauf Shell Baden Karte xxxx 4821;5541
MARCO_SARA-001754;CH5800761016013456789;2026-04-28;2026-04-28;53.90;CHF;DBIT;PMNT-CCRD-POSD;Shell;;;Einkauf Shell Baden Karte xxxx 4821;5541
MARCO_SARA-001755;CH5800761016013456789;2026-04-28;2026-04-28;15.90;CHF;DBIT;PMNT-CCRD-POSD;Denner;;;Einkauf Denner Wettingen Karte xxxx 4821;5411
MARCO_SARA-001756;CH5800761016013456789;2026-04-28;2026-04-28;5.00;CHF;DBIT;ACMT-MDOP-CHRG;;;;Preis für Kontoführung;
MARCO_SARA-001757;CH5800761016013456789;2026-05-01;2026-05-01;2450.00;CHF;DBIT;PMNT-ICDT-STDO;Wincasa AG;;;Dauerauftrag Miete 4.5 Zi Mellingerstrasse;
MARCO_SARA-001758;CH5800761016013456789;2026-05-01;2026-05-01;120.00;CHF;DBIT;PMNT-ICDT-STDO;Wincasa AG;;;Dauerauftrag Parkplatz Tiefgarage;
MARCO_SARA-001759;CH5800761016013456789;2026-05-04;2026-05-04;82.00;CHF;DBIT;PMNT-CCRD-POSD;Avia Tankstelle;;;Einkauf Avia Tankstelle Baden Karte xxxx 4821;5541
MARCO_SARA-001760;CH5800761016013456789;2026-05-04;2026-05-04;71.15;CHF;DBIT;PMNT-CCRD-POSD;McDonald's;;;Einkauf McDonald's Baden Karte xxxx 4821;5812
MARCO_SARA-001761;CH5800761016013456789;2026-05-04;2026-05-04;68.40;CHF;DBIT;PMNT-CCRD-POSD;Lidl;;;Einkauf Lidl Dättwil Karte xxxx 4821;5411
MARCO_SARA-001762;CH5800761016013456789;2026-05-04;2026-05-04;40.35;CHF;DBIT;PMNT-CCRD-POSD;McDonald's;;;Einkauf McDonald's Baden Karte xxxx 4821;5812
MARCO_SARA-001763;CH5800761016013456789;2026-05-04;2026-05-04;38.70;CHF;DBIT;PMNT-CCRD-POSD;Coop;;;Einkauf Coop Baden Karte xxxx 4821;5411
MARCO_SARA-001764;CH5800761016013456789;2026-05-04;2026-05-04;16.70;CHF;DBIT;PMNT-ICDT-ESCT;;;;TWINT *Sende an Nonna Keller;
MARCO_SARA-001765;CH5800761016013456789;2026-05-05;2026-05-05;855.00;CHF;DBIT;PMNT-IDDT-ESDD;CSS Versicherung AG;;;LSV Prämie Grundversicherung Familie;
MARCO_SARA-001766;CH5800761016013456789;2026-05-05;2026-05-05;137.10;CHF;DBIT;PMNT-CCRD-POSD;Zoo Zürich;;;Einkauf Zoo Zürich Zürich Karte xxxx 4821;
MARCO_SARA-001767;CH5800761016013456789;2026-05-05;2026-05-05;26.25;CHF;CRDT;PMNT-RCDT-ESCT;;;;TWINT *Empfangen von Tim Meier;
MARCO_SARA-001768;CH5800761016013456789;2026-05-08;2026-05-08;129.00;CHF;DBIT;PMNT-IDDT-ESDD;Swisscom (Schweiz) AG;;;LSV Swisscom blue Abo;
MARCO_SARA-001769;CH5800761016013456789;2026-05-11;2026-05-11;153.10;CHF;DBIT;PMNT-CCRD-POSD;Denner;;;Einkauf Denner Baden Karte xxxx 4821;5411
MARCO_SARA-001770;CH5800761016013456789;2026-05-11;2026-05-11;60.85;CHF;DBIT;PMNT-CCRD-POSD;McDonald's;;;Einkauf McDonald's Baden Karte xxxx 4821;5812
MARCO_SARA-001771;CH5800761016013456789;2026-05-11;2026-05-11;200.00;CHF;CRDT;PMNT-RCDT-DMCT;Familienausgleichskasse Aargau;;;Gutschrift Kinderzulage;
MARCO_SARA-001772;CH5800761016013456789;2026-05-12;2026-05-12;1150.00;CHF;DBIT;PMNT-ICDT-DMCT;Kita Sonnenschein Baden;;;Zahlung Rechnung Kita Betreuung 05/2026;
MARCO_SARA-001773;CH5800761016013456789;2026-05-12;2026-05-12;194.35;CHF;DBIT;PMNT-CCRD-POSD;Lidl;;;Einkauf Lidl Wettingen Karte xxxx 4821;5411
MARCO_SARA-001774;CH5800761016013456789;2026-05-12;2026-05-12;45.80;CHF;DBIT;PMNT-CCRD-POSD;Aldi Suisse;;;Einkauf Aldi Suisse Wettingen Karte xxxx 4821;5411
MARCO_SARA-001775;CH5800761016013456789;2026-05-12;2026-05-12;20.90;CHF;DBIT;PMNT-CCRD-POSD;Netflix International B.V.;;;Einkauf NETFLIX.COM Karte xxxx 7310;4899
MARCO_SARA-001776;CH5800761016013456789;2026-05-13;2026-05-13;67.85;CHF;DBIT;PMNT-CCRD-POSD;Avia Tankstelle;;;Einkauf Avia Tankstelle Baden Karte xxxx 4821;5541
MARCO_SARA-001777;CH5800761016013456789;2026-05-14;2026-05-14;136.55;CHF;DBIT;PMNT-CCRD-POSD;Lidl;;;Einkauf Lidl Wettingen Karte xxxx 4821;5411
MARCO_SARA-001778;CH5800761016013456789;2026-05-14;2026-05-14;33.00;CHF;DBIT;PMNT-CCRD-POSD;Pizzeria Da Mario;;;Einkauf Pizzeria Da Mario Baden Karte xxxx 4821;5812
MARCO_SARA-001779;CH5800761016013456789;2026-05-14;2026-05-14;24.15;CHF;DBIT;PMNT-CCRD-POSD;Migros;;;Einkauf Migros Baden Karte xxxx 4821;5411
MARCO_SARA-001780;CH5800761016013456789;2026-05-15;2026-05-15;82.30;CHF;DBIT;PMNT-CCRD-POSD;Lidl;;;Einkauf Lidl Baden Karte xxxx 4821;5411
MARCO_SARA-001781;CH5800761016013456789;2026-05-15;2026-05-15;81.25;CHF;CRDT;PMNT-RCDT-ESCT;;;;TWINT *Empfangen von Nonna Keller;
MARCO_SARA-001782;CH5800761016013456789;2026-05-18;2026-05-18;220.00;CHF;DBIT;PMNT-CCRD-CWDL;;;;Bargeldbezug Postomat Wettingen Karte xxxx 4821;6011
MARCO_SARA-001783;CH5800761016013456789;2026-05-18;2026-05-18;85.05;CHF;DBIT;PMNT-CCRD-POSD;Migrol Tankstelle;;;Einkauf Migrol Tankstelle Baden Karte xxxx 4821;5541
MARCO_SARA-001784;CH5800761016013456789;2026-05-18;2026-05-18;36.05;CHF;DBIT;PMNT-CCRD-POSD;Lidl;;;Einkauf Lidl Baden Karte xxxx 4821;5411
MARCO_SARA-001785;CH5800761016013456789;2026-05-18;2026-05-18;31.65;CHF;DBIT;PMNT-ICDT-ESCT;;;;TWINT *Sende an Tim Meier;
MARCO_SARA-001786;CH5800761016013456789;2026-05-18;2026-05-18;51.15;CHF;CRDT;PMNT-RCDT-ESCT;;;;TWINT *Empfangen von Nonna Keller;
MARCO_SARA-001787;CH5800761016013456789;2026-05-19;2026-05-19;36.90;CHF;DBIT;PMNT-CCRD-POSD;McDonald's;;;Einkauf McDonald's Baden Karte xxxx 4821;5812
MARCO_SARA-001788;CH5800761016013456789;2026-05-20;2026-05-20;65.85;CHF;DBIT;PMNT-CCRD-POSD;Zoo Zürich;;;Einkauf Zoo Zürich Zürich Karte xxxx 4821;
MARCO_SARA-001789;CH5800761016013456789;2026-05-20;2026-05-20;40.65;CHF;DBIT;PMNT-CCRD-POSD;McDonald's;;;Einkauf McDonald's Baden Karte xxxx 4821;5812
MARCO_SARA-001790;CH5800761016013456789;2026-05-21;2026-05-21;74.05;CHF;DBIT;PMNT-CCRD-POSD;Coop Pronto Tankstelle;;;Einkauf Coop Pronto Tankstelle Baden Karte xxxx 4821;5541
MARCO_SARA-001791;CH5800761016013456789;2026-05-22;2026-05-22;69.45;CHF;DBIT;PMNT-CCRD-POSD;Babywalz;;;Einkauf Babywalz Baden Karte xxxx 4821;5651
MARCO_SARA-001792;CH5800761016013456789;2026-05-22;2026-05-22;58.60;CHF;DBIT;PMNT-IDDT-ESDD;Cornèrcard;;;Lastschrift Cornèrcard Monatsrechnung 04/2026;
MARCO_SARA-001793;CH5800761016013456789;2026-05-22;2026-05-22;32.55;CHF;DBIT;PMNT-CCRD-POSD;Aldi Suisse;;;Einkauf Aldi Suisse Dättwil Karte xxxx 4821;5411
MARCO_SARA-001794;CH5800761016013456789;2026-05-25;2026-05-25;51.15;CHF;DBIT;PMNT-CCRD-POSD;Migros;;;Einkauf Migros Dättwil Karte xxxx 4821;5411
MARCO_SARA-001795;CH5800761016013456789;2026-05-25;2026-05-25;7450.00;CHF;CRDT;PMNT-RCDT-SALA;ABB Schweiz AG;CH9300762011623852111;;Gutschrift Lohn Mai 2026;
MARCO_SARA-001796;CH3200761016019988776;2026-05-26;2026-05-26;1500.00;CHF;CRDT;PMNT-RCDT-BOOK;;CH5800761016013456789;;Übertrag Sparkonto Haus;
MARCO_SARA-001797;CH5800761016013456789;2026-05-26;2026-05-26;1500.00;CHF;DBIT;PMNT-ICDT-BOOK;;CH3200761016019988776;;Übertrag Sparkonto Haus;
MARCO_SARA-001798;CH5800761016013456789;2026-05-26;2026-05-26;173.80;CHF;DBIT;PMNT-CCRD-POSD;Amavita Apotheke;;;Einkauf Amavita Apotheke Baden Karte xxxx 4821;5912
MARCO_SARA-001799;CH5800761016013456789;2026-05-26;2026-05-26;35.35;CHF;DBIT;PMNT-CCRD-POSD;Migros;;;Einkauf Migros Baden Karte xxxx 4821;5411
MARCO_SARA-001800;CH5800761016013456789;2026-05-26;2026-05-26;3300.00;CHF;CRDT;PMNT-RCDT-SALA;Kantonsspital Baden AG;CH9300762011623852222;;Lohnzahlung 05/2026 S. Keller;
MARCO_SARA-001801;CH5800761016013456789;2026-05-27;2026-05-27;605.00;CHF;DBIT;PMNT-ICDT-STDO;VIAC Vorsorgestiftung 3a;;;Dauerauftrag Säule 3a Einzahlung;
MARCO_SARA-001802;CH5800761016013456789;2026-05-27;2026-05-27;101.75;CHF;DBIT;PMNT-CCRD-POSD;Avia Tankstelle;;;Einkauf Avia Tankstelle Baden Karte xxxx 4821;5541
MARCO_SARA-001803;CH5800761016013456789;2026-05-28;2026-05-28;1300.00;CHF;DBIT;PMNT-ICDT-STDO;Steueramt Baden;;;Dauerauftrag Steuern Rate;
MARCO_SARA-001804;CH5800761016013456789;2026-05-28;2026-05-28;99.45;CHF;DBIT;PMNT-CCRD-POSD;Avia Tankstelle;;;Einkauf Avia Tankstelle Baden Karte xxxx 4821;5541
MARCO_SARA-001805;CH5800761016013456789;2026-05-28;2026-05-28;5.00;CHF;DBIT;ACMT-MDOP-CHRG;;;;Preis für Kontoführung;
MARCO_SARA-001806;CH5800761016013456789;2026-06-01;2026-06-01;2450.00;CHF;DBIT;PMNT-ICDT-STDO;Wincasa AG;;;Dauerauftrag Miete 4.5 Zi Mellingerstrasse;
MARCO_SARA-001807;CH5800761016013456789;2026-06-01;2026-06-01;120.00;CHF;DBIT;PMNT-ICDT-STDO;Wincasa AG;;;Dauerauftrag Parkplatz Tiefgarage;
MARCO_SARA-001808;CH5800761016013456789;2026-06-01;2026-06-01;119.60;CHF;DBIT;PMNT-CCRD-POSD;Shell;;;Einkauf Shell Baden Karte xxxx 4821;5541
MARCO_SARA-001809;CH5800761016013456789;2026-06-01;2026-06-01;20.05;CHF;DBIT;PMNT-CCRD-POSD;SBB Mobile;;;Einkauf SBB Mobile Zürich Karte xxxx 4821;4111
MARCO_SARA-001810;CH5800761016013456789;2026-06-02;2026-06-02;37.35;CHF;CRDT;PMNT-RCDT-ESCT;;;;TWINT *Empfangen von Nonna Keller;
MARCO_SARA-001811;CH5800761016013456789;2026-06-05;2026-06-05;855.00;CHF;DBIT;PMNT-IDDT-ESDD;CSS Versicherung AG;;;LSV Prämie Grundversicherung Familie;
MARCO_SARA-001812;CH5800761016013456789;2026-06-05;2026-06-05;55.25;CHF;DBIT;PMNT-CCRD-POSD;Lidl;;;Einkauf Lidl Wettingen Karte xxxx 4821;5411
MARCO_SARA-001813;CH5800761016013456789;2026-06-08;2026-06-08;129.00;CHF;DBIT;PMNT-IDDT-ESDD;Swisscom (Schweiz) AG;;;LSV Swisscom blue Abo;
MARCO_SARA-001814;CH5800761016013456789;2026-06-08;2026-06-08;79.60;CHF;DBIT;PMNT-CCRD-POSD;Coop;;;Einkauf Coop Baden Karte xxxx 4821;5411
MARCO_SARA-001815;CH5800761016013456789;2026-06-08;2026-06-08;72.30;CHF;DBIT;PMNT-CCRD-POSD;Shell;;;Einkauf Shell Baden Karte xxxx 4821;5541
MARCO_SARA-001816;CH5800761016013456789;2026-06-08;2026-06-08;54.70;CHF;DBIT;PMNT-CCRD-POSD;Migros;;;Einkauf Migros Wettingen Karte xxxx 4821;5411
MARCO_SARA-001817;CH5800761016013456789;2026-06-08;2026-06-08;50.35;CHF;DBIT;PMNT-CCRD-POSD;Lidl;;;Einkauf Lidl Baden Karte xxxx 4821;5411
MARCO_SARA-001818;CH5800761016013456789;2026-06-08;2026-06-08;29.10;CHF;DBIT;PMNT-CCRD-POSD;H&M;;;Einkauf H&M Spreitenbach Karte xxxx 4821;5651
MARCO_SARA-001819;CH5800761016013456789;2026-06-10;2026-06-10;43.75;CHF;DBIT;PMNT-ICDT-ESCT;;;;TWINT *Sende an Nonna Keller;
MARCO_SARA-001820;CH5800761016013456789;2026-06-10;2026-06-10;200.00;CHF;CRDT;PMNT-RCDT-DMCT;Familienausgleichskasse Aargau;;;Gutschrift Kinderzulage;
MARCO_SARA-001821;CH5800761016013456789;2026-06-11;2026-06-11;126.45;CHF;DBIT;PMNT-CCRD-POSD;Lidl;;;Einkauf Lidl Dättwil Karte xxxx 4821;5411
MARCO_SARA-001822;CH5800761016013456789;2026-06-11;2026-06-11;81.10;CHF;DBIT;PMNT-CCRD-POSD;Pizzeria Da Mario;;;Einkauf Pizzeria Da Mario Baden Karte xxxx 4821;5812
MARCO_SARA-001823;CH5800761016013456789;2026-06-12;2026-06-12;1150.00;CHF;DBIT;PMNT-ICDT-DMCT;Kita Sonnenschein Baden;;;Zahlung Rechnung Kita Betreuung 06/2026;
MARCO_SARA-001824;CH5800761016013456789;2026-06-12;2026-06-12;60.00;CHF;DBIT;PMNT-CCRD-CWDL;;;;Bargeldbezug Postomat Wettingen Karte xxxx 4821;6011
MARCO_SARA-001825;CH5800761016013456789;2026-06-12;2026-06-12;20.90;CHF;DBIT;PMNT-CCRD-POSD;Netflix International B.V.;;;Einkauf NETFLIX.COM Karte xxxx 7310;4899
MARCO_SARA-001826;CH5800761016013456789;2026-06-12;2026-06-12;18.70;CHF;CRDT;PMNT-RCDT-ESCT;;;;TWINT *Empfangen von Tim Meier;
MARCO_SARA-001827;CH5800761016013456789;2026-06-15;2026-06-15;234.35;CHF;DBIT;PMNT-CCRD-POSD;McDonald's;;;Einkauf McDonald's Baden Karte xxxx 4821;5812
MARCO_SARA-001828;CH5800761016013456789;2026-06-15;2026-06-15;111.40;CHF;DBIT;PMNT-CCRD-POSD;Restaurant Roter Turm;;;Einkauf Restaurant Roter Turm Baden Karte xxxx 4821;5812
MARCO_SARA-001829;CH5800761016013456789;2026-06-15;2026-06-15;45.45;CHF;DBIT;PMNT-CCRD-POSD;Lidl;;;Einkauf Lidl Baden Karte xxxx 4821;5411
MARCO_SARA-001830;CH5800761016013456789;2026-06-15;2026-06-15;43.40;CHF;DBIT;PMNT-CCRD-POSD;Zoo Zürich;;;Einkauf Zoo Zürich Zürich Karte xxxx 4821;
MARCO_SARA-001831;CH5800761016013456789;2026-06-15;2026-06-15;42.30;CHF;DBIT;PMNT-CCRD-POSD;Coop;;;Einkauf Coop Dättwil Karte xxxx 4821;5411
MARCO_SARA-001832;CH5800761016013456789;2026-06-15;2026-06-15;36.10;CHF;DBIT;PMNT-CCRD-POSD;McDonald's;;;Einkauf McDonald's Baden Karte xxxx 4821;5812
MARCO_SARA-001833;CH5800761016013456789;2026-06-16;2026-06-16;53.85;CHF;DBIT;PMNT-ICDT-ESCT;;;;TWINT *Sende an Tim Meier;
MARCO_SARA-001834;CH5800761016013456789;2026-06-16;2026-06-16;28.75;CHF;DBIT;PMNT-CCRD-POSD;Denner;;;Einkauf Denner Dättwil Karte xxxx 4821;5411
MARCO_SARA-001835;CH5800761016013456789;2026-06-16;2026-06-16;22.65;CHF;DBIT;PMNT-CCRD-POSD;SBB Mobile;;;Einkauf SBB Mobile Zürich Karte xxxx 4821;4111
MARCO_SARA-001836;CH5800761016013456789;2026-06-18;2026-06-18;91.30;CHF;DBIT;PMNT-CCRD-POSD;Aldi Suisse;;;Einkauf Aldi Suisse Wettingen Karte xxxx 4821;5411
MARCO_SARA-001837;CH5800761016013456789;2026-06-19;2026-06-19;58.65;CHF;DBIT;PMNT-CCRD-POSD;Babywalz;;;Einkauf Babywalz Spreitenbach Karte xxxx 4821;5651
MARCO_SARA-001838;CH5800761016013456789;2026-06-19;2026-06-19;36.55;CHF;DBIT;PMNT-CCRD-POSD;Denner;;;Einkauf Denner Wettingen Karte xxxx 4821;5411
MARCO_SARA-001839;CH5800761016013456789;2026-06-19;2026-06-19;13.05;CHF;DBIT;PMNT-ICDT-ESCT;;;;TWINT *Sende an Tim Meier;
MARCO_SARA-001840;CH5800761016013456789;2026-06-22;2026-06-22;124.65;CHF;DBIT;PMNT-CCRD-POSD;Lidl;;;Einkauf Lidl Dättwil Karte xxxx 4821;5411
MARCO_SARA-001841;CH5800761016013456789;2026-06-22;2026-06-22;105.45;CHF;DBIT;PMNT-CCRD-POSD;Lidl;;;Einkauf Lidl Dättwil Karte xxxx 4821;5411
MARCO_SARA-001842;CH5800761016013456789;2026-06-22;2026-06-22;57.30;CHF;DBIT;PMNT-IDDT-ESDD;Cornèrcard;;;Lastschrift Cornèrcard Monatsrechnung 05/2026;
MARCO_SARA-001843;CH5800761016013456789;2026-06-22;2026-06-22;44.50;CHF;DBIT;PMNT-CCRD-POSD;Denner;;;Einkauf Denner Baden Karte xxxx 4821;5411
MARCO_SARA-001844;CH5800761016013456789;2026-06-23;2026-06-23;118.65;CHF;DBIT;PMNT-CCRD-POSD;Lidl;;;Einkauf Lidl Baden Karte xxxx 4821;5411
MARCO_SARA-001845;CH5800761016013456789;2026-06-23;2026-06-23;76.90;CHF;DBIT;PMNT-CCRD-POSD;Coop Pronto Tankstelle;;;Einkauf Coop Pronto Tankstelle Baden Karte xxxx 4821;5541
MARCO_SARA-001846;CH5800761016013456789;2026-06-23;2026-06-23;68.50;CHF;DBIT;PMNT-CCRD-POSD;Shell;;;Einkauf Shell Baden Karte xxxx 4821;5541
MARCO_SARA-001847;CH5800761016013456789;2026-06-24;2026-06-24;70.90;CHF;DBIT;PMNT-CCRD-POSD;Migrol Tankstelle;;;Einkauf Migrol Tankstelle Baden Karte xxxx 4821;5541
MARCO_SARA-001848;CH5800761016013456789;2026-06-24;2026-06-24;63.15;CHF;DBIT;PMNT-CCRD-POSD;Restaurant Roter Turm;;;Einkauf Restaurant Roter Turm Baden Karte xxxx 4821;5812
MARCO_SARA-001849;CH5800761016013456789;2026-06-24;2026-06-24;29.85;CHF;DBIT;PMNT-CCRD-POSD;Denner;;;Einkauf Denner Wettingen Karte xxxx 4821;5411
MARCO_SARA-001850;CH5800761016013456789;2026-06-25;2026-06-25;102.10;CHF;DBIT;PMNT-CCRD-POSD;Avia Tankstelle;;;Einkauf Avia Tankstelle Baden Karte xxxx 4821;5541
MARCO_SARA-001851;CH5800761016013456789;2026-06-25;2026-06-25;7450.00;CHF;CRDT;PMNT-RCDT-SALA;ABB Schweiz AG;CH9300762011623852111;;Gutschrift Lohn Juni 2026;
MARCO_SARA-001852;CH3200761016019988776;2026-06-26;2026-06-26;1500.00;CHF;CRDT;PMNT-RCDT-BOOK;;CH5800761016013456789;;Übertrag Sparkonto Haus;
MARCO_SARA-001853;CH5800761016013456789;2026-06-26;2026-06-26;1500.00;CHF;DBIT;PMNT-ICDT-BOOK;;CH3200761016019988776;;Übertrag Sparkonto Haus;
MARCO_SARA-001854;CH5800761016013456789;2026-06-26;2026-06-26;411.90;CHF;DBIT;PMNT-CCRD-POSD;H&M;;;Einkauf H&M Baden Karte xxxx 4821;5651
MARCO_SARA-001855;CH5800761016013456789;2026-06-26;2026-06-26;30.30;CHF;DBIT;PMNT-CCRD-POSD;SBB Mobile;;;Einkauf SBB Mobile Zürich Karte xxxx 4821;4111
MARCO_SARA-001856;CH5800761016013456789;2026-06-26;2026-06-26;3300.00;CHF;CRDT;PMNT-RCDT-SALA;Kantonsspital Baden AG;CH9300762011623852222;;Lohnzahlung 06/2026 S. Keller;
MARCO_SARA-001857;CH5800761016013456789;2026-06-29;2026-06-29;1300.00;CHF;DBIT;PMNT-ICDT-STDO;Steueramt Baden;;;Dauerauftrag Steuern Rate;
MARCO_SARA-001858;CH5800761016013456789;2026-06-29;2026-06-29;605.00;CHF;DBIT;PMNT-ICDT-STDO;VIAC Vorsorgestiftung 3a;;;Dauerauftrag Säule 3a Einzahlung;
MARCO_SARA-001859;CH5800761016013456789;2026-06-29;2026-06-29;194.60;CHF;DBIT;PMNT-CCRD-POSD;Aldi Suisse;;;Einkauf Aldi Suisse Wettingen Karte xxxx 4821;5411
MARCO_SARA-001860;CH5800761016013456789;2026-06-29;2026-06-29;128.80;CHF;DBIT;PMNT-CCRD-POSD;Aldi Suisse;;;Einkauf Aldi Suisse Baden Karte xxxx 4821;5411
MARCO_SARA-001861;CH5800761016013456789;2026-06-29;2026-06-29;113.90;CHF;DBIT;PMNT-CCRD-POSD;Coop;;;Einkauf Coop Baden Karte xxxx 4821;5411
MARCO_SARA-001862;CH5800761016013456789;2026-06-29;2026-06-29;78.25;CHF;DBIT;PMNT-CCRD-POSD;Denner;;;Einkauf Denner Wettingen Karte xxxx 4821;5411
MARCO_SARA-001863;CH5800761016013456789;2026-06-29;2026-06-29;25.70;CHF;DBIT;PMNT-CCRD-POSD;SBB Mobile;;;Einkauf SBB Mobile Zürich Karte xxxx 4821;4111
MARCO_SARA-001864;CH5800761016013456789;2026-06-29;2026-06-29;5.00;CHF;DBIT;ACMT-MDOP-CHRG;;;;Preis für Kontoführung;
MARCO_SARA-001865;CH5800761016013456789;2026-07-01;2026-07-01;2450.00;CHF;DBIT;PMNT-ICDT-STDO;Wincasa AG;;;Dauerauftrag Miete 4.5 Zi Mellingerstrasse;
MARCO_SARA-001866;CH5800761016013456789;2026-07-01;2026-07-01;120.00;CHF;DBIT;PMNT-ICDT-STDO;Wincasa AG;;;Dauerauftrag Parkplatz Tiefgarage;
MARCO_SARA-001867;CH5800761016013456789;2026-07-01;2026-07-01;64.35;CHF;DBIT;PMNT-CCRD-POSD;Pizzeria Da Mario;;;Einkauf Pizzeria Da Mario Baden Karte xxxx 4821;5812
MARCO_SARA-001868;CH5800761016013456789;2026-07-01;2026-07-01;34.20;CHF;DBIT;PMNT-CCRD-POSD;Amavita Apotheke;;;Einkauf Amavita Apotheke Baden Karte xxxx 4821;5912
MARCO_SARA-001869;CH5800761016013456789;2026-07-02;2026-07-02;50.70;CHF;DBIT;PMNT-CCRD-POSD;Avia Tankstelle;;;Einkauf Avia Tankstelle Baden Karte xxxx 4821;5541
MARCO_SARA-001870;CH5800761016013456789;2026-07-03;2026-07-03;92.95;CHF;DBIT;PMNT-CCRD-POSD;Avia Tankstelle;;;Einkauf Avia Tankstelle Baden Karte xxxx 4821;5541
MARCO_SARA-001871;CH5800761016013456789;2026-07-03;2026-07-03;72.40;CHF;DBIT;PMNT-CCRD-POSD;Shell;;;Einkauf Shell Baden Karte xxxx 4821;5541
MARCO_SARA-001872;CH5800761016013456789;2026-07-06;2026-07-06;855.00;CHF;DBIT;PMNT-IDDT-ESDD;CSS Versicherung AG;;;LSV Prämie Grundversicherung Familie;
MARCO_SARA-001873;CH5800761016013456789;2026-07-06;2026-07-06;120.00;CHF;DBIT;PMNT-CCRD-CWDL;;;;Bargeldbezug Bancomat Raiffeisen Baden Karte xxxx 4821;6011
MARCO_SARA-001874;CH5800761016013456789;2026-07-06;2026-07-06;90.60;CHF;DBIT;PMNT-CCRD-POSD;Shell;;;Einkauf Shell Baden Karte xxxx 4821;5541
MARCO_SARA-001875;CH5800761016013456789;2026-07-06;2026-07-06;72.25;CHF;DBIT;PMNT-ICDT-ESCT;;;;TWINT *Sende an Tim Meier;
MARCO_SARA-001876;CH5800761016013456789;2026-07-06;2026-07-06;66.65;CHF;DBIT;PMNT-CCRD-POSD;Coop Pronto Tankstelle;;;Einkauf Coop Pronto Tankstelle Baden Karte xxxx 4821;5541
MARCO_SARA-001877;CH5800761016013456789;2026-07-06;2026-07-06;64.25;CHF;DBIT;PMNT-CCRD-POSD;Babywalz;;;Einkauf Babywalz Spreitenbach Karte xxxx 4821;5651
MARCO_SARA-001878;CH5800761016013456789;2026-07-06;2026-07-06;60.80;CHF;DBIT;PMNT-CCRD-POSD;Coop;;;Einkauf Coop Dättwil Karte xxxx 4821;5411
MARCO_SARA-001879;CH5800761016013456789;2026-07-06;2026-07-06;53.45;CHF;DBIT;PMNT-CCRD-POSD;Aldi Suisse;;;Einkauf Aldi Suisse Dättwil Karte xxxx 4821;5411
MARCO_SARA-001880;CH5800761016013456789;2026-07-07;2026-07-07;83.35;CHF;DBIT;PMNT-CCRD-POSD;Zoo Zürich;;;Einkauf Zoo Zürich Zürich Karte xxxx 4821;
MARCO_SARA-001881;CH5800761016013456789;2026-07-07;2026-07-07;82.10;CHF;DBIT;PMNT-CCRD-POSD;Avia Tankstelle;;;Einkauf Avia Tankstelle Baden Karte xxxx 4821;5541
MARCO_SARA-001882;CH5800761016013456789;2026-07-07;2026-07-07;80.00;CHF;DBIT;PMNT-CCRD-CWDL;;;;Bargeldbezug Bancomat Raiffeisen Baden Karte xxxx 4821;6011
MARCO_SARA-001883;CH5800761016013456789;2026-07-07;2026-07-07;28.50;CHF;DBIT;PMNT-CCRD-POSD;Kinderarztpraxis Baden;;;Einkauf Kinderarztpraxis Baden Baden Karte xxxx 4821;5912
MARCO_SARA-001884;CH5800761016013456789;2026-07-08;2026-07-08;129.00;CHF;DBIT;PMNT-IDDT-ESDD;Swisscom (Schweiz) AG;;;LSV Swisscom blue Abo;
MARCO_SARA-001885;CH5800761016013456789;2026-07-08;2026-07-08;67.70;CHF;DBIT;PMNT-CCRD-POSD;Decathlon;;;Einkauf Decathlon Spreitenbach Karte xxxx 4821;5651
MARCO_SARA-001886;CH5800761016013456789;2026-07-08;2026-07-08;54.60;CHF;DBIT;PMNT-CCRD-POSD;Migros;;;Einkauf Migros Baden Karte xxxx 4821;5411
MARCO_SARA-001887;CH5800761016013456789;2026-07-10;2026-07-10;107.35;CHF;DBIT;PMNT-CCRD-POSD;Coop;;;Einkauf Coop Wettingen Karte xxxx 4821;5411
MARCO_SARA-001888;CH5800761016013456789;2026-07-10;2026-07-10;85.40;CHF;DBIT;PMNT-CCRD-POSD;Avia Tankstelle;;;Einkauf Avia Tankstelle Baden Karte xxxx 4821;5541
MARCO_SARA-001889;CH5800761016013456789;2026-07-10;2026-07-10;68.25;CHF;DBIT;PMNT-CCRD-POSD;Migrol Tankstelle;;;Einkauf Migrol Tankstelle Baden Karte xxxx 4821;5541
MARCO_SARA-001890;CH5800761016013456789;2026-07-10;2026-07-10;200.00;CHF;CRDT;PMNT-RCDT-DMCT;Familienausgleichskasse Aargau;;;Gutschrift Kinderzulage;
MARCO_SARA-001891;CH5800761016013456789;2026-07-13;2026-07-13;1150.00;CHF;DBIT;PMNT-ICDT-DMCT;Kita Sonnenschein Baden;;;Zahlung Rechnung Kita Betreuung 07/2026;
MARCO_SARA-001892;CH5800761016013456789;2026-07-13;2026-07-13;65.30;CHF;DBIT;PMNT-CCRD-POSD;Coop;;;Einkauf Coop Wettingen Karte xxxx 4821;5411
MARCO_SARA-001893;CH5800761016013456789;2026-07-13;2026-07-13;26.35;CHF;DBIT;PMNT-CCRD-POSD;Migros;;;Einkauf Migros Wettingen Karte xxxx 4821;5411
MARCO_SARA-001894;CH5800761016013456789;2026-07-13;2026-07-13;20.90;CHF;DBIT;PMNT-CCRD-POSD;Netflix International B.V.;;;Einkauf NETFLIX.COM Karte xxxx 7310;4899
MARCO_SARA-001895;CH5800761016013456789;2026-07-14;2026-07-14;37.60;CHF;DBIT;PMNT-CCRD-POSD;Migros;;;Einkauf Migros Baden Karte xxxx 4821;5411
MARCO_SARA-001896;CH5800761016013456789;2026-07-15;2026-07-15;70.75;CHF;DBIT;PMNT-CCRD-POSD;Aldi Suisse;;;Einkauf Aldi Suisse Dättwil Karte xxxx 4821;5411
MARCO_SARA-001897;CH5800761016013456789;2026-07-15;2026-07-15;43.85;CHF;DBIT;PMNT-CCRD-POSD;McDonald's;;;Einkauf McDonald's Baden Karte xxxx 4821;5812
MARCO_SARA-001898;CH5800761016013456789;2026-07-15;2026-07-15;16.55;CHF;DBIT;PMNT-CCRD-POSD;SBB Mobile;;;Einkauf SBB Mobile Zürich Karte xxxx 4821;4111
MARCO_SARA-001899;CH5800761016013456789;2026-07-15;2026-07-15;16.20;CHF;DBIT;PMNT-CCRD-POSD;SBB Mobile;;;Einkauf SBB Mobile Zürich Karte xxxx 4821;4111
MARCO_SARA-001900;CH5800761016013456789;2026-07-16;2026-07-16;76.60;CHF;DBIT;PMNT-CCRD-POSD;Denner;;;Einkauf Denner Dättwil Karte xxxx 4821;5411
MARCO_SARA-001901;CH5800761016013456789;2026-07-16;2026-07-16;5.05;CHF;DBIT;PMNT-CCRD-POSD;SBB Mobile;;;Einkauf SBB Mobile Zürich Karte xxxx 4821;4111
MARCO_SARA-001902;CH5800761016013456789;2026-07-17;2026-07-17;129.30;CHF;DBIT;PMNT-CCRD-POSD;Migros;;;Einkauf Migros Baden Karte xxxx 4821;5411
MARCO_SARA-001903;CH5800761016013456789;2026-07-20;2026-07-20;157.95;CHF;DBIT;PMNT-IDDT-ESDD;Regionalwerke AG Baden;;;LSV Stromrechnung;
MARCO_SARA-001904;CH5800761016013456789;2026-07-20;2026-07-20;40.40;CHF;DBIT;PMNT-CCRD-POSD;Kinderarztpraxis Baden;;;Einkauf Kinderarztpraxis Baden Baden Karte xxxx 4821;5912
MARCO_SARA-001905;CH5800761016013456789;2026-07-20;2026-07-20;35.95;CHF;DBIT;PMNT-ICDT-ESCT;;;;TWINT *Sende an Laura Frei;
MARCO_SARA-001906;CH5800761016013456789;2026-07-21;2026-07-21;65.75;CHF;DBIT;PMNT-CCRD-POSD;Lidl;;;Einkauf Lidl Wettingen Karte xxxx 4821;5411
MARCO_SARA-001907;CH5800761016013456789;2026-07-22;2026-07-22;188.80;CHF;DBIT;PMNT-IDDT-ESDD;Cornèrcard;;;Lastschrift Cornèrcard Monatsrechnung 06/2026;
MARCO_SARA-001908;CH5800761016013456789;2026-07-22;2026-07-22;47.50;CHF;DBIT;PMNT-CCRD-POSD;Lidl;;;Einkauf Lidl Wettingen Karte xxxx 4821;5411
MARCO_SARA-001909;CH5800761016013456789;2026-07-22;2026-07-22;44.50;CHF;DBIT;PMNT-CCRD-POSD;Kino Trafo;;;Einkauf Kino Trafo Zürich Karte xxxx 4821;
MARCO_SARA-001910;CH5800761016013456789;2026-07-23;2026-07-23;104.95;CHF;DBIT;PMNT-CCRD-POSD;Migrol Tankstelle;;;Einkauf Migrol Tankstelle Baden Karte xxxx 4821;5541
MARCO_SARA-001911;CH5800761016013456789;2026-07-23;2026-07-23;41.25;CHF;DBIT;PMNT-ICDT-ESCT;;;;TWINT *Sende an Laura Frei;
MARCO_SARA-001912;CH5800761016013456789;2026-07-23;2026-07-23;16.35;CHF;DBIT;PMNT-ICDT-ESCT;;;;TWINT *Sende an Laura Frei;
MARCO_SARA-001913;CH5800761016013456789;2026-07-24;2026-07-24;220.00;CHF;DBIT;PMNT-CCRD-CWDL;;;;Bargeldbezug Bancomat Raiffeisen Baden Karte xxxx 4821;6011
MARCO_SARA-001914;CH5800761016013456789;2026-07-24;2026-07-24;65.75;CHF;DBIT;PMNT-CCRD-POSD;Aldi Suisse;;;Einkauf Aldi Suisse Baden Karte xxxx 4821;5411
MARCO_SARA-001915;CH5800761016013456789;2026-07-24;2026-07-24;61.25;CHF;DBIT;PMNT-CCRD-POSD;Avia Tankstelle;;;Einkauf Avia Tankstelle Baden Karte xxxx 4821;5541
MARCO_SARA-001916;CH3200761016019988776;2026-07-27;2026-07-27;1500.00;CHF;CRDT;PMNT-RCDT-BOOK;;CH5800761016013456789;;Übertrag Sparkonto Haus;
MARCO_SARA-001917;CH5800761016013456789;2026-07-27;2026-07-27;1500.00;CHF;DBIT;PMNT-ICDT-BOOK;;CH3200761016019988776;;Übertrag Sparkonto Haus;
MARCO_SARA-001918;CH5800761016013456789;2026-07-27;2026-07-27;605.00;CHF;DBIT;PMNT-ICDT-STDO;VIAC Vorsorgestiftung 3a;;;Dauerauftrag Säule 3a Einzahlung;
MARCO_SARA-001919;CH5800761016013456789;2026-07-27;2026-07-27;149.00;CHF;DBIT;PMNT-CCRD-POSD;Kinderarztpraxis Baden;;;Einkauf Kinderarztpraxis Baden Baden Karte xxxx 4821;5912
MARCO_SARA-001920;CH5800761016013456789;2026-07-27;2026-07-27;62.80;CHF;DBIT;PMNT-CCRD-POSD;Coop;;;Einkauf Coop Baden Karte xxxx 4821;5411
MARCO_SARA-001921;CH5800761016013456789;2026-07-27;2026-07-27;60.15;CHF;DBIT;PMNT-CCRD-POSD;Badi Baden;;;Einkauf Badi Baden Zürich Karte xxxx 4821;
MARCO_SARA-001922;CH5800761016013456789;2026-07-27;2026-07-27;36.75;CHF;DBIT;PMNT-CCRD-POSD;Galaxus;;;Einkauf Galaxus Spreitenbach Karte xxxx 4821;5651
MARCO_SARA-001923;CH5800761016013456789;2026-07-27;2026-07-27;3300.00;CHF;CRDT;PMNT-RCDT-SALA;Kantonsspital Baden AG;CH9300762011623852222;;Lohnzahlung 07/2026 S. Keller;
MARCO_SARA-001924;CH5800761016013456789;2026-07-27;2026-07-27;7450.00;CHF;CRDT;PMNT-RCDT-SALA;ABB Schweiz AG;CH9300762011623852111;;Gutschrift Lohn Juli 2026;
MARCO_SARA-001925;CH5800761016013456789;2026-07-28;2026-07-28;1300.00;CHF;DBIT;PMNT-ICDT-STDO;Steueramt Baden;;;Dauerauftrag Steuern Rate;
MARCO_SARA-001926;CH5800761016013456789;2026-07-28;2026-07-28;79.60;CHF;DBIT;PMNT-CCRD-POSD;Migrol Tankstelle;;;Einkauf Migrol Tankstelle Baden Karte xxxx 4821;5541
MARCO_SARA-001927;CH5800761016013456789;2026-07-28;2026-07-28;5.00;CHF;DBIT;ACMT-MDOP-CHRG;;;;Preis für Kontoführung;
MARCO_SARA-001928;CH5800761016013456789;2026-08-03;2026-08-03;2450.00;CHF;DBIT;PMNT-ICDT-STDO;Wincasa AG;;;Dauerauftrag Miete 4.5 Zi Mellingerstrasse;
MARCO_SARA-001929;CH5800761016013456789;2026-08-03;2026-08-03;148.30;CHF;DBIT;PMNT-CCRD-POSD;Denner;;;Einkauf Denner Wettingen Karte xxxx 4821;5411
MARCO_SARA-001930;CH5800761016013456789;2026-08-03;2026-08-03;120.00;CHF;DBIT;PMNT-ICDT-STDO;Wincasa AG;;;Dauerauftrag Parkplatz Tiefgarage;
MARCO_SARA-001931;CH5800761016013456789;2026-08-03;2026-08-03;100.00;CHF;DBIT;PMNT-CCRD-CWDL;;;;Bargeldbezug Bancomat Raiffeisen Baden Karte xxxx 4821;6011
MARCO_SARA-001932;CH5800761016013456789;2026-08-03;2026-08-03;74.50;CHF;DBIT;PMNT-CCRD-POSD;Migros;;;Einkauf Migros Baden Karte xxxx 4821;5411
MARCO_SARA-001933;CH5800761016013456789;2026-08-03;2026-08-03;29.90;CHF;DBIT;PMNT-CCRD-POSD;SBB Mobile;;;Einkauf SBB Mobile Zürich Karte xxxx 4821;4111
MARCO_SARA-001934;CH5800761016013456789;2026-08-04;2026-08-04;98.65;CHF;DBIT;PMNT-CCRD-POSD;Migrol Tankstelle;;;Einkauf Migrol Tankstelle Baden Karte xxxx 4821;5541
MARCO_SARA-001935;CH5800761016013456789;2026-08-04;2026-08-04;95.00;CHF;DBIT;PMNT-CCRD-POSD;Aldi Suisse;;;Einkauf Aldi Suisse Wettingen Karte xxxx 4821;5411
MARCO_SARA-001936;CH5800761016013456789;2026-08-05;2026-08-05;855.00;CHF;DBIT;PMNT-IDDT-ESDD;CSS Versicherung AG;;;LSV Prämie Grundversicherung Familie;
MARCO_SARA-001937;CH5800761016013456789;2026-08-05;2026-08-05;52.10;CHF;DBIT;PMNT-CCRD-POSD;McDonald's;;;Einkauf McDonald's Baden Karte xxxx 4821;5812
MARCO_SARA-001938;CH5800761016013456789;2026-08-06;2026-08-06;117.50;CHF;DBIT;PMNT-CCRD-POSD;Migros;;;Einkauf Migros Dättwil Karte xxxx 4821;5411
MARCO_SARA-001939;CH5800761016013456789;2026-08-06;2026-08-06;22.45;CHF;DBIT;PMNT-CCRD-POSD;Lidl;;;Einkauf Lidl Wettingen Karte xxxx 4821;5411
MARCO_SARA-001940;CH5800761016013456789;2026-08-07;2026-08-07;180.00;CHF;DBIT;PMNT-CCRD-CWDL;;;;Bargeldbezug Bancomat Raiffeisen Baden Karte xxxx 4821;6011
MARCO_SARA-001941;CH5800761016013456789;2026-08-07;2026-08-07;45.15;CHF;DBIT;PMNT-CCRD-POSD;Lidl;;;Einkauf Lidl Dättwil Karte xxxx 4821;5411
MARCO_SARA-001942;CH5800761016013456789;2026-08-07;2026-08-07;44.40;CHF;DBIT;PMNT-CCRD-POSD;Lidl;;;Einkauf Lidl Baden Karte xxxx 4821;5411
MARCO_SARA-001943;CH5800761016013456789;2026-08-10;2026-08-10;129.00;CHF;DBIT;PMNT-IDDT-ESDD;Swisscom (Schweiz) AG;;;LSV Swisscom blue Abo;
MARCO_SARA-001944;CH5800761016013456789;2026-08-10;2026-08-10;89.55;CHF;DBIT;PMNT-CCRD-POSD;Migrol Tankstelle;;;Einkauf Migrol Tankstelle Baden Karte xxxx 4821;5541
MARCO_SARA-001945;CH5800761016013456789;2026-08-10;2026-08-10;88.70;CHF;DBIT;PMNT-CCRD-POSD;Aldi Suisse;;;Einkauf Aldi Suisse Wettingen Karte xxxx 4821;5411
MARCO_SARA-001946;CH5800761016013456789;2026-08-10;2026-08-10;83.45;CHF;DBIT;PMNT-CCRD-POSD;Babywalz;;;Einkauf Babywalz Spreitenbach Karte xxxx 4821;5651
MARCO_SARA-001947;CH5800761016013456789;2026-08-10;2026-08-10;54.40;CHF;DBIT;PMNT-ICDT-ESCT;;;;TWINT *Sende an Tim Meier;
MARCO_SARA-001948;CH5800761016013456789;2026-08-10;2026-08-10;39.20;CHF;DBIT;PMNT-CCRD-POSD;Restaurant Roter Turm;;;Einkauf Restaurant Roter Turm Baden Karte xxxx 4821;5812
MARCO_SARA-001949;CH5800761016013456789;2026-08-10;2026-08-10;200.00;CHF;CRDT;PMNT-RCDT-DMCT;Familienausgleichskasse Aargau;;;Gutschrift Kinderzulage;
MARCO_SARA-001950;CH5800761016013456789;2026-08-11;2026-08-11;74.35;CHF;DBIT;PMNT-CCRD-POSD;Shell;;;Einkauf Shell Baden Karte xxxx 4821;5541
MARCO_SARA-001951;CH5800761016013456789;2026-08-11;2026-08-11;47.95;CHF;DBIT;PMNT-CCRD-POSD;Lidl;;;Einkauf Lidl Baden Karte xxxx 4821;5411
MARCO_SARA-001952;CH5800761016013456789;2026-08-12;2026-08-12;1150.00;CHF;DBIT;PMNT-ICDT-DMCT;Kita Sonnenschein Baden;;;Zahlung Rechnung Kita Betreuung 08/2026;
MARCO_SARA-001953;CH5800761016013456789;2026-08-12;2026-08-12;21.30;CHF;DBIT;PMNT-ICDT-ESCT;;;;TWINT *Sende an Tim Meier;
MARCO_SARA-001954;CH5800761016013456789;2026-08-12;2026-08-12;20.90;CHF;DBIT;PMNT-CCRD-POSD;Netflix International B.V.;;;Einkauf NETFLIX.COM Karte xxxx 7310;4899
MARCO_SARA-001955;CH5800761016013456789;2026-08-17;2026-08-17;187.55;CHF;DBIT;PMNT-CCRD-POSD;Aldi Suisse;;;Einkauf Aldi Suisse Dättwil Karte xxxx 4821;5411
MARCO_SARA-001956;CH5800761016013456789;2026-08-17;2026-08-17;100.95;CHF;DBIT;PMNT-CCRD-POSD;Galaxus;;;Einkauf Galaxus Baden Karte xxxx 4821;5651
MARCO_SARA-001957;CH5800761016013456789;2026-08-17;2026-08-17;85.10;CHF;DBIT;PMNT-CCRD-POSD;Badi Baden;;;Einkauf Badi Baden Zürich Karte xxxx 4821;
MARCO_SARA-001958;CH5800761016013456789;2026-08-17;2026-08-17;83.50;CHF;DBIT;PMNT-CCRD-POSD;Pizzeria Da Mario;;;Einkauf Pizzeria Da Mario Baden Karte xxxx 4821;5812
MARCO_SARA-001959;CH5800761016013456789;2026-08-17;2026-08-17;78.60;CHF;DBIT;PMNT-CCRD-POSD;Coop;;;Einkauf Coop Wettingen Karte xxxx 4821;5411
MARCO_SARA-001960;CH5800761016013456789;2026-08-17;2026-08-17;41.75;CHF;DBIT;PMNT-ICDT-ESCT;;;;TWINT *Sende an Laura Frei;
MARCO_SARA-001961;CH5800761016013456789;2026-08-17;2026-08-17;18.25;CHF;CRDT;PMNT-RCDT-ESCT;;;;TWINT *Empfangen von Nonna Keller;
MARCO_SARA-001962;CH5800761016013456789;2026-08-17;2026-08-17;25.60;CHF;CRDT;PMNT-RCDT-ESCT;;;;TWINT *Empfangen von Tim Meier;
MARCO_SARA-001963;CH5800761016013456789;2026-08-18;2026-08-18;81.15;CHF;DBIT;PMNT-CCRD-POSD;Lidl;;;Einkauf Lidl Dättwil Karte xxxx 4821;5411
MARCO_SARA-001964;CH5800761016013456789;2026-08-18;2026-08-18;75.45;CHF;DBIT;PMNT-CCRD-POSD;Migrol Tankstelle;;;Einkauf Migrol Tankstelle Baden Karte xxxx 4821;5541
MARCO_SARA-001965;CH5800761016013456789;2026-08-19;2026-08-19;93.40;CHF;DBIT;PMNT-CCRD-POSD;Shell;;;Einkauf Shell Baden Karte xxxx 4821;5541
MARCO_SARA-001966;CH5800761016013456789;2026-08-19;2026-08-19;90.80;CHF;DBIT;PMNT-CCRD-POSD;Aldi Suisse;;;Einkauf Aldi Suisse Baden Karte xxxx 4821;5411
MARCO_SARA-001967;CH5800761016013456789;2026-08-19;2026-08-19;70.50;CHF;DBIT;PMNT-CCRD-POSD;Migros;;;Einkauf Migros Baden Karte xxxx 4821;5411
MARCO_SARA-001968;CH5800761016013456789;2026-08-19;2026-08-19;28.30;CHF;DBIT;PMNT-CCRD-POSD;Coop;;;Einkauf Coop Wettingen Karte xxxx 4821;5411
MARCO_SARA-001969;CH5800761016013456789;2026-08-19;2026-08-19;19.30;CHF;DBIT;PMNT-CCRD-POSD;SBB Mobile;;;Einkauf SBB Mobile Zürich Karte xxxx 4821;4111
MARCO_SARA-001970;CH5800761016013456789;2026-08-20;2026-08-20;84.40;CHF;DBIT;PMNT-CCRD-POSD;Denner;;;Einkauf Denner Baden Karte xxxx 4821;5411
MARCO_SARA-001971;CH5800761016013456789;2026-08-20;2026-08-20;64.05;CHF;DBIT;PMNT-CCRD-POSD;Migros;;;Einkauf Migros Baden Karte xxxx 4821;5411
MARCO_SARA-001972;CH5800761016013456789;2026-08-20;2026-08-20;58.80;CHF;DBIT;PMNT-CCRD-POSD;Migros;;;Einkauf Migros Dättwil Karte xxxx 4821;5411
MARCO_SARA-001973;CH5800761016013456789;2026-08-20;2026-08-20;55.90;CHF;DBIT;PMNT-CCRD-POSD;Lidl;;;Einkauf Lidl Wettingen Karte xxxx 4821;5411
MARCO_SARA-001974;CH5800761016013456789;2026-08-20;2026-08-20;17.10;CHF;DBIT;PMNT-ICDT-ESCT;;;;TWINT *Sende an Tim Meier;
MARCO_SARA-001975;CH5800761016013456789;2026-08-21;2026-08-21;179.00;CHF;DBIT;PMNT-CCRD-POSD;Lidl;;;Einkauf Lidl Wettingen Karte xxxx 4821;5411
MARCO_SARA-001976;CH5800761016013456789;2026-08-21;2026-08-21;71.40;CHF;DBIT;PMNT-CCRD-POSD;Migros;;;Einkauf Migros Dättwil Karte xxxx 4821;5411
MARCO_SARA-001977;CH5800761016013456789;2026-08-24;2026-08-24;2288.20;CHF;DBIT;PMNT-IDDT-ESDD;Cornèrcard;;;Lastschrift Cornèrcard Monatsrechnung 07/2026;
MARCO_SARA-001978;CH5800761016013456789;2026-08-24;2026-08-24;62.15;CHF;DBIT;PMNT-CCRD-POSD;McDonald's;;;Einkauf McDonald's Baden Karte xxxx 4821;5812
MARCO_SARA-001979;CH5800761016013456789;2026-08-24;2026-08-24;55.95;CHF;DBIT;PMNT-CCRD-POSD;Coop;;;Einkauf Coop Dättwil Karte xxxx 4821;5411
MARCO_SARA-001980;CH5800761016013456789;2026-08-24;2026-08-24;50.80;CHF;DBIT;PMNT-CCRD-POSD;SBB Mobile;;;Einkauf SBB Mobile Zürich Karte xxxx 4821;4111
MARCO_SARA-001981;CH5800761016013456789;2026-08-24;2026-08-24;44.65;CHF;DBIT;PMNT-CCRD-POSD;Badi Baden;;;Einkauf Badi Baden Zürich Karte xxxx 4821;
MARCO_SARA-001982;CH5800761016013456789;2026-08-24;2026-08-24;30.40;CHF;DBIT;PMNT-CCRD-POSD;McDonald's;;;Einkauf McDonald's Baden Karte xxxx 4821;5812
MARCO_SARA-001983;CH5800761016013456789;2026-08-24;2026-08-24;30.00;CHF;DBIT;PMNT-CCRD-POSD;Lidl;;;Einkauf Lidl Dättwil Karte xxxx 4821;5411
MARCO_SARA-001984;CH5800761016013456789;2026-08-24;2026-08-24;20.70;CHF;DBIT;PMNT-CCRD-POSD;McDonald's;;;Einkauf McDonald's Baden Karte xxxx 4821;5812
MARCO_SARA-001985;CH5800761016013456789;2026-08-25;2026-08-25;73.95;CHF;DBIT;PMNT-CCRD-POSD;Shell;;;Einkauf Shell Baden Karte xxxx 4821;5541
MARCO_SARA-001986;CH5800761016013456789;2026-08-25;2026-08-25;61.85;CHF;DBIT;PMNT-CCRD-POSD;Denner;;;Einkauf Denner Wettingen Karte xxxx 4821;5411
MARCO_SARA-001987;CH5800761016013456789;2026-08-25;2026-08-25;7450.00;CHF;CRDT;PMNT-RCDT-SALA;ABB Schweiz AG;CH9300762011623852111;;Gutschrift Lohn August 2026;
MARCO_SARA-001988;CH3200761016019988776;2026-08-26;2026-08-26;1500.00;CHF;CRDT;PMNT-RCDT-BOOK;;CH5800761016013456789;;Übertrag Sparkonto Haus;
MARCO_SARA-001989;CH5800761016013456789;2026-08-26;2026-08-26;1500.00;CHF;DBIT;PMNT-ICDT-BOOK;;CH3200761016019988776;;Übertrag Sparkonto Haus;
MARCO_SARA-001990;CH5800761016013456789;2026-08-26;2026-08-26;72.20;CHF;DBIT;PMNT-CCRD-POSD;Pizzeria Da Mario;;;Einkauf Pizzeria Da Mario Baden Karte xxxx 4821;5812
MARCO_SARA-001991;CH5800761016013456789;2026-08-26;2026-08-26;3300.00;CHF;CRDT;PMNT-RCDT-SALA;Kantonsspital Baden AG;CH9300762011623852222;;Lohnzahlung 08/2026 S. Keller;
MARCO_SARA-001992;CH5800761016013456789;2026-08-27;2026-08-27;605.00;CHF;DBIT;PMNT-ICDT-STDO;VIAC Vorsorgestiftung 3a;;;Dauerauftrag Säule 3a Einzahlung;
MARCO_SARA-001993;CH5800761016013456789;2026-08-27;2026-08-27;55.10;CHF;DBIT;PMNT-CCRD-POSD;Migrol Tankstelle;;;Einkauf Migrol Tankstelle Baden Karte xxxx 4821;5541
MARCO_SARA-001994;CH5800761016013456789;2026-08-28;2026-08-28;1300.00;CHF;DBIT;PMNT-ICDT-STDO;Steueramt Baden;;;Dauerauftrag Steuern Rate;
MARCO_SARA-001995;CH5800761016013456789;2026-08-28;2026-08-28;175.80;CHF;DBIT;PMNT-CCRD-POSD;Restaurant Roter Turm;;;Einkauf Restaurant Roter Turm Baden Karte xxxx 4821;5812
MARCO_SARA-001996;CH5800761016013456789;2026-08-28;2026-08-28;118.10;CHF;DBIT;PMNT-CCRD-POSD;Badi Baden;;;Einkauf Badi Baden Zürich Karte xxxx 4821;
MARCO_SARA-001997;CH5800761016013456789;2026-08-28;2026-08-28;5.00;CHF;DBIT;ACMT-MDOP-CHRG;;;;Preis für Kontoführung;
MARCO_SARA-001089;CH5800761016013456789;2025-05-01;2025-05-01;120.00;CHF;DBIT;PMNT-ICDT-STDO;Wincasa AG;;;Dauerauftrag Parkplatz Tiefgarage;
