NtryRef;AcctIBAN;BookgDt;ValDt;Amt;Ccy;CdtDbtInd;BkTxCd;CdtrDbtrNm;CdtrDbtrIBAN;RmtInf;AddtlNtryInf;MCC
LENA-000000;CH4400700110001234567;2023-09-01;2023-09-01;1850.00;CHF;DBIT;PMNT-ICDT-STDO;Immobilien Verwaltung Seefeld AG;;;Dauerauftrag Miete Wohnung Josefstrasse 12;
LENA-000001;CH4400700110001234567;2023-09-01;2023-09-01;150.00;CHF;DBIT;PMNT-ICDT-STDO;Immobilien Verwaltung Seefeld AG;;;Dauerauftrag Einstellplatz Nr. 17;
LENA-000002;CH4400700110001234567;2023-09-04;2023-09-04;89.00;CHF;DBIT;PMNT-IDDT-ESDD;Update Fitness AG;;;LSV Update Fitness Abo;
LENA-000003;CH4400700110001234567;2023-09-04;2023-09-04;69.75;CHF;DBIT;PMNT-CCRD-POSD;Coiffeur Seefeld;;;Einkauf Coiffeur Seefeld Zürich Karte xxxx 4821;
LENA-000004;CH4400700110001234567;2023-09-04;2023-09-04;49.40;CHF;DBIT;PMNT-ICDT-ESCT;;;;TWINT *Sende an Sarah Keller;
LENA-000005;CH4400700110001234567;2023-09-04;2023-09-04;23.00;CHF;DBIT;PMNT-CCRD-POSD;Coop;;;Einkauf Coop Zürich HB Karte xxxx 4821;5411
LENA-000006;CH4400700110001234567;2023-09-05;2023-09-05;389.00;CHF;DBIT;PMNT-IDDT-ESDD;Helsana Versicherungen AG;;;LSV Prämie Grundversicherung 09/2023;
LENA-000007;CH4400700110001234567;2023-09-05;2023-09-05;19.85;CHF;DBIT;PMNT-ICDT-ESCT;;;;TWINT *Sende an Sarah Keller;
LENA-000008;CH4400700110001234567;2023-09-06;2023-09-06;10.35;CHF;DBIT;PMNT-CCRD-POSD;;;;TWINT *Bäckerei Hug;
LENA-000009;CH4400700110001234567;2023-09-07;2023-09-07;90.35;CHF;DBIT;PMNT-CCRD-POSD;Socar Tankstelle;;;Einkauf Socar Tankstelle Zürich Karte xxxx 4821;5541
LENA-000010;CH4400700110001234567;2023-09-07;2023-09-07;30.80;CHF;DBIT;PMNT-ICDT-ESCT;;;;TWINT *Sende an Sarah Keller;
LENA-000011;CH4400700110001234567;2023-09-07;2023-09-07;16.60;CHF;DBIT;PMNT-CCRD-POSD;;;;TWINT *Bäckerei Hug;
LENA-000012;CH4400700110001234567;2023-09-08;2023-09-08;65.55;CHF;DBIT;PMNT-CCRD-POSD;Aldi Suisse;;;Einkauf Aldi Suisse Zürich Karte xxxx 4821;5411
LENA-000013;CH4400700110001234567;2023-09-08;2023-09-08;49.90;CHF;DBIT;PMNT-IDDT-ESDD;Sunrise GmbH;;;LSV Sunrise Mobile Abo;
LENA-000014;CH4400700110001234567;2023-09-08;2023-09-08;37.40;CHF;DBIT;PMNT-CCRD-POSD;Denner;;;Einkauf Denner Winterthur Karte xxxx 4821;5411
LENA-000015;CH4400700110001234567;2023-09-08;2023-09-08;26.15;CHF;DBIT;PMNT-CCRD-POSD;Orell Füssli;;;Einkauf Orell Füssli Zürich Karte xxxx 4821;
LENA-000016;CH4400700110001234567;2023-09-11;2023-09-11;49.20;CHF;DBIT;PMNT-CCRD-POSD;Hallenbad City;;;Einkauf Hallenbad City Zürich Karte xxxx 4821;
LENA-000017;CH4400700110001234567;2023-09-11;2023-09-11;44.90;CHF;DBIT;PMNT-CCRD-POSD;Sushi Mania;;;Einkauf Sushi Mania Zürich Karte xxxx 4821;5812
LENA-000018;CH4400700110001234567;2023-09-11;2023-09-11;44.30;CHF;DBIT;PMNT-CCRD-POSD;Zeughauskeller;;;Einkauf Zeughauskeller Zürich Karte xxxx 4821;5812
LENA-000019;CH4400700110001234567;2023-09-12;2023-09-12;18.90;CHF;DBIT;PMNT-CCRD-POSD;Netflix International B.V.;;;Einkauf NETFLIX.COM Karte xxxx 4821;4899
LENA-000020;CH4400700110001234567;2023-09-12;2023-09-12;16.10;CHF;DBIT;PMNT-CCRD-POSD;Migros;;;Einkauf Migros Zürich Karte xxxx 4821;5411
LENA-000021;CH4400700110001234567;2023-09-13;2023-09-13;55.45;CHF;DBIT;PMNT-CCRD-POSD;Decathlon;;;Einkauf Decathlon Zürich Karte xxxx 4821;5651
LENA-000022;CH4400700110001234567;2023-09-13;2023-09-13;50.55;CHF;DBIT;PMNT-CCRD-POSD;Tibits;;;Einkauf Tibits Zürich Karte xxxx 4821;5812
LENA-000023;CH4400700110001234567;2023-09-13;2023-09-13;35.30;CHF;DBIT;PMNT-CCRD-POSD;Kino Arena;;;Einkauf Kino Arena Zürich Karte xxxx 4821;
LENA-000024;CH4400700110001234567;2023-09-13;2023-09-13;15.85;CHF;CRDT;PMNT-RCDT-ESCT;;;;TWINT *Empfangen von Luca Bernasconi;
LENA-000025;CH4400700110001234567;2023-09-14;2023-09-14;70.60;CHF;DBIT;PMNT-CCRD-POSD;Migros;;;Einkauf Migros Zürich HB Karte xxxx 4821;5411
LENA-000026;CH4400700110001234567;2023-09-14;2023-09-14;43.45;CHF;DBIT;PMNT-CCRD-POSD;Coop;;;Einkauf Coop Zürich Karte xxxx 4821;5411
LENA-000027;CH4400700110001234567;2023-09-15;2023-09-15;459.00;CHF;DBIT;PMNT-IDDT-ESDD;AMAG Leasing AG;;;Lastschrift Leasingvertrag 4410-2231 Rate;
LENA-000028;CH4400700110001234567;2023-09-15;2023-09-15;50.60;CHF;DBIT;PMNT-CCRD-POSD;Lidl;;;Einkauf Lidl Winterthur Karte xxxx 4821;5411
LENA-000029;CH4400700110001234567;2023-09-15;2023-09-15;13.65;CHF;DBIT;PMNT-CCRD-POSD;Parkingpay;;;Einkauf Parkingpay Zürich Karte xxxx 4821;
LENA-000030;CH4400700110001234567;2023-09-18;2023-09-18;13.95;CHF;DBIT;PMNT-CCRD-POSD;Spotify AB;;;Einkauf Spotify P2F4A1 Stockholm Karte xxxx 4821;5815
LENA-000031;CH4400700110001234567;2023-09-18;2023-09-18;11.95;CHF;DBIT;PMNT-CCRD-POSD;Apotheke Bahnhof;;;Einkauf Apotheke Bahnhof Zürich Karte xxxx 4821;5912
LENA-000032;CH4400700110001234567;2023-09-19;2023-09-19;45.10;CHF;DBIT;PMNT-ICDT-ESCT;;;;TWINT *Sende an Sarah Keller;
LENA-000033;CH4400700110001234567;2023-09-20;2023-09-20;47.05;CHF;DBIT;PMNT-CCRD-POSD;Coop;;;Einkauf Coop Winterthur Karte xxxx 4821;5411
LENA-000034;CH4400700110001234567;2023-09-20;2023-09-20;45.15;CHF;DBIT;PMNT-CCRD-POSD;Denner;;;Einkauf Denner Zürich Karte xxxx 4821;5411
LENA-000035;CH4400700110001234567;2023-09-21;2023-09-21;63.15;CHF;DBIT;PMNT-CCRD-POSD;Ticketcorner;;;Einkauf Ticketcorner Zürich Karte xxxx 4821;
LENA-000036;CH4400700110001234567;2023-09-21;2023-09-21;45.20;CHF;DBIT;PMNT-ICDT-ESCT;;;;TWINT *Sende an Sarah Keller;
LENA-000037;CH4400700110001234567;2023-09-21;2023-09-21;25.15;CHF;DBIT;PMNT-ICDT-ESCT;;;;TWINT *Sende an Sarah Keller;
LENA-000038;CH4400700110001234567;2023-09-22;2023-09-22;66.55;CHF;DBIT;PMNT-CCRD-POSD;Migros;;;Einkauf Migros Winterthur Karte xxxx 4821;5411
LENA-000039;CH4400700110001234567;2023-09-22;2023-09-22;60.35;CHF;DBIT;PMNT-ICDT-ESCT;;;;TWINT *Sende an Jonas Frei;
LENA-000040;CH4400700110001234567;2023-09-22;2023-09-22;13.30;CHF;DBIT;PMNT-CCRD-POSD;;;;TWINT *Kafi Dihei;
LENA-000041;CH4400700110001234567;2023-09-25;2023-09-25;53.25;CHF;DBIT;PMNT-CCRD-POSD;Restaurant Hiltl;;;Einkauf Restaurant Hiltl Zürich Karte xxxx 4821;5812
LENA-000042;CH4400700110001234567;2023-09-25;2023-09-25;20.70;CHF;DBIT;PMNT-CCRD-POSD;Denner;;;Einkauf Denner Winterthur Karte xxxx 4821;5411
LENA-000043;CH4400700110001234567;2023-09-25;2023-09-25;6.65;CHF;DBIT;PMNT-CCRD-POSD;SBB Mobile;;;Einkauf SBB Mobile Zürich Karte xxxx 4821;4111
LENA-000044;CH4400700110001234567;2023-09-25;2023-09-25;6722.91;CHF;CRDT;PMNT-RCDT-SALA;Limmat Data Solutions AG;CH9300762011623852957;;Gutschrift Lohn September 2023;
LENA-000045;CH4400700110001234567;2023-09-26;2023-09-26;500.00;CHF;DBIT;PMNT-ICDT-BOOK;;CH7100700110009876543;;Übertrag auf Sparkonto;
LENA-000046;CH4400700110001234567;2023-09-26;2023-09-26;77.35;CHF;DBIT;PMNT-CCRD-POSD;Games Workshop Zürich;;;Einkauf Games Workshop Zürich Zürich Karte xxxx 4821;5945
LENA-000047;CH4400700110001234567;2023-09-26;2023-09-26;29.30;CHF;DBIT;PMNT-CCRD-POSD;Ticketcorner;;;Einkauf Ticketcorner Zürich Karte xxxx 4821;
LENA-000048;CH7100700110009876543;2023-09-26;2023-09-26;500.00;CHF;CRDT;PMNT-RCDT-BOOK;;CH4400700110001234567;;Übertrag auf Sparkonto;
LENA-000049;CH4400700110001234567;2023-09-27;2023-09-27;26.25;CHF;CRDT;PMNT-RCDT-ESCT;;;;TWINT *Empfangen von Luca Bernasconi;
LENA-000050;CH4400700110001234567;2023-09-28;2023-09-28;1020.00;CHF;DBIT;PMNT-ICDT-STDO;Steueramt der Stadt Zürich;;;Dauerauftrag Steuern Ratenzahlung;
LENA-000051;CH4400700110001234567;2023-09-28;2023-09-28;124.75;CHF;DBIT;PMNT-CCRD-POSD;Migrol Tankstelle;;;Einkauf Migrol Tankstelle Zürich Karte xxxx 4821;5541
LENA-000052;CH4400700110001234567;2023-09-28;2023-09-28;73.90;CHF;DBIT;PMNT-CCRD-POSD;Coop;;;Einkauf Coop Zürich Karte xxxx 4821;5411
LENA-000053;CH4400700110001234567;2023-09-28;2023-09-28;32.80;CHF;DBIT;PMNT-CCRD-POSD;Zeughauskeller;;;Einkauf Zeughauskeller Zürich Karte xxxx 4821;5812
LENA-000054;CH4400700110001234567;2023-09-28;2023-09-28;30.15;CHF;DBIT;PMNT-CCRD-POSD;Lidl;;;Einkauf Lidl Zürich Karte xxxx 4821;5411
LENA-000055;CH4400700110001234567;2023-09-28;2023-09-28;3.00;CHF;DBIT;ACMT-MDOP-CHRG;;;;Preis für Kontoführung;
LENA-000056;CH4400700110001234567;2023-10-02;2023-10-02;1850.00;CHF;DBIT;PMNT-ICDT-STDO;Immobilien Verwaltung Seefeld AG;;;Dauerauftrag Miete Wohnung Josefstrasse 12;
LENA-000057;CH4400700110001234567;2023-10-02;2023-10-02;150.00;CHF;DBIT;PMNT-ICDT-STDO;Immobilien Verwaltung Seefeld AG;;;Dauerauftrag Einstellplatz Nr. 17;
LENA-000058;CH4400700110001234567;2023-10-02;2023-10-02;60.60;CHF;DBIT;PMNT-CCRD-POSD;Zalando;;;Einkauf Zalando Zürich Karte xxxx 4821;5651
LENA-000059;CH4400700110001234567;2023-10-02;2023-10-02;33.50;CHF;CRDT;PMNT-RCDT-ESCT;;;;TWINT *Empfangen von Anna Meier;
LENA-000060;CH4400700110001234567;2023-10-03;2023-10-03;89.00;CHF;DBIT;PMNT-IDDT-ESDD;Update Fitness AG;;;LSV Update Fitness Abo;
LENA-000061;CH4400700110001234567;2023-10-04;2023-10-04;59.70;CHF;DBIT;PMNT-CCRD-POSD;Denner;;;Einkauf Denner Winterthur Karte xxxx 4821;5411
LENA-000062;CH4400700110001234567;2023-10-04;2023-10-04;15.20;CHF;DBIT;PMNT-CCRD-POSD;Parkingpay;;;Einkauf Parkingpay Zürich Karte xxxx 4821;
LENA-000063;CH4400700110001234567;2023-10-05;2023-10-05;389.00;CHF;DBIT;PMNT-IDDT-ESDD;Helsana Versicherungen AG;;;LSV Prämie Grundversicherung 10/2023;
LENA-000064;CH4400700110001234567;2023-10-05;2023-10-05;46.70;CHF;DBIT;PMNT-CCRD-POSD;Aldi Suisse;;;Einkauf Aldi Suisse Zürich Karte xxxx 4821;5411
LENA-000065;CH4400700110001234567;2023-10-05;2023-10-05;32.50;CHF;DBIT;PMNT-CCRD-POSD;Coop;;;Einkauf Coop Zürich Karte xxxx 4821;5411
LENA-000066;CH4400700110001234567;2023-10-05;2023-10-05;18.10;CHF;DBIT;PMNT-CCRD-POSD;;;;TWINT *Bäckerei Hug;
LENA-000067;CH4400700110001234567;2023-10-06;2023-10-06;74.30;CHF;DBIT;PMNT-CCRD-POSD;Manor;;;Einkauf Manor Zürich Karte xxxx 4821;5651
LENA-000068;CH4400700110001234567;2023-10-06;2023-10-06;18.10;CHF;DBIT;PMNT-CCRD-POSD;Parkhaus Urania;;;Einkauf Parkhaus Urania Zürich Karte xxxx 4821;
LENA-000069;CH4400700110001234567;2023-10-09;2023-10-09;117.45;CHF;DBIT;PMNT-CCRD-POSD;IKEA;;;Einkauf IKEA Zürich Karte xxxx 4821;5651
LENA-000070;CH4400700110001234567;2023-10-09;2023-10-09;71.40;CHF;DBIT;PMNT-CCRD-POSD;Aldi Suisse;;;Einkauf Aldi Suisse Winterthur Karte xxxx 4821;5411
LENA-000071;CH4400700110001234567;2023-10-09;2023-10-09;55.45;CHF;DBIT;PMNT-CCRD-POSD;Migrol Tankstelle;;;Einkauf Migrol Tankstelle Zürich Karte xxxx 4821;5541
LENA-000072;CH4400700110001234567;2023-10-09;2023-10-09;49.90;CHF;DBIT;PMNT-IDDT-ESDD;Sunrise GmbH;;;LSV Sunrise Mobile Abo;
LENA-000073;CH4400700110001234567;2023-10-09;2023-10-09;49.90;CHF;DBIT;PMNT-CCRD-POSD;Migros;;;Einkauf Migros Winterthur Karte xxxx 4821;5411
LENA-000074;CH4400700110001234567;2023-10-09;2023-10-09;38.80;CHF;DBIT;PMNT-CCRD-POSD;Orell Füssli;;;Einkauf Orell Füssli Zürich Karte xxxx 4821;
LENA-000075;CH4400700110001234567;2023-10-09;2023-10-09;9.90;CHF;DBIT;PMNT-CCRD-POSD;ZVV Ticketautomat;;;Einkauf ZVV Ticketautomat Zürich Karte xxxx 4821;4111
LENA-000076;CH4400700110001234567;2023-10-09;2023-10-09;4.15;CHF;DBIT;PMNT-CCRD-POSD;SBB Mobile;;;Einkauf SBB Mobile Zürich Karte xxxx 4821;4111
LENA-000077;CH4400700110001234567;2023-10-11;2023-10-11;102.15;CHF;DBIT;PMNT-CCRD-POSD;Socar Tankstelle;;;Einkauf Socar Tankstelle Zürich Karte xxxx 4821;5541
LENA-000078;CH4400700110001234567;2023-10-11;2023-10-11;12.95;CHF;DBIT;PMNT-CCRD-POSD;SBB Mobile;;;Einkauf SBB Mobile Zürich Karte xxxx 4821;4111
LENA-000079;CH4400700110001234567;2023-10-12;2023-10-12;18.90;CHF;DBIT;PMNT-CCRD-POSD;Netflix International B.V.;;;Einkauf NETFLIX.COM Karte xxxx 4821;4899
LENA-000080;CH4400700110001234567;2023-10-16;2023-10-16;831.35;CHF;DBIT;PMNT-ICDT-DMCT;Garage Wiedikon AG;;;Zahlung Rechnung Service und Reifenwechsel;
LENA-000081;CH4400700110001234567;2023-10-16;2023-10-16;459.00;CHF;DBIT;PMNT-IDDT-ESDD;AMAG Leasing AG;;;Lastschrift Leasingvertrag 4410-2231 Rate;
LENA-000082;CH4400700110001234567;2023-10-16;2023-10-16;53.25;CHF;DBIT;PMNT-ICDT-ESCT;;;;TWINT *Sende an Jonas Frei;
LENA-000083;CH4400700110001234567;2023-10-16;2023-10-16;31.00;CHF;DBIT;PMNT-CCRD-POSD;Migros;;;Einkauf Migros Winterthur Karte xxxx 4821;5411
LENA-000084;CH4400700110001234567;2023-10-16;2023-10-16;29.25;CHF;DBIT;PMNT-CCRD-POSD;Zeughauskeller;;;Einkauf Zeughauskeller Zürich Karte xxxx 4821;5812
LENA-000085;CH4400700110001234567;2023-10-16;2023-10-16;28.00;CHF;DBIT;PMNT-CCRD-POSD;Coop;;;Einkauf Coop Zürich HB Karte xxxx 4821;5411
LENA-000086;CH4400700110001234567;2023-10-16;2023-10-16;22.70;CHF;DBIT;PMNT-CCRD-POSD;Holy Cow Gourmet Burger;;;Einkauf Holy Cow Gourmet Burger Zürich Karte xxxx 4821;5812
LENA-000087;CH4400700110001234567;2023-10-16;2023-10-16;21.65;CHF;DBIT;PMNT-CCRD-POSD;Denner;;;Einkauf Denner Zürich Karte xxxx 4821;5411
LENA-000088;CH4400700110001234567;2023-10-18;2023-10-18;95.85;CHF;DBIT;PMNT-CCRD-POSD;Denner;;;Einkauf Denner Winterthur Karte xxxx 4821;5411
LENA-000089;CH4400700110001234567;2023-10-18;2023-10-18;81.50;CHF;DBIT;PMNT-CCRD-POSD;Socar Tankstelle;;;Einkauf Socar Tankstelle Zürich Karte xxxx 4821;5541
LENA-000090;CH4400700110001234567;2023-10-18;2023-10-18;16.80;CHF;DBIT;PMNT-CCRD-POSD;Starbucks;;;Einkauf Starbucks Zürich Karte xxxx 4821;5812
LENA-000091;CH4400700110001234567;2023-10-18;2023-10-18;13.95;CHF;DBIT;PMNT-CCRD-POSD;Spotify AB;;;Einkauf Spotify P2F4A1 Stockholm Karte xxxx 4821;5815
LENA-000092;CH4400700110001234567;2023-10-20;2023-10-20;163.70;CHF;DBIT;PMNT-IDDT-ESDD;Viseca Card Services SA;;;Lastschrift Viseca Card Services SA Monatsrechnung 09/2023;
LENA-000093;CH4400700110001234567;2023-10-20;2023-10-20;70.90;CHF;DBIT;PMNT-CCRD-POSD;Holy Cow Gourmet Burger;;;Einkauf Holy Cow Gourmet Burger Zürich Karte xxxx 4821;5812
LENA-000094;CH4400700110001234567;2023-10-23;2023-10-23;105.85;CHF;DBIT;PMNT-IDDT-ESDD;ewz Elektrizitätswerk der Stadt Zürich;;;LSV Stromrechnung;
LENA-000095;CH4400700110001234567;2023-10-23;2023-10-23;42.40;CHF;DBIT;PMNT-CCRD-POSD;Holy Cow Gourmet Burger;;;Einkauf Holy Cow Gourmet Burger Zürich Karte xxxx 4821;5812
LENA-000096;CH4400700110001234567;2023-10-24;2023-10-24;132.65;CHF;DBIT;PMNT-CCRD-POSD;Zalando;;;Einkauf Zalando Zürich Karte xxxx 4821;5651
LENA-000097;CH4400700110001234567;2023-10-24;2023-10-24;21.55;CHF;DBIT;PMNT-ICDT-ESCT;;;;TWINT *Sende an Sarah Keller;
LENA-000098;CH4400700110001234567;2023-10-24;2023-10-24;7.60;CHF;DBIT;PMNT-CCRD-POSD;SBB Mobile;;;Einkauf SBB Mobile Zürich Karte xxxx 4821;4111
LENA-000099;CH4400700110001234567;2023-10-25;2023-10-25;104.80;CHF;DBIT;PMNT-CCRD-POSD;Shell;;;Einkauf Shell Zürich Karte xxxx 4821;5541
LENA-000100;CH4400700110001234567;2023-10-25;2023-10-25;6722.91;CHF;CRDT;PMNT-RCDT-SALA;Limmat Data Solutions AG;CH9300762011623852957;;Gutschrift Lohn Oktober 2023;
LENA-000101;CH4400700110001234567;2023-10-26;2023-10-26;500.00;CHF;DBIT;PMNT-ICDT-BOOK;;CH7100700110009876543;;Übertrag auf Sparkonto;
LENA-000102;CH4400700110001234567;2023-10-26;2023-10-26;11.45;CHF;DBIT;PMNT-CCRD-POSD;;;;TWINT *Bäckerei Hug;
LENA-000103;CH4400700110001234567;2023-10-26;2023-10-26;4.15;CHF;DBIT;PMNT-CCRD-POSD;;;;TWINT *Migros;
LENA-000104;CH7100700110009876543;2023-10-26;2023-10-26;500.00;CHF;CRDT;PMNT-RCDT-BOOK;;CH4400700110001234567;;Übertrag auf Sparkonto;
LENA-000105;CH4400700110001234567;2023-10-27;2023-10-27;59.70;CHF;DBIT;PMNT-CCRD-POSD;Hallenbad City;;;Einkauf Hallenbad City Zürich Karte xxxx 4821;
LENA-000106;CH4400700110001234567;2023-10-27;2023-10-27;35.80;CHF;DBIT;PMNT-CCRD-POSD;Orell Füssli;;;Einkauf Orell Füssli Zürich Karte xxxx 4821;
LENA-000107;CH4400700110001234567;2023-10-27;2023-10-27;10.75;CHF;DBIT;PMNT-CCRD-POSD;Parkingpay;;;Einkauf Parkingpay Zürich Karte xxxx 4821;
LENA-000108;CH4400700110001234567;2023-10-30;2023-10-30;1020.00;CHF;DBIT;PMNT-ICDT-STDO;Steueramt der Stadt Zürich;;;Dauerauftrag Steuern Ratenzahlung;
LENA-000109;CH4400700110001234567;2023-10-30;2023-10-30;3.00;CHF;DBIT;ACMT-MDOP-CHRG;;;;Preis für Kontoführung;
LENA-000110;CH4400700110001234567;2023-11-01;2023-11-01;1850.00;CHF;DBIT;PMNT-ICDT-STDO;Immobilien Verwaltung Seefeld AG;;;Dauerauftrag Miete Wohnung Josefstrasse 12;
LENA-000111;CH4400700110001234567;2023-11-01;2023-11-01;150.00;CHF;DBIT;PMNT-ICDT-STDO;Immobilien Verwaltung Seefeld AG;;;Dauerauftrag Einstellplatz Nr. 17;
LENA-000112;CH4400700110001234567;2023-11-03;2023-11-03;89.00;CHF;DBIT;PMNT-IDDT-ESDD;Update Fitness AG;;;LSV Update Fitness Abo;
LENA-000113;CH4400700110001234567;2023-11-03;2023-11-03;16.85;CHF;DBIT;PMNT-CCRD-POSD;Lidl;;;Einkauf Lidl Zürich Karte xxxx 4821;5411
LENA-000114;CH4400700110001234567;2023-11-06;2023-11-06;389.00;CHF;DBIT;PMNT-IDDT-ESDD;Helsana Versicherungen AG;;;LSV Prämie Grundversicherung 11/2023;
LENA-000115;CH4400700110001234567;2023-11-06;2023-11-06;27.45;CHF;DBIT;PMNT-CCRD-POSD;Restaurant Hiltl;;;Einkauf Restaurant Hiltl Zürich Karte xxxx 4821;5812
LENA-000116;CH4400700110001234567;2023-11-06;2023-11-06;20.85;CHF;DBIT;PMNT-ICDT-ESCT;;;;TWINT *Sende an Jonas Frei;
LENA-000117;CH4400700110001234567;2023-11-06;2023-11-06;5.95;CHF;DBIT;PMNT-CCRD-POSD;;;;TWINT *Kafi Dihei;
LENA-000118;CH4400700110001234567;2023-11-07;2023-11-07;220.80;CHF;DBIT;PMNT-CCRD-POSD;Galaxus;;;Einkauf Galaxus Zürich Karte xxxx 4821;5651
LENA-000119;CH4400700110001234567;2023-11-08;2023-11-08;49.90;CHF;DBIT;PMNT-IDDT-ESDD;Sunrise GmbH;;;LSV Sunrise Mobile Abo;
LENA-000120;CH4400700110001234567;2023-11-09;2023-11-09;66.40;CHF;DBIT;PMNT-CCRD-POSD;Tibits;;;Einkauf Tibits Zürich Karte xxxx 4821;5812
LENA-000121;CH4400700110001234567;2023-11-09;2023-11-09;43.35;CHF;DBIT;PMNT-CCRD-POSD;Aldi Suisse;;;Einkauf Aldi Suisse Zürich Karte xxxx 4821;5411
LENA-000122;CH4400700110001234567;2023-11-09;2023-11-09;11.35;CHF;DBIT;PMNT-CCRD-POSD;;;;TWINT *Bäckerei Hug;
LENA-000123;CH4400700110001234567;2023-11-10;2023-11-10;56.05;CHF;DBIT;PMNT-CCRD-POSD;Sushi Mania;;;Einkauf Sushi Mania Zürich Karte xxxx 4821;5812
LENA-000124;CH4400700110001234567;2023-11-10;2023-11-10;18.75;CHF;DBIT;PMNT-ICDT-ESCT;;;;TWINT *Sende an Luca Bernasconi;
LENA-000125;CH4400700110001234567;2023-11-13;2023-11-13;70.95;CHF;DBIT;PMNT-CCRD-POSD;Holy Cow Gourmet Burger;;;Einkauf Holy Cow Gourmet Burger Zürich Karte xxxx 4821;5812
LENA-000126;CH4400700110001234567;2023-11-13;2023-11-13;61.95;CHF;DBIT;PMNT-CCRD-POSD;Coiffeur Seefeld;;;Einkauf Coiffeur Seefeld Zürich Karte xxxx 4821;
LENA-000127;CH4400700110001234567;2023-11-13;2023-11-13;31.60;CHF;DBIT;PMNT-CCRD-POSD;Sushi Mania;;;Einkauf Sushi Mania Zürich Karte xxxx 4821;5812
LENA-000128;CH4400700110001234567;2023-11-13;2023-11-13;18.90;CHF;DBIT;PMNT-CCRD-POSD;Netflix International B.V.;;;Einkauf NETFLIX.COM Karte xxxx 4821;4899
LENA-000129;CH4400700110001234567;2023-11-13;2023-11-13;15.00;CHF;DBIT;PMNT-CCRD-POSD;Holy Cow Gourmet Burger;;;Einkauf Holy Cow Gourmet Burger Zürich Karte xxxx 4821;5812
LENA-000130;CH4400700110001234567;2023-11-13;2023-11-13;12.20;CHF;DBIT;PMNT-CCRD-POSD;ZVV Ticketautomat;;;Einkauf ZVV Ticketautomat Zürich Karte xxxx 4821;4111
LENA-000131;CH4400700110001234567;2023-11-15;2023-11-15;459.00;CHF;DBIT;PMNT-IDDT-ESDD;AMAG Leasing AG;;;Lastschrift Leasingvertrag 4410-2231 Rate;
LENA-000132;CH4400700110001234567;2023-11-16;2023-11-16;55.05;CHF;DBIT;PMNT-CCRD-POSD;Hallenbad City;;;Einkauf Hallenbad City Zürich Karte xxxx 4821;
LENA-000133;CH4400700110001234567;2023-11-16;2023-11-16;37.60;CHF;DBIT;PMNT-CCRD-POSD;Migros;;;Einkauf Migros Winterthur Karte xxxx 4821;5411
LENA-000134;CH4400700110001234567;2023-11-16;2023-11-16;17.90;CHF;DBIT;PMNT-ICDT-ESCT;;;;TWINT *Sende an Anna Meier;
LENA-000135;CH4400700110001234567;2023-11-17;2023-11-17;51.65;CHF;DBIT;PMNT-CCRD-POSD;Zalando;;;Einkauf Zalando Zürich Karte xxxx 4821;5651
LENA-000136;CH4400700110001234567;2023-11-17;2023-11-17;36.05;CHF;DBIT;PMNT-CCRD-POSD;Holy Cow Gourmet Burger;;;Einkauf Holy Cow Gourmet Burger Zürich Karte xxxx 4821;5812
LENA-000137;CH4400700110001234567;2023-11-20;2023-11-20;633.35;CHF;DBIT;PMNT-IDDT-ESDD;Viseca Card Services SA;;;Lastschrift Viseca Card Services SA Monatsrechnung 10/2023;
LENA-000138;CH4400700110001234567;2023-11-20;2023-11-20;54.50;CHF;DBIT;PMNT-CCRD-POSD;Aldi Suisse;;;Einkauf Aldi Suisse Winterthur Karte xxxx 4821;5411
LENA-000139;CH4400700110001234567;2023-11-20;2023-11-20;37.30;CHF;DBIT;PMNT-CCRD-POSD;Denner;;;Einkauf Denner Zürich HB Karte xxxx 4821;5411
LENA-000140;CH4400700110001234567;2023-11-20;2023-11-20;28.05;CHF;DBIT;PMNT-CCRD-POSD;Holy Cow Gourmet Burger;;;Einkauf Holy Cow Gourmet Burger Zürich Karte xxxx 4821;5812
LENA-000141;CH4400700110001234567;2023-11-20;2023-11-20;27.95;CHF;DBIT;PMNT-ICDT-ESCT;;;;TWINT *Sende an Jonas Frei;
LENA-000142;CH4400700110001234567;2023-11-20;2023-11-20;13.95;CHF;DBIT;PMNT-CCRD-POSD;Spotify AB;;;Einkauf Spotify P2F4A1 Stockholm Karte xxxx 4821;5815
LENA-000143;CH4400700110001234567;2023-11-21;2023-11-21;82.95;CHF;DBIT;PMNT-CCRD-POSD;Sushi Mania;;;Einkauf Sushi Mania Zürich Karte xxxx 4821;5812
LENA-000144;CH4400700110001234567;2023-11-21;2023-11-21;49.25;CHF;DBIT;PMNT-CCRD-POSD;Lidl;;;Einkauf Lidl Winterthur Karte xxxx 4821;5411
LENA-000145;CH4400700110001234567;2023-11-21;2023-11-21;12.80;CHF;DBIT;PMNT-CCRD-POSD;Parkhaus Urania;;;Einkauf Parkhaus Urania Zürich Karte xxxx 4821;
LENA-000146;CH4400700110001234567;2023-11-22;2023-11-22;64.50;CHF;DBIT;PMNT-CCRD-POSD;Migros;;;Einkauf Migros Zürich HB Karte xxxx 4821;5411
LENA-000147;CH4400700110001234567;2023-11-22;2023-11-22;52.30;CHF;DBIT;PMNT-CCRD-POSD;Sushi Mania;;;Einkauf Sushi Mania Zürich Karte xxxx 4821;5812
LENA-000148;CH4400700110001234567;2023-11-22;2023-11-22;13.55;CHF;DBIT;PMNT-CCRD-POSD;ZVV Ticketautomat;;;Einkauf ZVV Ticketautomat Zürich Karte xxxx 4821;4111
LENA-000149;CH4400700110001234567;2023-11-22;2023-11-22;6.05;CHF;DBIT;PMNT-CCRD-POSD;;;;TWINT *Bäckerei Hug;
LENA-000150;CH4400700110001234567;2023-11-23;2023-11-23;56.75;CHF;DBIT;PMNT-CCRD-POSD;Tibits;;;Einkauf Tibits Zürich Karte xxxx 4821;5812
LENA-000151;CH4400700110001234567;2023-11-23;2023-11-23;37.05;CHF;DBIT;PMNT-CCRD-POSD;Zeughauskeller;;;Einkauf Zeughauskeller Zürich Karte xxxx 4821;5812
LENA-000152;CH4400700110001234567;2023-11-24;2023-11-24;19.10;CHF;DBIT;PMNT-CCRD-POSD;Restaurant Hiltl;;;Einkauf Restaurant Hiltl Zürich Karte xxxx 4821;5812
LENA-000153;CH4400700110001234567;2023-11-27;2023-11-27;500.00;CHF;DBIT;PMNT-ICDT-BOOK;;CH7100700110009876543;;Übertrag auf Sparkonto;
LENA-000154;CH4400700110001234567;2023-11-27;2023-11-27;152.25;CHF;DBIT;PMNT-CCRD-POSD;IKEA;;;Einkauf IKEA Zürich Karte xxxx 4821;5651
LENA-000155;CH4400700110001234567;2023-11-27;2023-11-27;121.30;CHF;DBIT;PMNT-CCRD-POSD;Aldi Suisse;;;Einkauf Aldi Suisse Winterthur Karte xxxx 4821;5411
LENA-000156;CH4400700110001234567;2023-11-27;2023-11-27;31.45;CHF;DBIT;PMNT-CCRD-POSD;Coop;;;Einkauf Coop Winterthur Karte xxxx 4821;5411
LENA-000157;CH4400700110001234567;2023-11-27;2023-11-27;24.15;CHF;DBIT;PMNT-CCRD-POSD;Hallenbad City;;;Einkauf Hallenbad City Zürich Karte xxxx 4821;
LENA-000158;CH4400700110001234567;2023-11-27;2023-11-27;9.15;CHF;DBIT;PMNT-CCRD-POSD;;;;TWINT *Bäckerei Hug;
LENA-000159;CH4400700110001234567;2023-11-27;2023-11-27;7.00;CHF;DBIT;PMNT-CCRD-POSD;Parkingpay;;;Einkauf Parkingpay Zürich Karte xxxx 4821;
LENA-000160;CH4400700110001234567;2023-11-27;2023-11-27;6722.91;CHF;CRDT;PMNT-RCDT-SALA;Limmat Data Solutions AG;CH9300762011623852957;;Gutschrift Lohn November 2023;
LENA-000161;CH4400700110001234567;2023-11-27;2023-11-27;6722.91;CHF;CRDT;PMNT-RCDT-SALA;Limmat Data Solutions AG;CH9300762011623852957;;Gutschrift 13. Monatslohn 2023;
LENA-000162;CH7100700110009876543;2023-11-27;2023-11-27;500.00;CHF;CRDT;PMNT-RCDT-BOOK;;CH4400700110001234567;;Übertrag auf Sparkonto;
LENA-000163;CH4400700110001234567;2023-11-28;2023-11-28;1020.00;CHF;DBIT;PMNT-ICDT-STDO;Steueramt der Stadt Zürich;;;Dauerauftrag Steuern Ratenzahlung;
LENA-000164;CH4400700110001234567;2023-11-28;2023-11-28;67.90;CHF;DBIT;PMNT-CCRD-POSD;Starbucks;;;Einkauf Starbucks Zürich Karte xxxx 4821;5812
LENA-000165;CH4400700110001234567;2023-11-28;2023-11-28;3.00;CHF;DBIT;ACMT-MDOP-CHRG;;;;Preis für Kontoführung;
LENA-000166;CH4400700110001234567;2023-12-01;2023-12-01;1850.00;CHF;DBIT;PMNT-ICDT-STDO;Immobilien Verwaltung Seefeld AG;;;Dauerauftrag Miete Wohnung Josefstrasse 12;
LENA-000167;CH4400700110001234567;2023-12-01;2023-12-01;150.00;CHF;DBIT;PMNT-ICDT-STDO;Immobilien Verwaltung Seefeld AG;;;Dauerauftrag Einstellplatz Nr. 17;
LENA-000168;CH4400700110001234567;2023-12-04;2023-12-04;89.00;CHF;DBIT;PMNT-IDDT-ESDD;Update Fitness AG;;;LSV Update Fitness Abo;
LENA-000169;CH4400700110001234567;2023-12-04;2023-12-04;53.95;CHF;DBIT;PMNT-CCRD-POSD;Restaurant Hiltl;;;Einkauf Restaurant Hiltl Zürich Karte xxxx 4821;5812
LENA-000170;CH4400700110001234567;2023-12-04;2023-12-04;24.05;CHF;DBIT;PMNT-CCRD-POSD;Parkingpay;;;Einkauf Parkingpay Zürich Karte xxxx 4821;
LENA-000171;CH4400700110001234567;2023-12-04;2023-12-04;12.25;CHF;DBIT;PMNT-CCRD-POSD;ZVV Ticketautomat;;;Einkauf ZVV Ticketautomat Zürich Karte xxxx 4821;4111
LENA-000172;CH4400700110001234567;2023-12-04;2023-12-04;11.65;CHF;DBIT;PMNT-CCRD-POSD;Denner;;;Einkauf Denner Zürich Karte xxxx 4821;5411
LENA-000173;CH4400700110001234567;2023-12-05;2023-12-05;389.00;CHF;DBIT;PMNT-IDDT-ESDD;Helsana Versicherungen AG;;;LSV Prämie Grundversicherung 12/2023;
LENA-000174;CH4400700110001234567;2023-12-06;2023-12-06;28.35;CHF;DBIT;PMNT-CCRD-POSD;Holy Cow Gourmet Burger;;;Einkauf Holy Cow Gourmet Burger Zürich Karte xxxx 4821;5812
LENA-000175;CH4400700110001234567;2023-12-07;2023-12-07;63.45;CHF;DBIT;PMNT-CCRD-POSD;BP Tankstelle;;;Einkauf BP Tankstelle Zürich Karte xxxx 4821;5541
LENA-000176;CH4400700110001234567;2023-12-07;2023-12-07;49.85;CHF;DBIT;PMNT-CCRD-POSD;Coop;;;Einkauf Coop Zürich Karte xxxx 4821;5411
LENA-000177;CH4400700110001234567;2023-12-08;2023-12-08;49.90;CHF;DBIT;PMNT-IDDT-ESDD;Sunrise GmbH;;;LSV Sunrise Mobile Abo;
LENA-000178;CH4400700110001234567;2023-12-08;2023-12-08;26.30;CHF;DBIT;PMNT-CCRD-POSD;Starbucks;;;Einkauf Starbucks Zürich Karte xxxx 4821;5812
LENA-000179;CH4400700110001234567;2023-12-08;2023-12-08;8.90;CHF;DBIT;PMNT-CCRD-POSD;;;;TWINT *Kafi Dihei;
LENA-000180;CH4400700110001234567;2023-12-11;2023-12-11;81.75;CHF;DBIT;PMNT-CCRD-POSD;Coop;;;Einkauf Coop Winterthur Karte xxxx 4821;5411
LENA-000181;CH4400700110001234567;2023-12-11;2023-12-11;71.30;CHF;DBIT;PMNT-CCRD-POSD;Coop Pronto Tankstelle;;;Einkauf Coop Pronto Tankstelle Zürich Karte xxxx 4821;5541
LENA-000182;CH4400700110001234567;2023-12-11;2023-12-11;70.25;CHF;DBIT;PMNT-CCRD-POSD;Ticketcorner;;;Einkauf Ticketcorner Zürich Karte xxxx 4821;
LENA-000183;CH4400700110001234567;2023-12-11;2023-12-11;63.70;CHF;DBIT;PMNT-CCRD-POSD;Fantasywelt Zürich;;;Einkauf Fantasywelt Zürich Zürich Karte xxxx 4821;5945
LENA-000184;CH4400700110001234567;2023-12-11;2023-12-11;36.40;CHF;DBIT;PMNT-CCRD-POSD;Denner;;;Einkauf Denner Zürich HB Karte xxxx 4821;5411
LENA-000185;CH4400700110001234567;2023-12-11;2023-12-11;18.45;CHF;DBIT;PMNT-CCRD-POSD;Aldi Suisse;;;Einkauf Aldi Suisse Winterthur Karte xxxx 4821;5411
LENA-000186;CH4400700110001234567;2023-12-11;2023-12-11;6.65;CHF;DBIT;PMNT-CCRD-POSD;Parkhaus Urania;;;Einkauf Parkhaus Urania Zürich Karte xxxx 4821;
LENA-000187;CH4400700110001234567;2023-12-12;2023-12-12;32.65;CHF;DBIT;PMNT-CCRD-POSD;Zeughauskeller;;;Einkauf Zeughauskeller Zürich Karte xxxx 4821;5812
LENA-000188;CH4400700110001234567;2023-12-12;2023-12-12;18.90;CHF;DBIT;PMNT-CCRD-POSD;Netflix International B.V.;;;Einkauf NETFLIX.COM Karte xxxx 4821;4899
LENA-000189;CH4400700110001234567;2023-12-13;2023-12-13;11.45;CHF;DBIT;PMNT-CCRD-POSD;;;;TWINT *Bäckerei Hug;
LENA-000190;CH4400700110001234567;2023-12-14;2023-12-14;135.60;CHF;DBIT;PMNT-CCRD-POSD;Manor;;;Einkauf Manor Zürich Karte xxxx 4821;5651
LENA-000191;CH4400700110001234567;2023-12-14;2023-12-14;62.75;CHF;DBIT;PMNT-CCRD-POSD;Coop;;;Einkauf Coop Zürich Karte xxxx 4821;5411
LENA-000192;CH4400700110001234567;2023-12-15;2023-12-15;459.00;CHF;DBIT;PMNT-IDDT-ESDD;AMAG Leasing AG;;;Lastschrift Leasingvertrag 4410-2231 Rate;
LENA-000193;CH4400700110001234567;2023-12-15;2023-12-15;39.75;CHF;DBIT;PMNT-CCRD-POSD;Aldi Suisse;;;Einkauf Aldi Suisse Winterthur Karte xxxx 4821;5411
LENA-000194;CH4400700110001234567;2023-12-18;2023-12-18;114.60;CHF;DBIT;PMNT-CCRD-POSD;Aldi Suisse;;;Einkauf Aldi Suisse Zürich HB Karte xxxx 4821;5411
LENA-000195;CH4400700110001234567;2023-12-18;2023-12-18;89.80;CHF;DBIT;PMNT-CCRD-POSD;Coop;;;Einkauf Coop Zürich Karte xxxx 4821;5411
LENA-000196;CH4400700110001234567;2023-12-18;2023-12-18;76.60;CHF;DBIT;PMNT-CCRD-POSD;Lidl;;;Einkauf Lidl Zürich Karte xxxx 4821;5411
LENA-000197;CH4400700110001234567;2023-12-18;2023-12-18;41.15;CHF;DBIT;PMNT-ICDT-ESCT;;;;TWINT *Sende an Jonas Frei;
LENA-000198;CH4400700110001234567;2023-12-18;2023-12-18;22.60;CHF;DBIT;PMNT-CCRD-POSD;Orell Füssli;;;Einkauf Orell Füssli Zürich Karte xxxx 4821;
LENA-000199;CH4400700110001234567;2023-12-18;2023-12-18;19.15;CHF;DBIT;PMNT-CCRD-POSD;Coop;;;Einkauf Coop Winterthur Karte xxxx 4821;5411
LENA-000200;CH4400700110001234567;2023-12-18;2023-12-18;18.25;CHF;DBIT;PMNT-CCRD-POSD;Coop;;;Einkauf Coop Zürich HB Karte xxxx 4821;5411
LENA-000201;CH4400700110001234567;2023-12-18;2023-12-18;13.95;CHF;DBIT;PMNT-CCRD-POSD;Spotify AB;;;Einkauf Spotify P2F4A1 Stockholm Karte xxxx 4821;5815
LENA-000202;CH4400700110001234567;2023-12-18;2023-12-18;10.30;CHF;DBIT;PMNT-CCRD-POSD;Parkhaus Urania;;;Einkauf Parkhaus Urania Zürich Karte xxxx 4821;
LENA-000203;CH4400700110001234567;2023-12-18;2023-12-18;6.20;CHF;DBIT;PMNT-CCRD-POSD;SBB Mobile;;;Einkauf SBB Mobile Zürich Karte xxxx 4821;4111
LENA-000204;CH4400700110001234567;2023-12-19;2023-12-19;33.45;CHF;DBIT;PMNT-CCRD-POSD;Aldi Suisse;;;Einkauf Aldi Suisse Winterthur Karte xxxx 4821;5411
LENA-000205;CH4400700110001234567;2023-12-20;2023-12-20;118.15;CHF;DBIT;PMNT-IDDT-ESDD;Viseca Card Services SA;;;Lastschrift Viseca Card Services SA Monatsrechnung 11/2023;
LENA-000206;CH4400700110001234567;2023-12-20;2023-12-20;37.15;CHF;DBIT;PMNT-CCRD-POSD;Holy Cow Gourmet Burger;;;Einkauf Holy Cow Gourmet Burger Zürich Karte xxxx 4821;5812
LENA-000207;CH4400700110001234567;2023-12-20;2023-12-20;8.05;CHF;DBIT;PMNT-CCRD-POSD;SBB Mobile;;;Einkauf SBB Mobile Zürich Karte xxxx 4821;4111
LENA-000208;CH4400700110001234567;2023-12-22;2023-12-22;30.85;CHF;DBIT;PMNT-CCRD-POSD;Starbucks;;;Einkauf Starbucks Zürich Karte xxxx 4821;5812
LENA-000209;CH4400700110001234567;2023-12-22;2023-12-22;20.65;CHF;DBIT;PMNT-CCRD-POSD;Aldi Suisse;;;Einkauf Aldi Suisse Zürich Karte xxxx 4821;5411
LENA-000210;CH4400700110001234567;2023-12-25;2023-12-25;111.35;CHF;DBIT;PMNT-CCRD-POSD;Fantasywelt Zürich;;;Einkauf Fantasywelt Zürich Zürich Karte xxxx 4821;5945
LENA-000211;CH4400700110001234567;2023-12-25;2023-12-25;59.80;CHF;DBIT;PMNT-CCRD-POSD;Coop Pronto Tankstelle;;;Einkauf Coop Pronto Tankstelle Zürich Karte xxxx 4821;5541
LENA-000212;CH4400700110001234567;2023-12-25;2023-12-25;6722.91;CHF;CRDT;PMNT-RCDT-SALA;Limmat Data Solutions AG;CH9300762011623852957;;Gutschrift Lohn Dezember 2023;
LENA-000213;CH4400700110001234567;2023-12-26;2023-12-26;500.00;CHF;DBIT;PMNT-ICDT-BOOK;;CH7100700110009876543;;Übertrag auf Sparkonto;
LENA-000214;CH4400700110001234567;2023-12-26;2023-12-26;62.30;CHF;DBIT;PMNT-CCRD-POSD;Games Workshop Zürich;;;Einkauf Games Workshop Zürich Zürich Karte xxxx 4821;5945
LENA-000215;CH4400700110001234567;2023-12-26;2023-12-26;7.70;CHF;DBIT;PMNT-CCRD-POSD;Parkingpay;;;Einkauf Parkingpay Zürich Karte xxxx 4821;
LENA-000216;CH7100700110009876543;2023-12-26;2023-12-26;500.00;CHF;CRDT;PMNT-RCDT-BOOK;;CH4400700110001234567;;Übertrag auf Sparkonto;
LENA-000217;CH4400700110001234567;2023-12-28;2023-12-28;1020.00;CHF;DBIT;PMNT-ICDT-STDO;Steueramt der Stadt Zürich;;;Dauerauftrag Steuern Ratenzahlung;
LENA-000218;CH4400700110001234567;2023-12-28;2023-12-28;81.75;CHF;DBIT;PMNT-CCRD-POSD;Aldi Suisse;;;Einkauf Aldi Suisse Zürich Karte xxxx 4821;5411
LENA-000219;CH4400700110001234567;2023-12-28;2023-12-28;5.60;CHF;DBIT;PMNT-CCRD-POSD;ZVV Ticketautomat;;;Einkauf ZVV Ticketautomat Zürich Karte xxxx 4821;4111
LENA-000220;CH4400700110001234567;2023-12-28;2023-12-28;3.00;CHF;DBIT;ACMT-MDOP-CHRG;;;;Preis für Kontoführung;
LENA-000221;CH7100700110009876543;2023-12-31;2023-12-31;100.20;CHF;CRDT;ACMT-MDOP-INTR;;;;Zinsgutschrift;
LENA-000222;CH4400700110001234567;2024-01-01;2024-01-01;1850.00;CHF;DBIT;PMNT-ICDT-STDO;Immobilien Verwaltung Seefeld AG;;;Dauerauftrag Miete Wohnung Josefstrasse 12;
LENA-000223;CH4400700110001234567;2024-01-01;2024-01-01;150.00;CHF;DBIT;PMNT-ICDT-STDO;Immobilien Verwaltung Seefeld AG;;;Dauerauftrag Einstellplatz Nr. 17;
LENA-000224;CH4400700110001234567;2024-01-02;2024-01-02;166.20;CHF;DBIT;PMNT-CCRD-POSD;Denner;;;Einkauf Denner Zürich Karte xxxx 4821;5411
LENA-000225;CH4400700110001234567;2024-01-02;2024-01-02;91.80;CHF;DBIT;PMNT-CCRD-POSD;BP Tankstelle;;;Einkauf BP Tankstelle Zürich Karte xxxx 4821;5541
LENA-000226;CH4400700110001234567;2024-01-02;2024-01-02;13.60;CHF;DBIT;PMNT-CCRD-POSD;SBB Mobile;;;Einkauf SBB Mobile Zürich Karte xxxx 4821;4111
LENA-000227;CH4400700110001234567;2024-01-03;2024-01-03;91.50;CHF;DBIT;PMNT-CCRD-POSD;BP Tankstelle;;;Einkauf BP Tankstelle Zürich Karte xxxx 4821;5541
LENA-000228;CH4400700110001234567;2024-01-03;2024-01-03;89.00;CHF;DBIT;PMNT-IDDT-ESDD;Update Fitness AG;;;LSV Update Fitness Abo;
LENA-000229;CH4400700110001234567;2024-01-03;2024-01-03;58.50;CHF;DBIT;PMNT-ICDT-ESCT;;;;TWINT *Sende an Sarah Keller;
LENA-000230;CH4400700110001234567;2024-01-04;2024-01-04;65.35;CHF;DBIT;PMNT-CCRD-POSD;Coiffeur Seefeld;;;Einkauf Coiffeur Seefeld Zürich Karte xxxx 4821;
LENA-000231;CH4400700110001234567;2024-01-04;2024-01-04;48.85;CHF;DBIT;PMNT-CCRD-POSD;Migros;;;Einkauf Migros Zürich HB Karte xxxx 4821;5411
LENA-000232;CH4400700110001234567;2024-01-04;2024-01-04;22.00;CHF;DBIT;PMNT-ICDT-ESCT;;;;TWINT *Sende an Anna Meier;
LENA-000233;CH4400700110001234567;2024-01-05;2024-01-05;389.00;CHF;DBIT;PMNT-IDDT-ESDD;Helsana Versicherungen AG;;;LSV Prämie Grundversicherung 01/2024;
LENA-000234;CH4400700110001234567;2024-01-05;2024-01-05;23.65;CHF;DBIT;PMNT-CCRD-POSD;Hallenbad City;;;Einkauf Hallenbad City Zürich Karte xxxx 4821;
LENA-000235;CH4400700110001234567;2024-01-08;2024-01-08;49.90;CHF;DBIT;PMNT-IDDT-ESDD;Sunrise GmbH;;;LSV Sunrise Mobile Abo;
LENA-000236;CH4400700110001234567;2024-01-08;2024-01-08;30.05;CHF;DBIT;PMNT-CCRD-POSD;Decathlon;;;Einkauf Decathlon Zürich Karte xxxx 4821;5651
LENA-000237;CH4400700110001234567;2024-01-08;2024-01-08;22.15;CHF;DBIT;PMNT-CCRD-POSD;Denner;;;Einkauf Denner Zürich HB Karte xxxx 4821;5411
LENA-000238;CH4400700110001234567;2024-01-08;2024-01-08;19.15;CHF;DBIT;PMNT-CCRD-POSD;Sushi Mania;;;Einkauf Sushi Mania Zürich Karte xxxx 4821;5812
LENA-000239;CH4400700110001234567;2024-01-08;2024-01-08;8.90;CHF;DBIT;PMNT-CCRD-POSD;;;;TWINT *Bäckerei Hug;
LENA-000240;CH4400700110001234567;2024-01-08;2024-01-08;7.85;CHF;DBIT;PMNT-CCRD-POSD;Parkingpay;;;Einkauf Parkingpay Zürich Karte xxxx 4821;
LENA-000241;CH4400700110001234567;2024-01-09;2024-01-09;134.05;CHF;DBIT;PMNT-CCRD-POSD;Ticketcorner;;;Einkauf Ticketcorner Zürich Karte xxxx 4821;
LENA-000242;CH4400700110001234567;2024-01-09;2024-01-09;40.00;CHF;DBIT;PMNT-CCRD-POSD;Die Post;;;Einkauf Autobahnvignette Post Zürich;
LENA-000243;CH4400700110001234567;2024-01-11;2024-01-11;97.45;CHF;DBIT;PMNT-ICDT-ESCT;;;;TWINT *Sende an Luca Bernasconi;
LENA-000244;CH4400700110001234567;2024-01-12;2024-01-12;19.40;CHF;DBIT;PMNT-CCRD-POSD;Hallenbad City;;;Einkauf Hallenbad City Zürich Karte xxxx 4821;
LENA-000245;CH4400700110001234567;2024-01-12;2024-01-12;18.90;CHF;DBIT;PMNT-CCRD-POSD;Netflix International B.V.;;;Einkauf NETFLIX.COM Karte xxxx 4821;4899
LENA-000246;CH4400700110001234567;2024-01-12;2024-01-12;6.05;CHF;DBIT;PMNT-CCRD-POSD;Parkhaus Urania;;;Einkauf Parkhaus Urania Zürich Karte xxxx 4821;
LENA-000247;CH4400700110001234567;2024-01-15;2024-01-15;459.00;CHF;DBIT;PMNT-IDDT-ESDD;AMAG Leasing AG;;;Lastschrift Leasingvertrag 4410-2231 Rate;
LENA-000248;CH4400700110001234567;2024-01-15;2024-01-15;39.55;CHF;DBIT;PMNT-CCRD-POSD;Holy Cow Gourmet Burger;;;Einkauf Holy Cow Gourmet Burger Zürich Karte xxxx 4821;5812
LENA-000249;CH4400700110001234567;2024-01-15;2024-01-15;20.70;CHF;DBIT;PMNT-CCRD-POSD;Kino Arena;;;Einkauf Kino Arena Zürich Karte xxxx 4821;
LENA-000250;CH4400700110001234567;2024-01-15;2024-01-15;16.15;CHF;DBIT;PMNT-CCRD-POSD;Lidl;;;Einkauf Lidl Zürich Karte xxxx 4821;5411
LENA-000251;CH4400700110001234567;2024-01-16;2024-01-16;27.60;CHF;DBIT;PMNT-CCRD-POSD;Parkingpay;;;Einkauf Parkingpay Zürich Karte xxxx 4821;
LENA-000252;CH4400700110001234567;2024-01-16;2024-01-16;57.30;CHF;CRDT;PMNT-RCDT-ESCT;;;;TWINT *Empfangen von Anna Meier;
LENA-000253;CH4400700110001234567;2024-01-18;2024-01-18;13.95;CHF;DBIT;PMNT-CCRD-POSD;Spotify AB;;;Einkauf Spotify P2F4A1 Stockholm Karte xxxx 4821;5815
LENA-000254;CH4400700110001234567;2024-01-19;2024-01-19;100.00;CHF;DBIT;PMNT-CCRD-CWDL;;;;Bargeldbezug Postomat Zürich Wiedikon Karte xxxx 4821;6011
LENA-000255;CH4400700110001234567;2024-01-19;2024-01-19;32.70;CHF;DBIT;PMNT-CCRD-POSD;Zeughauskeller;;;Einkauf Zeughauskeller Zürich Karte xxxx 4821;5812
LENA-000256;CH4400700110001234567;2024-01-19;2024-01-19;12.75;CHF;DBIT;PMNT-CCRD-POSD;Migros;;;Einkauf Migros Winterthur Karte xxxx 4821;5411
LENA-000257;CH4400700110001234567;2024-01-22;2024-01-22;816.90;CHF;DBIT;PMNT-IDDT-ESDD;Viseca Card Services SA;;;Lastschrift Viseca Card Services SA Monatsrechnung 12/2023;
LENA-000258;CH4400700110001234567;2024-01-22;2024-01-22;285.00;CHF;DBIT;PMNT-ICDT-DMCT;Die Mobiliar;;;Zahlung Prämie Hausrat Privathaftpflicht;
LENA-000259;CH4400700110001234567;2024-01-22;2024-01-22;129.30;CHF;DBIT;PMNT-CCRD-POSD;Migros;;;Einkauf Migros Zürich Karte xxxx 4821;5411
LENA-000260;CH4400700110001234567;2024-01-22;2024-01-22;106.20;CHF;DBIT;PMNT-CCRD-POSD;Coop Pronto Tankstelle;;;Einkauf Coop Pronto Tankstelle Zürich Karte xxxx 4821;5541
LENA-000261;CH4400700110001234567;2024-01-22;2024-01-22;97.15;CHF;DBIT;PMNT-CCRD-POSD;Migros;;;Einkauf Migros Zürich Karte xxxx 4821;5411
LENA-000262;CH4400700110001234567;2024-01-22;2024-01-22;92.85;CHF;DBIT;PMNT-IDDT-ESDD;ewz Elektrizitätswerk der Stadt Zürich;;;LSV Stromrechnung;
LENA-000263;CH4400700110001234567;2024-01-22;2024-01-22;52.35;CHF;DBIT;PMNT-CCRD-POSD;Tibits;;;Einkauf Tibits Zürich Karte xxxx 4821;5812
LENA-000264;CH4400700110001234567;2024-01-22;2024-01-22;49.35;CHF;DBIT;PMNT-CCRD-POSD;Migros;;;Einkauf Migros Winterthur Karte xxxx 4821;5411
LENA-000265;CH4400700110001234567;2024-01-22;2024-01-22;41.20;CHF;DBIT;PMNT-CCRD-POSD;Hallenbad City;;;Einkauf Hallenbad City Zürich Karte xxxx 4821;
LENA-000266;CH4400700110001234567;2024-01-22;2024-01-22;24.55;CHF;DBIT;PMNT-CCRD-POSD;Zeughauskeller;;;Einkauf Zeughauskeller Zürich Karte xxxx 4821;5812
LENA-000267;CH4400700110001234567;2024-01-22;2024-01-22;7.40;CHF;DBIT;PMNT-CCRD-POSD;ZVV Ticketautomat;;;Einkauf ZVV Ticketautomat Zürich Karte xxxx 4821;4111
LENA-000268;CH4400700110001234567;2024-01-23;2024-01-23;81.60;CHF;DBIT;PMNT-CCRD-POSD;Coop Pronto Tankstelle;;;Einkauf Coop Pronto Tankstelle Zürich Karte xxxx 4821;5541
LENA-000269;CH4400700110001234567;2024-01-23;2024-01-23;32.00;CHF;DBIT;PMNT-ICDT-ESCT;;;;TWINT *Sende an Sarah Keller;
LENA-000270;CH4400700110001234567;2024-01-25;2024-01-25;76.10;CHF;DBIT;PMNT-CCRD-POSD;Lidl;;;Einkauf Lidl Zürich HB Karte xxxx 4821;5411
LENA-000271;CH4400700110001234567;2024-01-25;2024-01-25;23.35;CHF;DBIT;PMNT-ICDT-ESCT;;;;TWINT *Sende an Sarah Keller;
LENA-000272;CH4400700110001234567;2024-01-25;2024-01-25;6823.75;CHF;CRDT;PMNT-RCDT-SALA;Limmat Data Solutions AG;CH9300762011623852957;;Gutschrift Lohn Januar 2024;
LENA-000273;CH4400700110001234567;2024-01-26;2024-01-26;500.00;CHF;DBIT;PMNT-ICDT-BOOK;;CH7100700110009876543;;Übertrag auf Sparkonto;
LENA-000274;CH4400700110001234567;2024-01-26;2024-01-26;28.70;CHF;DBIT;PMNT-CCRD-POSD;Hallenbad City;;;Einkauf Hallenbad City Zürich Karte xxxx 4821;
LENA-000275;CH7100700110009876543;2024-01-26;2024-01-26;500.00;CHF;CRDT;PMNT-RCDT-BOOK;;CH4400700110001234567;;Übertrag auf Sparkonto;
LENA-000276;CH4400700110001234567;2024-01-29;2024-01-29;1020.00;CHF;DBIT;PMNT-ICDT-STDO;Steueramt der Stadt Zürich;;;Dauerauftrag Steuern Ratenzahlung;
LENA-000277;CH4400700110001234567;2024-01-29;2024-01-29;29.70;CHF;DBIT;PMNT-CCRD-POSD;Denner;;;Einkauf Denner Winterthur Karte xxxx 4821;5411
LENA-000278;CH4400700110001234567;2024-01-29;2024-01-29;3.00;CHF;DBIT;ACMT-MDOP-CHRG;;;;Preis für Kontoführung;
LENA-000279;CH4400700110001234567;2024-02-01;2024-02-01;1850.00;CHF;DBIT;PMNT-ICDT-STDO;Immobilien Verwaltung Seefeld AG;;;Dauerauftrag Miete Wohnung Josefstrasse 12;
LENA-000280;CH4400700110001234567;2024-02-01;2024-02-01;150.00;CHF;DBIT;PMNT-ICDT-STDO;Immobilien Verwaltung Seefeld AG;;;Dauerauftrag Einstellplatz Nr. 17;
LENA-000281;CH4400700110001234567;2024-02-01;2024-02-01;77.25;CHF;DBIT;PMNT-CCRD-POSD;Sushi Mania;;;Einkauf Sushi Mania Zürich Karte xxxx 4821;5812
LENA-000282;CH4400700110001234567;2024-02-01;2024-02-01;67.90;CHF;DBIT;PMNT-CCRD-POSD;Migros;;;Einkauf Migros Zürich Karte xxxx 4821;5411
LENA-000283;CH4400700110001234567;2024-02-02;2024-02-02;74.75;CHF;DBIT;PMNT-CCRD-POSD;Coop;;;Einkauf Coop Zürich Karte xxxx 4821;5411
LENA-000284;CH4400700110001234567;2024-02-05;2024-02-05;389.00;CHF;DBIT;PMNT-IDDT-ESDD;Helsana Versicherungen AG;;;LSV Prämie Grundversicherung 02/2024;
LENA-000285;CH4400700110001234567;2024-02-05;2024-02-05;94.20;CHF;DBIT;PMNT-CCRD-POSD;BP Tankstelle;;;Einkauf BP Tankstelle Zürich Karte xxxx 4821;5541
LENA-000286;CH4400700110001234567;2024-02-05;2024-02-05;89.00;CHF;DBIT;PMNT-IDDT-ESDD;Update Fitness AG;;;LSV Update Fitness Abo;
LENA-000287;CH4400700110001234567;2024-02-05;2024-02-05;39.85;CHF;DBIT;PMNT-CCRD-POSD;Lidl;;;Einkauf Lidl Winterthur Karte xxxx 4821;5411
LENA-000288;CH4400700110001234567;2024-02-05;2024-02-05;24.70;CHF;DBIT;PMNT-CCRD-POSD;Sushi Mania;;;Einkauf Sushi Mania Zürich Karte xxxx 4821;5812
LENA-000289;CH4400700110001234567;2024-02-05;2024-02-05;2.65;CHF;DBIT;PMNT-CCRD-POSD;ZVV Ticketautomat;;;Einkauf ZVV Ticketautomat Zürich Karte xxxx 4821;4111
LENA-000290;CH4400700110001234567;2024-02-06;2024-02-06;30.55;CHF;DBIT;PMNT-CCRD-POSD;Migros;;;Einkauf Migros Zürich Karte xxxx 4821;5411
LENA-000291;CH4400700110001234567;2024-02-07;2024-02-07;452.60;CHF;DBIT;PMNT-ICDT-DMCT;Dr. med. S. Keller Hausarztpraxis;;Honorarrechnung;Zahlung Rechnung Dr. med. S. Keller Hausarztpraxis;
LENA-000292;CH4400700110001234567;2024-02-08;2024-02-08;138.40;CHF;DBIT;PMNT-CCRD-POSD;Starbucks;;;Einkauf Starbucks Zürich Karte xxxx 4821;5812
LENA-000293;CH4400700110001234567;2024-02-08;2024-02-08;59.45;CHF;DBIT;PMNT-CCRD-POSD;Zalando;;;Einkauf Zalando Zürich Karte xxxx 4821;5651
LENA-000294;CH4400700110001234567;2024-02-08;2024-02-08;57.65;CHF;DBIT;PMNT-CCRD-POSD;BP Tankstelle;;;Einkauf BP Tankstelle Zürich Karte xxxx 4821;5541
LENA-000295;CH4400700110001234567;2024-02-08;2024-02-08;49.90;CHF;DBIT;PMNT-IDDT-ESDD;Sunrise GmbH;;;LSV Sunrise Mobile Abo;
LENA-000296;CH4400700110001234567;2024-02-08;2024-02-08;12.25;CHF;DBIT;PMNT-ICDT-ESCT;;;;TWINT *Sende an Jonas Frei;
LENA-000297;CH4400700110001234567;2024-02-09;2024-02-09;87.25;CHF;DBIT;PMNT-CCRD-POSD;Coop;;;Einkauf Coop Winterthur Karte xxxx 4821;5411
LENA-000298;CH4400700110001234567;2024-02-12;2024-02-12;180.00;CHF;DBIT;PMNT-CCRD-CWDL;;;;Bargeldbezug Bancomat ZKB Zürich HB Karte xxxx 4821;6011
LENA-000299;CH4400700110001234567;2024-02-12;2024-02-12;35.90;CHF;DBIT;PMNT-ICDT-ESCT;;;;TWINT *Sende an Luca Bernasconi;
LENA-000300;CH4400700110001234567;2024-02-12;2024-02-12;18.90;CHF;DBIT;PMNT-CCRD-POSD;Netflix International B.V.;;;Einkauf NETFLIX.COM Karte xxxx 4821;4899
LENA-000301;CH4400700110001234567;2024-02-13;2024-02-13;82.20;CHF;DBIT;PMNT-CCRD-POSD;Coiffeur Seefeld;;;Einkauf Coiffeur Seefeld Zürich Karte xxxx 4821;
LENA-000302;CH4400700110001234567;2024-02-14;2024-02-14;32.00;CHF;DBIT;PMNT-CCRD-POSD;Kino Arena;;;Einkauf Kino Arena Zürich Karte xxxx 4821;
LENA-000303;CH4400700110001234567;2024-02-14;2024-02-14;17.95;CHF;DBIT;PMNT-CCRD-POSD;Fantasywelt Zürich;;;Einkauf Fantasywelt Zürich Zürich Karte xxxx 4821;5945
LENA-000304;CH4400700110001234567;2024-02-15;2024-02-15;459.00;CHF;DBIT;PMNT-IDDT-ESDD;AMAG Leasing AG;;;Lastschrift Leasingvertrag 4410-2231 Rate;
LENA-000305;CH4400700110001234567;2024-02-15;2024-02-15;71.80;CHF;DBIT;PMNT-CCRD-POSD;Migros;;;Einkauf Migros Zürich HB Karte xxxx 4821;5411
LENA-000306;CH4400700110001234567;2024-02-15;2024-02-15;48.50;CHF;DBIT;PMNT-CCRD-POSD;Lidl;;;Einkauf Lidl Zürich HB Karte xxxx 4821;5411
LENA-000307;CH4400700110001234567;2024-02-16;2024-02-16;55.55;CHF;DBIT;PMNT-CCRD-POSD;Aldi Suisse;;;Einkauf Aldi Suisse Zürich Karte xxxx 4821;5411
LENA-000308;CH4400700110001234567;2024-02-16;2024-02-16;31.35;CHF;DBIT;PMNT-CCRD-POSD;Kino Arena;;;Einkauf Kino Arena Zürich Karte xxxx 4821;
LENA-000309;CH4400700110001234567;2024-02-19;2024-02-19;13.95;CHF;DBIT;PMNT-CCRD-POSD;Spotify AB;;;Einkauf Spotify P2F4A1 Stockholm Karte xxxx 4821;5815
LENA-000310;CH4400700110001234567;2024-02-19;2024-02-19;7.90;CHF;DBIT;PMNT-CCRD-POSD;;;;TWINT *Kafi Dihei;
LENA-000311;CH4400700110001234567;2024-02-20;2024-02-20;412.00;CHF;DBIT;PMNT-ICDT-DMCT;Strassenverkehrsamt des Kantons Zürich;;;Zahlung Verkehrsabgaben ZH 123456;
LENA-000312;CH4400700110001234567;2024-02-20;2024-02-20;26.20;CHF;DBIT;PMNT-IDDT-ESDD;Viseca Card Services SA;;;Lastschrift Viseca Card Services SA Monatsrechnung 01/2024;
LENA-000313;CH4400700110001234567;2024-02-21;2024-02-21;54.60;CHF;DBIT;PMNT-CCRD-POSD;Kino Arena;;;Einkauf Kino Arena Zürich Karte xxxx 4821;
LENA-000314;CH4400700110001234567;2024-02-22;2024-02-22;111.20;CHF;DBIT;PMNT-CCRD-POSD;Migrol Tankstelle;;;Einkauf Migrol Tankstelle Zürich Karte xxxx 4821;5541
LENA-000315;CH4400700110001234567;2024-02-23;2024-02-23;79.65;CHF;DBIT;PMNT-CCRD-POSD;Socar Tankstelle;;;Einkauf Socar Tankstelle Zürich Karte xxxx 4821;5541
LENA-000316;CH4400700110001234567;2024-02-23;2024-02-23;72.10;CHF;DBIT;PMNT-CCRD-POSD;Zeughauskeller;;;Einkauf Zeughauskeller Zürich Karte xxxx 4821;5812
LENA-000317;CH4400700110001234567;2024-02-23;2024-02-23;30.05;CHF;DBIT;PMNT-CCRD-POSD;Lidl;;;Einkauf Lidl Zürich Karte xxxx 4821;5411
LENA-000318;CH4400700110001234567;2024-02-23;2024-02-23;30.05;CHF;DBIT;PMNT-CCRD-POSD;Lidl;;;Einkauf Lidl Zürich Karte xxxx 4821;5411
LENA-000319;CH4400700110001234567;2024-02-26;2024-02-26;500.00;CHF;DBIT;PMNT-ICDT-BOOK;;CH7100700110009876543;;Übertrag auf Sparkonto;
LENA-000320;CH4400700110001234567;2024-02-26;2024-02-26;116.25;CHF;DBIT;PMNT-ICDT-DMCT;Physiotherapie Kreis 4;;Honorarrechnung;Zahlung Rechnung Physiotherapie Kreis 4;
LENA-000321;CH4400700110001234567;2024-02-26;2024-02-26;45.45;CHF;DBIT;PMNT-CCRD-POSD;Ticketcorner;;;Einkauf Ticketcorner Zürich Karte xxxx 4821;
LENA-000322;CH4400700110001234567;2024-02-26;2024-02-26;6823.75;CHF;CRDT;PMNT-RCDT-SALA;Limmat Data Solutions AG;CH9300762011623852957;;Gutschrift Lohn Februar 2024;
LENA-000323;CH7100700110009876543;2024-02-26;2024-02-26;500.00;CHF;CRDT;PMNT-RCDT-BOOK;;CH4400700110001234567;;Übertrag auf Sparkonto;
LENA-000324;CH4400700110001234567;2024-02-27;2024-02-27;21.05;CHF;DBIT;PMNT-CCRD-POSD;Orell Füssli;;;Einkauf Orell Füssli Zürich Karte xxxx 4821;
LENA-000325;CH4400700110001234567;2024-02-28;2024-02-28;1020.00;CHF;DBIT;PMNT-ICDT-STDO;Steueramt der Stadt Zürich;;;Dauerauftrag Steuern Ratenzahlung;
LENA-000326;CH4400700110001234567;2024-02-28;2024-02-28;38.00;CHF;DBIT;PMNT-CCRD-POSD;Denner;;;Einkauf Denner Zürich HB Karte xxxx 4821;5411
LENA-000327;CH4400700110001234567;2024-02-28;2024-02-28;3.00;CHF;DBIT;ACMT-MDOP-CHRG;;;;Preis für Kontoführung;
LENA-000328;CH4400700110001234567;2024-03-01;2024-03-01;1850.00;CHF;DBIT;PMNT-ICDT-STDO;Immobilien Verwaltung Seefeld AG;;;Dauerauftrag Miete Wohnung Josefstrasse 12;
LENA-000329;CH4400700110001234567;2024-03-01;2024-03-01;150.00;CHF;DBIT;PMNT-ICDT-STDO;Immobilien Verwaltung Seefeld AG;;;Dauerauftrag Einstellplatz Nr. 17;
LENA-000330;CH4400700110001234567;2024-03-04;2024-03-04;89.00;CHF;DBIT;PMNT-IDDT-ESDD;Update Fitness AG;;;LSV Update Fitness Abo;
LENA-000331;CH4400700110001234567;2024-03-04;2024-03-04;30.80;CHF;DBIT;PMNT-CCRD-POSD;Apotheke Bahnhof;;;Einkauf Apotheke Bahnhof Zürich Karte xxxx 4821;5912
LENA-000332;CH4400700110001234567;2024-03-04;2024-03-04;29.65;CHF;DBIT;PMNT-CCRD-POSD;Orell Füssli;;;Einkauf Orell Füssli Zürich Karte xxxx 4821;
LENA-000333;CH4400700110001234567;2024-03-05;2024-03-05;389.00;CHF;DBIT;PMNT-IDDT-ESDD;Helsana Versicherungen AG;;;LSV Prämie Grundversicherung 03/2024;
LENA-000334;CH4400700110001234567;2024-03-05;2024-03-05;79.55;CHF;DBIT;PMNT-CCRD-POSD;BP Tankstelle;;;Einkauf BP Tankstelle Zürich Karte xxxx 4821;5541
LENA-000335;CH4400700110001234567;2024-03-06;2024-03-06;7.65;CHF;DBIT;PMNT-CCRD-POSD;SBB Mobile;;;Einkauf SBB Mobile Zürich Karte xxxx 4821;4111
LENA-000336;CH4400700110001234567;2024-03-08;2024-03-08;49.90;CHF;DBIT;PMNT-IDDT-ESDD;Sunrise GmbH;;;LSV Sunrise Mobile Abo;
LENA-000337;CH4400700110001234567;2024-03-08;2024-03-08;19.55;CHF;DBIT;PMNT-ICDT-ESCT;;;;TWINT *Sende an Jonas Frei;
LENA-000338;CH4400700110001234567;2024-03-11;2024-03-11;1380.00;CHF;DBIT;PMNT-ICDT-DMCT;AXA Versicherungen AG;;;Zahlung Motorfahrzeugversicherung Police 7.123.456;
LENA-000339;CH4400700110001234567;2024-03-11;2024-03-11;71.55;CHF;DBIT;PMNT-CCRD-POSD;Zalando;;;Einkauf Zalando Zürich Karte xxxx 4821;5651
LENA-000340;CH4400700110001234567;2024-03-11;2024-03-11;48.15;CHF;DBIT;PMNT-ICDT-ESCT;;;;TWINT *Sende an Sarah Keller;
LENA-000341;CH4400700110001234567;2024-03-11;2024-03-11;22.95;CHF;DBIT;PMNT-CCRD-POSD;Starbucks;;;Einkauf Starbucks Zürich Karte xxxx 4821;5812
LENA-000342;CH4400700110001234567;2024-03-11;2024-03-11;14.20;CHF;DBIT;PMNT-CCRD-POSD;Aldi Suisse;;;Einkauf Aldi Suisse Winterthur Karte xxxx 4821;5411
LENA-000343;CH4400700110001234567;2024-03-12;2024-03-12;34.25;CHF;DBIT;PMNT-CCRD-POSD;Aldi Suisse;;;Einkauf Aldi Suisse Winterthur Karte xxxx 4821;5411
LENA-000344;CH4400700110001234567;2024-03-12;2024-03-12;18.90;CHF;DBIT;PMNT-CCRD-POSD;Netflix International B.V.;;;Einkauf NETFLIX.COM Karte xxxx 4821;4899
LENA-000345;CH4400700110001234567;2024-03-13;2024-03-13;70.85;CHF;DBIT;PMNT-CCRD-POSD;BP Tankstelle;;;Einkauf BP Tankstelle Zürich Karte xxxx 4821;5541
LENA-000346;CH4400700110001234567;2024-03-13;2024-03-13;50.95;CHF;DBIT;PMNT-CCRD-POSD;Tibits;;;Einkauf Tibits Zürich Karte xxxx 4821;5812
LENA-000347;CH4400700110001234567;2024-03-13;2024-03-13;14.95;CHF;DBIT;PMNT-CCRD-POSD;Parkingpay;;;Einkauf Parkingpay Zürich Karte xxxx 4821;
LENA-000348;CH4400700110001234567;2024-03-14;2024-03-14;29.60;CHF;DBIT;PMNT-CCRD-POSD;Tibits;;;Einkauf Tibits Zürich Karte xxxx 4821;5812
LENA-000349;CH4400700110001234567;2024-03-14;2024-03-14;27.50;CHF;DBIT;PMNT-CCRD-POSD;Aldi Suisse;;;Einkauf Aldi Suisse Zürich Karte xxxx 4821;5411
LENA-000350;CH4400700110001234567;2024-03-14;2024-03-14;13.60;CHF;DBIT;PMNT-CCRD-POSD;Migros;;;Einkauf Migros Zürich HB Karte xxxx 4821;5411
LENA-000351;CH4400700110001234567;2024-03-14;2024-03-14;13.35;CHF;CRDT;PMNT-RCDT-ESCT;;;;TWINT *Empfangen von Sarah Keller;
LENA-000352;CH4400700110001234567;2024-03-15;2024-03-15;459.00;CHF;DBIT;PMNT-IDDT-ESDD;AMAG Leasing AG;;;Lastschrift Leasingvertrag 4410-2231 Rate;
LENA-000353;CH4400700110001234567;2024-03-18;2024-03-18;129.95;CHF;DBIT;PMNT-CCRD-POSD;Lidl;;;Einkauf Lidl Zürich HB Karte xxxx 4821;5411
LENA-000354;CH4400700110001234567;2024-03-18;2024-03-18;34.60;CHF;DBIT;PMNT-CCRD-POSD;Games Workshop Zürich;;;Einkauf Games Workshop Zürich Zürich Karte xxxx 4821;5945
LENA-000355;CH4400700110001234567;2024-03-18;2024-03-18;15.00;CHF;DBIT;PMNT-CCRD-POSD;;;;TWINT *Migros;
LENA-000356;CH4400700110001234567;2024-03-18;2024-03-18;13.95;CHF;DBIT;PMNT-CCRD-POSD;Spotify AB;;;Einkauf Spotify P2F4A1 Stockholm Karte xxxx 4821;5815
LENA-000357;CH4400700110001234567;2024-03-18;2024-03-18;137.34;CHF;CRDT;PMNT-RCDT-DMCT;Helsana Versicherungen AG;;;Gutschrift Helsana Versicherungen AG Leistungsabrechnung;
LENA-000358;CH4400700110001234567;2024-03-20;2024-03-20;582.90;CHF;DBIT;PMNT-IDDT-ESDD;Viseca Card Services SA;;;Lastschrift Viseca Card Services SA Monatsrechnung 02/2024;
LENA-000359;CH4400700110001234567;2024-03-20;2024-03-20;81.10;CHF;DBIT;PMNT-CCRD-POSD;Coiffeur Seefeld;;;Einkauf Coiffeur Seefeld Zürich Karte xxxx 4821;
LENA-000360;CH4400700110001234567;2024-03-20;2024-03-20;28.05;CHF;DBIT;PMNT-ICDT-ESCT;;;;TWINT *Sende an Anna Meier;
LENA-000361;CH4400700110001234567;2024-03-21;2024-03-21;120.00;CHF;DBIT;PMNT-CCRD-CWDL;;;;Bargeldbezug Bancomat ZKB Zürich HB Karte xxxx 4821;6011
LENA-000362;CH4400700110001234567;2024-03-21;2024-03-21;22.95;CHF;DBIT;PMNT-CCRD-POSD;Tibits;;;Einkauf Tibits Zürich Karte xxxx 4821;5812
LENA-000363;CH4400700110001234567;2024-03-22;2024-03-22;22.25;CHF;DBIT;PMNT-CCRD-POSD;Amavita Apotheke;;;Einkauf Amavita Apotheke Zürich Karte xxxx 4821;5912
LENA-000364;CH4400700110001234567;2024-03-25;2024-03-25;50.60;CHF;DBIT;PMNT-CCRD-POSD;Lidl;;;Einkauf Lidl Zürich Karte xxxx 4821;5411
LENA-000365;CH4400700110001234567;2024-03-25;2024-03-25;42.90;CHF;DBIT;PMNT-CCRD-POSD;Coop;;;Einkauf Coop Winterthur Karte xxxx 4821;5411
LENA-000366;CH4400700110001234567;2024-03-25;2024-03-25;28.60;CHF;DBIT;PMNT-CCRD-POSD;IKEA;;;Einkauf IKEA Zürich Karte xxxx 4821;5651
LENA-000367;CH4400700110001234567;2024-03-25;2024-03-25;6823.75;CHF;CRDT;PMNT-RCDT-SALA;Limmat Data Solutions AG;CH9300762011623852957;;Gutschrift Lohn März 2024;
LENA-000368;CH4400700110001234567;2024-03-26;2024-03-26;500.00;CHF;DBIT;PMNT-ICDT-BOOK;;CH7100700110009876543;;Übertrag auf Sparkonto;
LENA-000369;CH4400700110001234567;2024-03-26;2024-03-26;10.10;CHF;DBIT;PMNT-CCRD-POSD;Parkingpay;;;Einkauf Parkingpay Zürich Karte xxxx 4821;
LENA-000370;CH7100700110009876543;2024-03-26;2024-03-26;500.00;CHF;CRDT;PMNT-RCDT-BOOK;;CH4400700110001234567;;Übertrag auf Sparkonto;
LENA-000371;CH4400700110001234567;2024-03-27;2024-03-27;220.00;CHF;DBIT;PMNT-CCRD-CWDL;;;;Bargeldbezug Postomat Zürich Wiedikon Karte xxxx 4821;6011
LENA-000372;CH4400700110001234567;2024-03-27;2024-03-27;51.15;CHF;DBIT;PMNT-ICDT-ESCT;;;;TWINT *Sende an Anna Meier;
LENA-000373;CH4400700110001234567;2024-03-27;2024-03-27;17.95;CHF;DBIT;PMNT-CCRD-POSD;;;;TWINT *Kafi Dihei;
LENA-000374;CH4400700110001234567;2024-03-27;2024-03-27;11.25;CHF;DBIT;PMNT-CCRD-POSD;;;;TWINT *Migros;
LENA-000375;CH4400700110001234567;2024-03-28;2024-03-28;1020.00;CHF;DBIT;PMNT-ICDT-STDO;Steueramt der Stadt Zürich;;;Dauerauftrag Steuern Ratenzahlung;
LENA-000376;CH4400700110001234567;2024-03-28;2024-03-28;6.30;CHF;DBIT;PMNT-CCRD-POSD;;;;TWINT *Migros;
LENA-000377;CH4400700110001234567;2024-03-28;2024-03-28;3.00;CHF;DBIT;ACMT-MDOP-CHRG;;;;Preis für Kontoführung;
LENA-000378;CH4400700110001234567;2024-04-01;2024-04-01;1850.00;CHF;DBIT;PMNT-ICDT-STDO;Immobilien Verwaltung Seefeld AG;;;Dauerauftrag Miete Wohnung Josefstrasse 12;
LENA-000379;CH4400700110001234567;2024-04-01;2024-04-01;150.00;CHF;DBIT;PMNT-ICDT-STDO;Immobilien Verwaltung Seefeld AG;;;Dauerauftrag Einstellplatz Nr. 17;
LENA-000380;CH4400700110001234567;2024-04-02;2024-04-02;60.00;CHF;DBIT;PMNT-CCRD-CWDL;;;;Bargeldbezug Bancomat ZKB Zürich HB Karte xxxx 4821;6011
LENA-000381;CH4400700110001234567;2024-04-02;2024-04-02;28.70;CHF;DBIT;PMNT-CCRD-POSD;Zeughauskeller;;;Einkauf Zeughauskeller Zürich Karte xxxx 4821;5812
LENA-000382;CH4400700110001234567;2024-04-03;2024-04-03;89.00;CHF;DBIT;PMNT-IDDT-ESDD;Update Fitness AG;;;LSV Update Fitness Abo;
LENA-000383;CH4400700110001234567;2024-04-03;2024-04-03;25.80;CHF;DBIT;PMNT-ICDT-ESCT;;;;TWINT *Sende an Luca Bernasconi;
LENA-000384;CH4400700110001234567;2024-04-03;2024-04-03;8.10;CHF;DBIT;PMNT-CCRD-POSD;;;;TWINT *Kafi Dihei;
LENA-000385;CH4400700110001234567;2024-04-04;2024-04-04;120.00;CHF;DBIT;PMNT-CCRD-CWDL;;;;Bargeldbezug Postomat Zürich Wiedikon Karte xxxx 4821;6011
LENA-000386;CH4400700110001234567;2024-04-04;2024-04-04;6.35;CHF;DBIT;PMNT-CCRD-POSD;SBB Mobile;;;Einkauf SBB Mobile Zürich Karte xxxx 4821;4111
LENA-000387;CH4400700110001234567;2024-04-05;2024-04-05;389.00;CHF;DBIT;PMNT-IDDT-ESDD;Helsana Versicherungen AG;;;LSV Prämie Grundversicherung 04/2024;
LENA-000388;CH4400700110001234567;2024-04-08;2024-04-08;55.25;CHF;DBIT;PMNT-CCRD-POSD;BP Tankstelle;;;Einkauf BP Tankstelle Zürich Karte xxxx 4821;5541
LENA-000389;CH4400700110001234567;2024-04-08;2024-04-08;52.60;CHF;DBIT;PMNT-CCRD-POSD;Migros;;;Einkauf Migros Zürich Karte xxxx 4821;5411
LENA-000390;CH4400700110001234567;2024-04-08;2024-04-08;49.90;CHF;DBIT;PMNT-IDDT-ESDD;Sunrise GmbH;;;LSV Sunrise Mobile Abo;
LENA-000391;CH4400700110001234567;2024-04-08;2024-04-08;30.25;CHF;DBIT;PMNT-CCRD-POSD;Aldi Suisse;;;Einkauf Aldi Suisse Zürich Karte xxxx 4821;5411
LENA-000392;CH4400700110001234567;2024-04-08;2024-04-08;104.62;CHF;CRDT;PMNT-RCDT-DMCT;Helsana Versicherungen AG;;;Gutschrift Helsana Versicherungen AG Leistungsabrechnung;
LENA-000393;CH4400700110001234567;2024-04-09;2024-04-09;15.05;CHF;CRDT;PMNT-RCDT-ESCT;;;;TWINT *Empfangen von Jonas Frei;
LENA-000394;CH4400700110001234567;2024-04-10;2024-04-10;29.35;CHF;DBIT;PMNT-ICDT-ESCT;;;;TWINT *Sende an Anna Meier;
LENA-000395;CH4400700110001234567;2024-04-11;2024-04-11;64.10;CHF;DBIT;PMNT-CCRD-POSD;Aldi Suisse;;;Einkauf Aldi Suisse Zürich Karte xxxx 4821;5411
LENA-000396;CH4400700110001234567;2024-04-11;2024-04-11;33.90;CHF;DBIT;PMNT-CCRD-POSD;Coop;;;Einkauf Coop Zürich HB Karte xxxx 4821;5411
LENA-000397;CH4400700110001234567;2024-04-11;2024-04-11;29.40;CHF;DBIT;PMNT-CCRD-POSD;Games Workshop Zürich;;;Einkauf Games Workshop Zürich Zürich Karte xxxx 4821;5945
LENA-000398;CH4400700110001234567;2024-04-12;2024-04-12;335.00;CHF;DBIT;PMNT-ICDT-DMCT;Serafe AG;;;Zahlung Radio- und Fernsehabgabe 2024;
LENA-000399;CH4400700110001234567;2024-04-12;2024-04-12;36.60;CHF;DBIT;PMNT-CCRD-POSD;Tibits;;;Einkauf Tibits Zürich Karte xxxx 4821;5812
LENA-000400;CH4400700110001234567;2024-04-12;2024-04-12;18.90;CHF;DBIT;PMNT-CCRD-POSD;Netflix International B.V.;;;Einkauf NETFLIX.COM Karte xxxx 4821;4899
LENA-000401;CH4400700110001234567;2024-04-12;2024-04-12;27.75;CHF;CRDT;PMNT-RCDT-ESCT;;;;TWINT *Empfangen von Sarah Keller;
LENA-000402;CH4400700110001234567;2024-04-15;2024-04-15;611.65;CHF;DBIT;PMNT-ICDT-DMCT;Garage Wiedikon AG;;;Zahlung Rechnung Service und Reifenwechsel;
LENA-000403;CH4400700110001234567;2024-04-15;2024-04-15;459.00;CHF;DBIT;PMNT-IDDT-ESDD;AMAG Leasing AG;;;Lastschrift Leasingvertrag 4410-2231 Rate;
LENA-000404;CH4400700110001234567;2024-04-15;2024-04-15;108.90;CHF;DBIT;PMNT-CCRD-POSD;Starbucks;;;Einkauf Starbucks Zürich Karte xxxx 4821;5812
LENA-000405;CH4400700110001234567;2024-04-15;2024-04-15;88.65;CHF;DBIT;PMNT-CCRD-POSD;Shell;;;Einkauf Shell Zürich Karte xxxx 4821;5541
LENA-000406;CH4400700110001234567;2024-04-15;2024-04-15;52.95;CHF;DBIT;PMNT-CCRD-POSD;Denner;;;Einkauf Denner Winterthur Karte xxxx 4821;5411
LENA-000407;CH4400700110001234567;2024-04-15;2024-04-15;39.75;CHF;DBIT;PMNT-CCRD-POSD;Fantasywelt Zürich;;;Einkauf Fantasywelt Zürich Zürich Karte xxxx 4821;5945
LENA-000408;CH4400700110001234567;2024-04-15;2024-04-15;5.80;CHF;DBIT;PMNT-CCRD-POSD;SBB Mobile;;;Einkauf SBB Mobile Zürich Karte xxxx 4821;4111
LENA-000409;CH4400700110001234567;2024-04-18;2024-04-18;13.95;CHF;DBIT;PMNT-CCRD-POSD;Spotify AB;;;Einkauf Spotify P2F4A1 Stockholm Karte xxxx 4821;5815
LENA-000410;CH4400700110001234567;2024-04-19;2024-04-19;39.30;CHF;DBIT;PMNT-ICDT-ESCT;;;;TWINT *Sende an Anna Meier;
LENA-000411;CH4400700110001234567;2024-04-19;2024-04-19;2.30;CHF;DBIT;PMNT-CCRD-POSD;SBB Mobile;;;Einkauf SBB Mobile Zürich Karte xxxx 4821;4111
LENA-000412;CH4400700110001234567;2024-04-22;2024-04-22;109.65;CHF;DBIT;PMNT-IDDT-ESDD;ewz Elektrizitätswerk der Stadt Zürich;;;LSV Stromrechnung;
LENA-000413;CH4400700110001234567;2024-04-22;2024-04-22;90.10;CHF;DBIT;PMNT-IDDT-ESDD;Viseca Card Services SA;;;Lastschrift Viseca Card Services SA Monatsrechnung 03/2024;
LENA-000414;CH4400700110001234567;2024-04-22;2024-04-22;71.45;CHF;DBIT;PMNT-CCRD-POSD;Migrol Tankstelle;;;Einkauf Migrol Tankstelle Zürich Karte xxxx 4821;5541
LENA-000415;CH4400700110001234567;2024-04-22;2024-04-22;31.85;CHF;DBIT;PMNT-CCRD-POSD;Holy Cow Gourmet Burger;;;Einkauf Holy Cow Gourmet Burger Zürich Karte xxxx 4821;5812
LENA-000416;CH4400700110001234567;2024-04-22;2024-04-22;17.85;CHF;DBIT;PMNT-CCRD-POSD;Coop;;;Einkauf Coop Winterthur Karte xxxx 4821;5411
LENA-000417;CH4400700110001234567;2024-04-22;2024-04-22;12.80;CHF;DBIT;PMNT-CCRD-POSD;SBB Mobile;;;Einkauf SBB Mobile Zürich Karte xxxx 4821;4111
LENA-000418;CH4400700110001234567;2024-04-22;2024-04-22;5.90;CHF;DBIT;PMNT-CCRD-POSD;;;;TWINT *Bäckerei Hug;
LENA-000419;CH4400700110001234567;2024-04-23;2024-04-23;35.60;CHF;DBIT;PMNT-CCRD-POSD;IKEA;;;Einkauf IKEA Zürich Karte xxxx 4821;5651
LENA-000420;CH4400700110001234567;2024-04-25;2024-04-25;28.60;CHF;DBIT;PMNT-CCRD-POSD;Zeughauskeller;;;Einkauf Zeughauskeller Zürich Karte xxxx 4821;5812
LENA-000421;CH4400700110001234567;2024-04-25;2024-04-25;22.25;CHF;DBIT;PMNT-CCRD-POSD;Migros;;;Einkauf Migros Zürich Karte xxxx 4821;5411
LENA-000422;CH4400700110001234567;2024-04-25;2024-04-25;21.65;CHF;DBIT;PMNT-CCRD-POSD;ZVV Ticketautomat;;;Einkauf ZVV Ticketautomat Zürich Karte xxxx 4821;4111
LENA-000423;CH4400700110001234567;2024-04-25;2024-04-25;6823.75;CHF;CRDT;PMNT-RCDT-SALA;Limmat Data Solutions AG;CH9300762011623852957;;Gutschrift Lohn April 2024;
LENA-000424;CH4400700110001234567;2024-04-26;2024-04-26;500.00;CHF;DBIT;PMNT-ICDT-BOOK;;CH7100700110009876543;;Übertrag auf Sparkonto;
LENA-000425;CH4400700110001234567;2024-04-26;2024-04-26;15.95;CHF;DBIT;PMNT-CCRD-POSD;Tibits;;;Einkauf Tibits Zürich Karte xxxx 4821;5812
LENA-000426;CH4400700110001234567;2024-04-26;2024-04-26;8.65;CHF;DBIT;PMNT-CCRD-POSD;SBB Mobile;;;Einkauf SBB Mobile Zürich Karte xxxx 4821;4111
LENA-000427;CH7100700110009876543;2024-04-26;2024-04-26;500.00;CHF;CRDT;PMNT-RCDT-BOOK;;CH4400700110001234567;;Übertrag auf Sparkonto;
LENA-000428;CH4400700110001234567;2024-04-29;2024-04-29;1020.00;CHF;DBIT;PMNT-ICDT-STDO;Steueramt der Stadt Zürich;;;Dauerauftrag Steuern Ratenzahlung;
LENA-000429;CH4400700110001234567;2024-04-29;2024-04-29;83.70;CHF;DBIT;PMNT-CCRD-POSD;Coiffeur Seefeld;;;Einkauf Coiffeur Seefeld Zürich Karte xxxx 4821;
LENA-000430;CH4400700110001234567;2024-04-29;2024-04-29;41.45;CHF;DBIT;PMNT-CCRD-POSD;Denner;;;Einkauf Denner Zürich Karte xxxx 4821;5411
LENA-000431;CH4400700110001234567;2024-04-29;2024-04-29;18.65;CHF;DBIT;PMNT-CCRD-POSD;;;;TWINT *Kafi Dihei;
LENA-000432;CH4400700110001234567;2024-04-29;2024-04-29;3.00;CHF;DBIT;ACMT-MDOP-CHRG;;;;Preis für Kontoführung;
LENA-000433;CH4400700110001234567;2024-05-01;2024-05-01;1850.00;CHF;DBIT;PMNT-ICDT-STDO;Immobilien Verwaltung Seefeld AG;;;Dauerauftrag Miete Wohnung Josefstrasse 12;
LENA-000434;CH4400700110001234567;2024-05-01;2024-05-01;150.00;CHF;DBIT;PMNT-ICDT-STDO;Immobilien Verwaltung Seefeld AG;;;Dauerauftrag Einstellplatz Nr. 17;
LENA-000435;CH4400700110001234567;2024-05-01;2024-05-01;43.30;CHF;DBIT;PMNT-CCRD-POSD;Kino Arena;;;Einkauf Kino Arena Zürich Karte xxxx 4821;
LENA-000436;CH4400700110001234567;2024-05-02;2024-05-02;18.30;CHF;DBIT;PMNT-CCRD-POSD;Starbucks;;;Einkauf Starbucks Zürich Karte xxxx 4821;5812
LENA-000437;CH4400700110001234567;2024-05-02;2024-05-02;15.15;CHF;DBIT;PMNT-CCRD-POSD;Parkhaus Urania;;;Einkauf Parkhaus Urania Zürich Karte xxxx 4821;
LENA-000438;CH4400700110001234567;2024-05-03;2024-05-03;89.00;CHF;DBIT;PMNT-IDDT-ESDD;Update Fitness AG;;;LSV Update Fitness Abo;
LENA-000439;CH4400700110001234567;2024-05-03;2024-05-03;77.50;CHF;DBIT;PMNT-CCRD-POSD;Restaurant Hiltl;;;Einkauf Restaurant Hiltl Zürich Karte xxxx 4821;5812
LENA-000440;CH4400700110001234567;2024-05-03;2024-05-03;69.50;CHF;DBIT;PMNT-CCRD-POSD;Shell;;;Einkauf Shell Zürich Karte xxxx 4821;5541
LENA-000441;CH4400700110001234567;2024-05-03;2024-05-03;5.15;CHF;DBIT;PMNT-CCRD-POSD;;;;TWINT *Kafi Dihei;
LENA-000442;CH4400700110001234567;2024-05-06;2024-05-06;389.00;CHF;DBIT;PMNT-IDDT-ESDD;Helsana Versicherungen AG;;;LSV Prämie Grundversicherung 05/2024;
LENA-000443;CH4400700110001234567;2024-05-06;2024-05-06;37.75;CHF;DBIT;PMNT-CCRD-POSD;Starbucks;;;Einkauf Starbucks Zürich Karte xxxx 4821;5812
LENA-000444;CH4400700110001234567;2024-05-06;2024-05-06;8.30;CHF;DBIT;PMNT-CCRD-POSD;;;;TWINT *Bäckerei Hug;
LENA-000445;CH4400700110001234567;2024-05-08;2024-05-08;85.00;CHF;DBIT;PMNT-CCRD-POSD;BP Tankstelle;;;Einkauf BP Tankstelle Zürich Karte xxxx 4821;5541
LENA-000446;CH4400700110001234567;2024-05-08;2024-05-08;49.90;CHF;DBIT;PMNT-IDDT-ESDD;Sunrise GmbH;;;LSV Sunrise Mobile Abo;
LENA-000447;CH4400700110001234567;2024-05-09;2024-05-09;19.65;CHF;CRDT;PMNT-RCDT-ESCT;;;;TWINT *Empfangen von Sarah Keller;
LENA-000448;CH4400700110001234567;2024-05-13;2024-05-13;200.00;CHF;DBIT;PMNT-CCRD-CWDL;;;;Bargeldbezug Bancomat UBS Stauffacher Karte xxxx 4821;6011
LENA-000449;CH4400700110001234567;2024-05-13;2024-05-13;43.15;CHF;DBIT;PMNT-CCRD-POSD;Tibits;;;Einkauf Tibits Zürich Karte xxxx 4821;5812
LENA-000450;CH4400700110001234567;2024-05-13;2024-05-13;20.60;CHF;DBIT;PMNT-CCRD-POSD;Restaurant Hiltl;;;Einkauf Restaurant Hiltl Zürich Karte xxxx 4821;5812
LENA-000451;CH4400700110001234567;2024-05-13;2024-05-13;18.90;CHF;DBIT;PMNT-CCRD-POSD;Netflix International B.V.;;;Einkauf NETFLIX.COM Karte xxxx 4821;4899
LENA-000452;CH4400700110001234567;2024-05-13;2024-05-13;18.05;CHF;DBIT;PMNT-CCRD-POSD;Coop;;;Einkauf Coop Zürich Karte xxxx 4821;5411
LENA-000453;CH4400700110001234567;2024-05-13;2024-05-13;11.35;CHF;DBIT;PMNT-CCRD-POSD;;;;TWINT *Migros;
LENA-000454;CH4400700110001234567;2024-05-15;2024-05-15;459.00;CHF;DBIT;PMNT-IDDT-ESDD;AMAG Leasing AG;;;Lastschrift Leasingvertrag 4410-2231 Rate;
LENA-000455;CH4400700110001234567;2024-05-15;2024-05-15;35.50;CHF;DBIT;PMNT-CCRD-POSD;Starbucks;;;Einkauf Starbucks Zürich Karte xxxx 4821;5812
LENA-000456;CH4400700110001234567;2024-05-16;2024-05-16;5.85;CHF;DBIT;PMNT-CCRD-POSD;ZVV Ticketautomat;;;Einkauf ZVV Ticketautomat Zürich Karte xxxx 4821;4111
LENA-000457;CH4400700110001234567;2024-05-17;2024-05-17;155.25;CHF;DBIT;PMNT-CCRD-POSD;Denner;;;Einkauf Denner Zürich HB Karte xxxx 4821;5411
LENA-000458;CH4400700110001234567;2024-05-20;2024-05-20;120.00;CHF;DBIT;PMNT-CCRD-CWDL;;;;Bargeldbezug Bancomat ZKB Zürich HB Karte xxxx 4821;6011
LENA-000459;CH4400700110001234567;2024-05-20;2024-05-20;101.45;CHF;DBIT;PMNT-CCRD-POSD;Decathlon;;;Einkauf Decathlon Zürich Karte xxxx 4821;5651
LENA-000460;CH4400700110001234567;2024-05-20;2024-05-20;67.85;CHF;DBIT;PMNT-CCRD-POSD;Coiffeur Seefeld;;;Einkauf Coiffeur Seefeld Zürich Karte xxxx 4821;
LENA-000461;CH4400700110001234567;2024-05-20;2024-05-20;23.90;CHF;DBIT;PMNT-CCRD-POSD;Ticketcorner;;;Einkauf Ticketcorner Zürich Karte xxxx 4821;
LENA-000462;CH4400700110001234567;2024-05-20;2024-05-20;20.25;CHF;DBIT;PMNT-CCRD-POSD;Orell Füssli;;;Einkauf Orell Füssli Zürich Karte xxxx 4821;
LENA-000463;CH4400700110001234567;2024-05-20;2024-05-20;18.80;CHF;DBIT;PMNT-IDDT-ESDD;Viseca Card Services SA;;;Lastschrift Viseca Card Services SA Monatsrechnung 04/2024;
LENA-000464;CH4400700110001234567;2024-05-20;2024-05-20;13.95;CHF;DBIT;PMNT-CCRD-POSD;Spotify AB;;;Einkauf Spotify P2F4A1 Stockholm Karte xxxx 4821;5815
LENA-000465;CH4400700110001234567;2024-05-20;2024-05-20;9.90;CHF;DBIT;PMNT-CCRD-POSD;;;;TWINT *Migros;
LENA-000466;CH4400700110001234567;2024-05-21;2024-05-21;160.00;CHF;DBIT;PMNT-CCRD-CWDL;;;;Bargeldbezug Postomat Zürich Wiedikon Karte xxxx 4821;6011
LENA-000467;CH4400700110001234567;2024-05-27;2024-05-27;500.00;CHF;DBIT;PMNT-ICDT-BOOK;;CH7100700110009876543;;Übertrag auf Sparkonto;
LENA-000468;CH4400700110001234567;2024-05-27;2024-05-27;61.05;CHF;DBIT;PMNT-CCRD-POSD;Shell;;;Einkauf Shell Zürich Karte xxxx 4821;5541
LENA-000469;CH4400700110001234567;2024-05-27;2024-05-27;52.15;CHF;DBIT;PMNT-CCRD-POSD;Fantasywelt Zürich;;;Einkauf Fantasywelt Zürich Zürich Karte xxxx 4821;5945
LENA-000470;CH4400700110001234567;2024-05-27;2024-05-27;31.35;CHF;DBIT;PMNT-CCRD-POSD;Starbucks;;;Einkauf Starbucks Zürich Karte xxxx 4821;5812
LENA-000471;CH4400700110001234567;2024-05-27;2024-05-27;6823.75;CHF;CRDT;PMNT-RCDT-SALA;Limmat Data Solutions AG;CH9300762011623852957;;Gutschrift Lohn Mai 2024;
LENA-000472;CH7100700110009876543;2024-05-27;2024-05-27;500.00;CHF;CRDT;PMNT-RCDT-BOOK;;CH4400700110001234567;;Übertrag auf Sparkonto;
LENA-000473;CH4400700110001234567;2024-05-28;2024-05-28;1020.00;CHF;DBIT;PMNT-ICDT-STDO;Steueramt der Stadt Zürich;;;Dauerauftrag Steuern Ratenzahlung;
LENA-000474;CH4400700110001234567;2024-05-28;2024-05-28;60.75;CHF;DBIT;PMNT-CCRD-POSD;Starbucks;;;Einkauf Starbucks Zürich Karte xxxx 4821;5812
LENA-000475;CH4400700110001234567;2024-05-28;2024-05-28;21.15;CHF;DBIT;PMNT-ICDT-ESCT;;;;TWINT *Sende an Anna Meier;
LENA-000476;CH4400700110001234567;2024-05-28;2024-05-28;14.75;CHF;DBIT;PMNT-CCRD-POSD;Parkingpay;;;Einkauf Parkingpay Zürich Karte xxxx 4821;
LENA-000477;CH4400700110001234567;2024-05-28;2024-05-28;3.00;CHF;DBIT;ACMT-MDOP-CHRG;;;;Preis für Kontoführung;
LENA-000478;CH4400700110001234567;2024-06-03;2024-06-03;1850.00;CHF;DBIT;PMNT-ICDT-STDO;Immobilien Verwaltung Seefeld AG;;;Dauerauftrag Miete Wohnung Josefstrasse 12;
LENA-000479;CH4400700110001234567;2024-06-03;2024-06-03;220.00;CHF;DBIT;PMNT-CCRD-CWDL;;;;Bargeldbezug Bancomat UBS Stauffacher Karte xxxx 4821;6011
LENA-000480;CH4400700110001234567;2024-06-03;2024-06-03;150.00;CHF;DBIT;PMNT-ICDT-STDO;Immobilien Verwaltung Seefeld AG;;;Dauerauftrag Einstellplatz Nr. 17;
LENA-000481;CH4400700110001234567;2024-06-03;2024-06-03;89.00;CHF;DBIT;PMNT-IDDT-ESDD;Update Fitness AG;;;LSV Update Fitness Abo;
LENA-000482;CH4400700110001234567;2024-06-03;2024-06-03;36.00;CHF;DBIT;PMNT-CCRD-POSD;Orell Füssli;;;Einkauf Orell Füssli Zürich Karte xxxx 4821;
LENA-000483;CH4400700110001234567;2024-06-03;2024-06-03;34.45;CHF;DBIT;PMNT-CCRD-POSD;Lidl;;;Einkauf Lidl Zürich Karte xxxx 4821;5411
LENA-000484;CH4400700110001234567;2024-06-03;2024-06-03;26.80;CHF;DBIT;PMNT-CCRD-POSD;Zeughauskeller;;;Einkauf Zeughauskeller Zürich Karte xxxx 4821;5812
LENA-000485;CH4400700110001234567;2024-06-03;2024-06-03;15.90;CHF;DBIT;PMNT-CCRD-POSD;Denner;;;Einkauf Denner Zürich Karte xxxx 4821;5411
LENA-000486;CH4400700110001234567;2024-06-03;2024-06-03;5.15;CHF;DBIT;PMNT-CCRD-POSD;;;;TWINT *Kafi Dihei;
LENA-000487;CH4400700110001234567;2024-06-04;2024-06-04;50.70;CHF;DBIT;PMNT-CCRD-POSD;Starbucks;;;Einkauf Starbucks Zürich Karte xxxx 4821;5812
LENA-000488;CH4400700110001234567;2024-06-04;2024-06-04;43.15;CHF;DBIT;PMNT-CCRD-POSD;Holy Cow Gourmet Burger;;;Einkauf Holy Cow Gourmet Burger Zürich Karte xxxx 4821;5812
LENA-000489;CH4400700110001234567;2024-06-04;2024-06-04;42.75;CHF;DBIT;PMNT-CCRD-POSD;Aldi Suisse;;;Einkauf Aldi Suisse Zürich HB Karte xxxx 4821;5411
LENA-000490;CH4400700110001234567;2024-06-04;2024-06-04;17.75;CHF;DBIT;PMNT-CCRD-POSD;Migros;;;Einkauf Migros Zürich Karte xxxx 4821;5411
LENA-000491;CH4400700110001234567;2024-06-05;2024-06-05;389.00;CHF;DBIT;PMNT-IDDT-ESDD;Helsana Versicherungen AG;;;LSV Prämie Grundversicherung 06/2024;
LENA-000492;CH4400700110001234567;2024-06-05;2024-06-05;14.35;CHF;DBIT;PMNT-CCRD-POSD;Parkingpay;;;Einkauf Parkingpay Zürich Karte xxxx 4821;
LENA-000493;CH4400700110001234567;2024-06-10;2024-06-10;160.00;CHF;DBIT;PMNT-CCRD-CWDL;;;;Bargeldbezug Bancomat UBS Stauffacher Karte xxxx 4821;6011
LENA-000494;CH4400700110001234567;2024-06-10;2024-06-10;58.35;CHF;DBIT;PMNT-CCRD-POSD;Holy Cow Gourmet Burger;;;Einkauf Holy Cow Gourmet Burger Zürich Karte xxxx 4821;5812
LENA-000495;CH4400700110001234567;2024-06-10;2024-06-10;49.90;CHF;DBIT;PMNT-IDDT-ESDD;Sunrise GmbH;;;LSV Sunrise Mobile Abo;
LENA-000496;CH4400700110001234567;2024-06-10;2024-06-10;24.30;CHF;DBIT;PMNT-CCRD-POSD;Aldi Suisse;;;Einkauf Aldi Suisse Zürich Karte xxxx 4821;5411
LENA-000497;CH4400700110001234567;2024-06-10;2024-06-10;16.85;CHF;DBIT;PMNT-CCRD-POSD;SBB Mobile;;;Einkauf SBB Mobile Zürich Karte xxxx 4821;4111
LENA-000498;CH4400700110001234567;2024-06-10;2024-06-10;8.20;CHF;DBIT;PMNT-CCRD-POSD;SBB Mobile;;;Einkauf SBB Mobile Zürich Karte xxxx 4821;4111
LENA-000499;CH4400700110001234567;2024-06-10;2024-06-10;7.60;CHF;DBIT;PMNT-CCRD-POSD;SBB Mobile;;;Einkauf SBB Mobile Zürich Karte xxxx 4821;4111
LENA-000500;CH4400700110001234567;2024-06-11;2024-06-11;54.00;CHF;DBIT;PMNT-CCRD-POSD;Zeughauskeller;;;Einkauf Zeughauskeller Zürich Karte xxxx 4821;5812
LENA-000501;CH4400700110001234567;2024-06-11;2024-06-11;27.45;CHF;DBIT;PMNT-CCRD-POSD;Zalando;;;Einkauf Zalando Zürich Karte xxxx 4821;5651
LENA-000502;CH4400700110001234567;2024-06-12;2024-06-12;102.90;CHF;DBIT;PMNT-CCRD-POSD;Socar Tankstelle;;;Einkauf Socar Tankstelle Zürich Karte xxxx 4821;5541
LENA-000503;CH4400700110001234567;2024-06-12;2024-06-12;39.35;CHF;DBIT;PMNT-CCRD-POSD;;;;TWINT *Bäckerei Hug;
LENA-000504;CH4400700110001234567;2024-06-12;2024-06-12;18.90;CHF;DBIT;PMNT-CCRD-POSD;Netflix International B.V.;;;Einkauf NETFLIX.COM Karte xxxx 4821;4899
LENA-000505;CH4400700110001234567;2024-06-13;2024-06-13;55.90;CHF;DBIT;PMNT-CCRD-POSD;Aldi Suisse;;;Einkauf Aldi Suisse Zürich Karte xxxx 4821;5411
LENA-000506;CH4400700110001234567;2024-06-13;2024-06-13;43.85;CHF;DBIT;PMNT-CCRD-POSD;Holy Cow Gourmet Burger;;;Einkauf Holy Cow Gourmet Burger Zürich Karte xxxx 4821;5812
LENA-000507;CH4400700110001234567;2024-06-13;2024-06-13;40.25;CHF;DBIT;PMNT-CCRD-POSD;Ticketcorner;;;Einkauf Ticketcorner Zürich Karte xxxx 4821;
LENA-000508;CH4400700110001234567;2024-06-14;2024-06-14;42.65;CHF;DBIT;PMNT-CCRD-POSD;Tibits;;;Einkauf Tibits Zürich Karte xxxx 4821;5812
LENA-000509;CH4400700110001234567;2024-06-14;2024-06-14;13.55;CHF;DBIT;PMNT-CCRD-POSD;Denner;;;Einkauf Denner Winterthur Karte xxxx 4821;5411
LENA-000510;CH4400700110001234567;2024-06-17;2024-06-17;904.10;CHF;DBIT;PMNT-ICDT-DMCT;Steueramt der Stadt Zürich;;;Zahlung Schlussrechnung Staats- und Gemeindesteuern;
LENA-000511;CH4400700110001234567;2024-06-17;2024-06-17;459.00;CHF;DBIT;PMNT-IDDT-ESDD;AMAG Leasing AG;;;Lastschrift Leasingvertrag 4410-2231 Rate;
LENA-000512;CH4400700110001234567;2024-06-17;2024-06-17;65.10;CHF;DBIT;PMNT-CCRD-POSD;Migros;;;Einkauf Migros Zürich Karte xxxx 4821;5411
LENA-000513;CH4400700110001234567;2024-06-17;2024-06-17;25.85;CHF;DBIT;PMNT-CCRD-POSD;Ticketcorner;;;Einkauf Ticketcorner Zürich Karte xxxx 4821;
LENA-000514;CH4400700110001234567;2024-06-18;2024-06-18;117.60;CHF;DBIT;PMNT-CCRD-POSD;Coop;;;Einkauf Coop Winterthur Karte xxxx 4821;5411
LENA-000515;CH4400700110001234567;2024-06-18;2024-06-18;13.95;CHF;DBIT;PMNT-CCRD-POSD;Spotify AB;;;Einkauf Spotify P2F4A1 Stockholm Karte xxxx 4821;5815
LENA-000516;CH4400700110001234567;2024-06-19;2024-06-19;11.70;CHF;DBIT;PMNT-CCRD-POSD;Parkingpay;;;Einkauf Parkingpay Zürich Karte xxxx 4821;
LENA-000517;CH4400700110001234567;2024-06-20;2024-06-20;216.00;CHF;DBIT;PMNT-CCRD-POSD;Denner;;;Einkauf Denner Zürich Karte xxxx 4821;5411
LENA-000518;CH4400700110001234567;2024-06-20;2024-06-20;78.25;CHF;DBIT;PMNT-CCRD-POSD;Migrol Tankstelle;;;Einkauf Migrol Tankstelle Zürich Karte xxxx 4821;5541
LENA-000519;CH4400700110001234567;2024-06-20;2024-06-20;57.00;CHF;DBIT;PMNT-IDDT-ESDD;Viseca Card Services SA;;;Lastschrift Viseca Card Services SA Monatsrechnung 05/2024;
LENA-000520;CH4400700110001234567;2024-06-20;2024-06-20;40.20;CHF;DBIT;PMNT-CCRD-POSD;Restaurant Hiltl;;;Einkauf Restaurant Hiltl Zürich Karte xxxx 4821;5812
LENA-000521;CH4400700110001234567;2024-06-24;2024-06-24;159.80;CHF;DBIT;PMNT-CCRD-POSD;Games Workshop Zürich;;;Einkauf Games Workshop Zürich Zürich Karte xxxx 4821;5945
LENA-000522;CH4400700110001234567;2024-06-24;2024-06-24;53.45;CHF;DBIT;PMNT-CCRD-POSD;Aldi Suisse;;;Einkauf Aldi Suisse Winterthur Karte xxxx 4821;5411
LENA-000523;CH4400700110001234567;2024-06-24;2024-06-24;34.00;CHF;DBIT;PMNT-CCRD-POSD;Denner;;;Einkauf Denner Zürich Karte xxxx 4821;5411
LENA-000524;CH4400700110001234567;2024-06-25;2024-06-25;29.90;CHF;DBIT;PMNT-CCRD-POSD;Fantasywelt Zürich;;;Einkauf Fantasywelt Zürich Zürich Karte xxxx 4821;5945
LENA-000525;CH4400700110001234567;2024-06-25;2024-06-25;6823.75;CHF;CRDT;PMNT-RCDT-SALA;Limmat Data Solutions AG;CH9300762011623852957;;Gutschrift Lohn Juni 2024;
LENA-000526;CH4400700110001234567;2024-06-26;2024-06-26;500.00;CHF;DBIT;PMNT-ICDT-BOOK;;CH7100700110009876543;;Übertrag auf Sparkonto;
LENA-000527;CH4400700110001234567;2024-06-26;2024-06-26;71.35;CHF;DBIT;PMNT-CCRD-POSD;Starbucks;;;Einkauf Starbucks Zürich Karte xxxx 4821;5812
LENA-000528;CH4400700110001234567;2024-06-26;2024-06-26;35.00;CHF;DBIT;PMNT-CCRD-POSD;Aldi Suisse;;;Einkauf Aldi Suisse Zürich HB Karte xxxx 4821;5411
LENA-000529;CH4400700110001234567;2024-06-26;2024-06-26;12.80;CHF;DBIT;PMNT-CCRD-POSD;ZVV Ticketautomat;;;Einkauf ZVV Ticketautomat Zürich Karte xxxx 4821;4111
LENA-000530;CH7100700110009876543;2024-06-26;2024-06-26;500.00;CHF;CRDT;PMNT-RCDT-BOOK;;CH4400700110001234567;;Übertrag auf Sparkonto;
LENA-000531;CH4400700110001234567;2024-06-27;2024-06-27;50.10;CHF;DBIT;PMNT-CCRD-POSD;Holy Cow Gourmet Burger;;;Einkauf Holy Cow Gourmet Burger Zürich Karte xxxx 4821;5812
LENA-000532;CH4400700110001234567;2024-06-27;2024-06-27;23.70;CHF;DBIT;PMNT-CCRD-POSD;ZVV Ticketautomat;;;Einkauf ZVV Ticketautomat Zürich Karte xxxx 4821;4111
LENA-000533;CH4400700110001234567;2024-06-28;2024-06-28;1020.00;CHF;DBIT;PMNT-ICDT-STDO;Steueramt der Stadt Zürich;;;Dauerauftrag Steuern Ratenzahlung;
LENA-000534;CH4400700110001234567;2024-06-28;2024-06-28;91.10;CHF;DBIT;PMNT-CCRD-POSD;BP Tankstelle;;;Einkauf BP Tankstelle Zürich Karte xxxx 4821;5541
LENA-000535;CH4400700110001234567;2024-06-28;2024-06-28;13.50;CHF;DBIT;PMNT-CCRD-POSD;SBB Mobile;;;Einkauf SBB Mobile Zürich Karte xxxx 4821;4111
LENA-000536;CH4400700110001234567;2024-06-28;2024-06-28;4.65;CHF;DBIT;PMNT-CCRD-POSD;Parkingpay;;;Einkauf Parkingpay Zürich Karte xxxx 4821;
LENA-000537;CH4400700110001234567;2024-06-28;2024-06-28;3.00;CHF;DBIT;ACMT-MDOP-CHRG;;;;Preis für Kontoführung;
LENA-000538;CH4400700110001234567;2024-06-28;2024-06-28;45.70;CHF;CRDT;PMNT-RCDT-ESCT;;;;TWINT *Empfangen von Luca Bernasconi;
LENA-000539;CH4400700110001234567;2024-07-01;2024-07-01;1850.00;CHF;DBIT;PMNT-ICDT-STDO;Immobilien Verwaltung Seefeld AG;;;Dauerauftrag Miete Wohnung Josefstrasse 12;
LENA-000540;CH4400700110001234567;2024-07-01;2024-07-01;150.00;CHF;DBIT;PMNT-ICDT-STDO;Immobilien Verwaltung Seefeld AG;;;Dauerauftrag Einstellplatz Nr. 17;
LENA-000541;CH4400700110001234567;2024-07-01;2024-07-01;32.95;CHF;DBIT;PMNT-CCRD-POSD;Aldi Suisse;;;Einkauf Aldi Suisse Zürich Karte xxxx 4821;5411
LENA-000542;CH4400700110001234567;2024-07-02;2024-07-02;65.50;CHF;DBIT;PMNT-CCRD-POSD;Zalando;;;Einkauf Zalando Zürich Karte xxxx 4821;5651
LENA-000543;CH4400700110001234567;2024-07-02;2024-07-02;25.85;CHF;DBIT;PMNT-ICDT-ESCT;;;;TWINT *Sende an Jonas Frei;
LENA-000544;CH4400700110001234567;2024-07-02;2024-07-02;11.40;CHF;DBIT;PMNT-CCRD-POSD;Coop;;;Einkauf Coop Winterthur Karte xxxx 4821;5411
LENA-000545;CH4400700110001234567;2024-07-03;2024-07-03;89.00;CHF;DBIT;PMNT-IDDT-ESDD;Update Fitness AG;;;LSV Update Fitness Abo;
LENA-000546;CH4400700110001234567;2024-07-04;2024-07-04;24.10;CHF;DBIT;PMNT-CCRD-POSD;Kino Arena;;;Einkauf Kino Arena Zürich Karte xxxx 4821;
LENA-000547;CH4400700110001234567;2024-07-05;2024-07-05;389.00;CHF;DBIT;PMNT-IDDT-ESDD;Helsana Versicherungen AG;;;LSV Prämie Grundversicherung 07/2024;
LENA-000548;CH4400700110001234567;2024-07-05;2024-07-05;54.30;CHF;DBIT;PMNT-CCRD-POSD;Tibits;;;Einkauf Tibits Zürich Karte xxxx 4821;5812
LENA-000549;CH4400700110001234567;2024-07-08;2024-07-08;70.70;CHF;DBIT;PMNT-CCRD-POSD;Coop;;;Einkauf Coop Zürich Karte xxxx 4821;5411
LENA-000550;CH4400700110001234567;2024-07-08;2024-07-08;49.90;CHF;DBIT;PMNT-IDDT-ESDD;Sunrise GmbH;;;LSV Sunrise Mobile Abo;
LENA-000551;CH4400700110001234567;2024-07-08;2024-07-08;27.20;CHF;DBIT;PMNT-ICDT-ESCT;;;;TWINT *Sende an Jonas Frei;
LENA-000552;CH4400700110001234567;2024-07-08;2024-07-08;18.00;CHF;DBIT;PMNT-CCRD-POSD;Starbucks;;;Einkauf Starbucks Zürich Karte xxxx 4821;5812
LENA-000553;CH4400700110001234567;2024-07-08;2024-07-08;10.30;CHF;DBIT;PMNT-CCRD-POSD;;;;TWINT *Migros;
LENA-000554;CH4400700110001234567;2024-07-09;2024-07-09;46.90;CHF;DBIT;PMNT-CCRD-POSD;Coop;;;Einkauf Coop Winterthur Karte xxxx 4821;5411
LENA-000555;CH4400700110001234567;2024-07-09;2024-07-09;22.30;CHF;DBIT;PMNT-CCRD-POSD;ZVV Ticketautomat;;;Einkauf ZVV Ticketautomat Zürich Karte xxxx 4821;4111
LENA-000556;CH4400700110001234567;2024-07-10;2024-07-10;73.65;CHF;DBIT;PMNT-CCRD-POSD;Shell;;;Einkauf Shell Zürich Karte xxxx 4821;5541
LENA-000557;CH4400700110001234567;2024-07-10;2024-07-10;56.60;CHF;DBIT;PMNT-CCRD-POSD;Starbucks;;;Einkauf Starbucks Zürich Karte xxxx 4821;5812
LENA-000558;CH4400700110001234567;2024-07-10;2024-07-10;42.50;CHF;DBIT;PMNT-ICDT-ESCT;;;;TWINT *Sende an Luca Bernasconi;
LENA-000559;CH4400700110001234567;2024-07-10;2024-07-10;12.00;CHF;DBIT;PMNT-CCRD-POSD;Lidl;;;Einkauf Lidl Zürich HB Karte xxxx 4821;5411
LENA-000560;CH4400700110001234567;2024-07-11;2024-07-11;68.20;CHF;DBIT;PMNT-CCRD-POSD;IKEA;;;Einkauf IKEA Zürich Karte xxxx 4821;5651
LENA-000561;CH4400700110001234567;2024-07-12;2024-07-12;85.75;CHF;DBIT;PMNT-CCRD-POSD;IKEA;;;Einkauf IKEA Zürich Karte xxxx 4821;5651
LENA-000562;CH4400700110001234567;2024-07-12;2024-07-12;61.80;CHF;DBIT;PMNT-CCRD-POSD;Lidl;;;Einkauf Lidl Winterthur Karte xxxx 4821;5411
LENA-000563;CH4400700110001234567;2024-07-12;2024-07-12;18.90;CHF;DBIT;PMNT-CCRD-POSD;Netflix International B.V.;;;Einkauf NETFLIX.COM Karte xxxx 4821;4899
LENA-000564;CH4400700110001234567;2024-07-12;2024-07-12;9.25;CHF;DBIT;PMNT-CCRD-POSD;;;;TWINT *Migros;
LENA-000565;CH4400700110001234567;2024-07-15;2024-07-15;459.00;CHF;DBIT;PMNT-IDDT-ESDD;AMAG Leasing AG;;;Lastschrift Leasingvertrag 4410-2231 Rate;
LENA-000566;CH4400700110001234567;2024-07-15;2024-07-15;14.95;CHF;DBIT;PMNT-CCRD-POSD;Parkhaus Urania;;;Einkauf Parkhaus Urania Zürich Karte xxxx 4821;
LENA-000567;CH4400700110001234567;2024-07-16;2024-07-16;44.85;CHF;DBIT;PMNT-CCRD-POSD;Denner;;;Einkauf Denner Zürich Karte xxxx 4821;5411
LENA-000568;CH4400700110001234567;2024-07-16;2024-07-16;22.25;CHF;DBIT;PMNT-ICDT-ESCT;;;;TWINT *Sende an Anna Meier;
LENA-000569;CH4400700110001234567;2024-07-18;2024-07-18;26.80;CHF;DBIT;PMNT-CCRD-POSD;Starbucks;;;Einkauf Starbucks Zürich Karte xxxx 4821;5812
LENA-000570;CH4400700110001234567;2024-07-18;2024-07-18;22.70;CHF;DBIT;PMNT-CCRD-POSD;Holy Cow Gourmet Burger;;;Einkauf Holy Cow Gourmet Burger Zürich Karte xxxx 4821;5812
LENA-000571;CH4400700110001234567;2024-07-18;2024-07-18;22.10;CHF;DBIT;PMNT-CCRD-POSD;Aldi Suisse;;;Einkauf Aldi Suisse Winterthur Karte xxxx 4821;5411
LENA-000572;CH4400700110001234567;2024-07-18;2024-07-18;13.95;CHF;DBIT;PMNT-CCRD-POSD;Spotify AB;;;Einkauf Spotify P2F4A1 Stockholm Karte xxxx 4821;5815
LENA-000573;CH4400700110001234567;2024-07-22;2024-07-22;101.65;CHF;DBIT;PMNT-CCRD-POSD;Zeughauskeller;;;Einkauf Zeughauskeller Zürich Karte xxxx 4821;5812
LENA-000574;CH4400700110001234567;2024-07-22;2024-07-22;99.60;CHF;DBIT;PMNT-IDDT-ESDD;ewz Elektrizitätswerk der Stadt Zürich;;;LSV Stromrechnung;
LENA-000575;CH4400700110001234567;2024-07-22;2024-07-22;60.80;CHF;DBIT;PMNT-CCRD-POSD;Coiffeur Seefeld;;;Einkauf Coiffeur Seefeld Zürich Karte xxxx 4821;
LENA-000576;CH4400700110001234567;2024-07-22;2024-07-22;51.60;CHF;DBIT;PMNT-CCRD-POSD;Sushi Mania;;;Einkauf Sushi Mania Zürich Karte xxxx 4821;5812
LENA-000577;CH4400700110001234567;2024-07-22;2024-07-22;40.25;CHF;DBIT;PMNT-CCRD-POSD;Lidl;;;Einkauf Lidl Zürich HB Karte xxxx 4821;5411
LENA-000578;CH4400700110001234567;2024-07-22;2024-07-22;39.85;CHF;DBIT;PMNT-CCRD-POSD;Games Workshop Zürich;;;Einkauf Games Workshop Zürich Zürich Karte xxxx 4821;5945
LENA-000579;CH4400700110001234567;2024-07-22;2024-07-22;31.55;CHF;DBIT;PMNT-CCRD-POSD;Aldi Suisse;;;Einkauf Aldi Suisse Winterthur Karte xxxx 4821;5411
LENA-000580;CH4400700110001234567;2024-07-22;2024-07-22;25.15;CHF;DBIT;PMNT-CCRD-POSD;Tibits;;;Einkauf Tibits Zürich Karte xxxx 4821;5812
LENA-000581;CH4400700110001234567;2024-07-22;2024-07-22;23.25;CHF;DBIT;PMNT-IDDT-ESDD;Viseca Card Services SA;;;Lastschrift Viseca Card Services SA Monatsrechnung 06/2024;
LENA-000582;CH4400700110001234567;2024-07-23;2024-07-23;71.10;CHF;DBIT;PMNT-CCRD-POSD;Decathlon;;;Einkauf Decathlon Zürich Karte xxxx 4821;5651
LENA-000583;CH4400700110001234567;2024-07-23;2024-07-23;30.10;CHF;DBIT;PMNT-CCRD-POSD;Tibits;;;Einkauf Tibits Zürich Karte xxxx 4821;5812
LENA-000584;CH4400700110001234567;2024-07-24;2024-07-24;32.70;CHF;DBIT;PMNT-CCRD-POSD;Lidl;;;Einkauf Lidl Winterthur Karte xxxx 4821;5411
LENA-000585;CH4400700110001234567;2024-07-25;2024-07-25;12.85;CHF;DBIT;PMNT-CCRD-POSD;;;;TWINT *Bäckerei Hug;
LENA-000586;CH4400700110001234567;2024-07-25;2024-07-25;6823.75;CHF;CRDT;PMNT-RCDT-SALA;Limmat Data Solutions AG;CH9300762011623852957;;Gutschrift Lohn Juli 2024;
LENA-000587;CH4400700110001234567;2024-07-26;2024-07-26;500.00;CHF;DBIT;PMNT-ICDT-BOOK;;CH7100700110009876543;;Übertrag auf Sparkonto;
LENA-000588;CH7100700110009876543;2024-07-26;2024-07-26;500.00;CHF;CRDT;PMNT-RCDT-BOOK;;CH4400700110001234567;;Übertrag auf Sparkonto;
LENA-000589;CH4400700110001234567;2024-07-29;2024-07-29;1020.00;CHF;DBIT;PMNT-ICDT-STDO;Steueramt der Stadt Zürich;;;Dauerauftrag Steuern Ratenzahlung;
LENA-000590;CH4400700110001234567;2024-07-29;2024-07-29;67.25;CHF;DBIT;PMNT-CCRD-POSD;Aldi Suisse;;;Einkauf Aldi Suisse Winterthur Karte xxxx 4821;5411
LENA-000591;CH4400700110001234567;2024-07-29;2024-07-29;54.70;CHF;DBIT;PMNT-CCRD-POSD;Orell Füssli;;;Einkauf Orell Füssli Zürich Karte xxxx 4821;
LENA-000592;CH4400700110001234567;2024-07-29;2024-07-29;25.80;CHF;DBIT;PMNT-CCRD-POSD;Hallenbad City;;;Einkauf Hallenbad City Zürich Karte xxxx 4821;
LENA-000593;CH4400700110001234567;2024-07-29;2024-07-29;3.00;CHF;DBIT;ACMT-MDOP-CHRG;;;;Preis für Kontoführung;
LENA-000594;CH4400700110001234567;2024-08-01;2024-08-01;1850.00;CHF;DBIT;PMNT-ICDT-STDO;Immobilien Verwaltung Seefeld AG;;;Dauerauftrag Miete Wohnung Josefstrasse 12;
LENA-000595;CH4400700110001234567;2024-08-01;2024-08-01;150.00;CHF;DBIT;PMNT-ICDT-STDO;Immobilien Verwaltung Seefeld AG;;;Dauerauftrag Einstellplatz Nr. 17;
LENA-000596;CH4400700110001234567;2024-08-01;2024-08-01;8.35;CHF;DBIT;PMNT-CCRD-POSD;SBB Mobile;;;Einkauf SBB Mobile Zürich Karte xxxx 4821;4111
LENA-000597;CH4400700110001234567;2024-08-05;2024-08-05;389.00;CHF;DBIT;PMNT-IDDT-ESDD;Helsana Versicherungen AG;;;LSV Prämie Grundversicherung 08/2024;
LENA-000598;CH4400700110001234567;2024-08-05;2024-08-05;90.00;CHF;DBIT;PMNT-CCRD-POSD;Migrol Tankstelle;;;Einkauf Migrol Tankstelle Zürich Karte xxxx 4821;5541
LENA-000599;CH4400700110001234567;2024-08-05;2024-08-05;89.00;CHF;DBIT;PMNT-IDDT-ESDD;Update Fitness AG;;;LSV Update Fitness Abo;
LENA-000600;CH4400700110001234567;2024-08-05;2024-08-05;56.45;CHF;DBIT;PMNT-CCRD-POSD;Socar Tankstelle;;;Einkauf Socar Tankstelle Zürich Karte xxxx 4821;5541
LENA-000601;CH4400700110001234567;2024-08-05;2024-08-05;45.30;CHF;DBIT;PMNT-CCRD-POSD;Starbucks;;;Einkauf Starbucks Zürich Karte xxxx 4821;5812
LENA-000602;CH4400700110001234567;2024-08-06;2024-08-06;417.65;CHF;DBIT;PMNT-CCRD-POSD;Manor;;;Einkauf Manor Zürich Karte xxxx 4821;5651
LENA-000603;CH4400700110001234567;2024-08-07;2024-08-07;13.05;CHF;DBIT;PMNT-CCRD-POSD;ZVV Ticketautomat;;;Einkauf ZVV Ticketautomat Zürich Karte xxxx 4821;4111
LENA-000604;CH4400700110001234567;2024-08-08;2024-08-08;49.90;CHF;DBIT;PMNT-IDDT-ESDD;Sunrise GmbH;;;LSV Sunrise Mobile Abo;
LENA-000605;CH4400700110001234567;2024-08-08;2024-08-08;8.10;CHF;DBIT;PMNT-CCRD-POSD;Coop;;;Einkauf Coop Winterthur Karte xxxx 4821;5411
LENA-000606;CH4400700110001234567;2024-08-09;2024-08-09;34.90;CHF;DBIT;PMNT-CCRD-POSD;Aldi Suisse;;;Einkauf Aldi Suisse Winterthur Karte xxxx 4821;5411
LENA-000607;CH4400700110001234567;2024-08-12;2024-08-12;39.60;CHF;DBIT;PMNT-CCRD-POSD;Zeughauskeller;;;Einkauf Zeughauskeller Zürich Karte xxxx 4821;5812
LENA-000608;CH4400700110001234567;2024-08-12;2024-08-12;31.85;CHF;DBIT;PMNT-CCRD-POSD;Restaurant Hiltl;;;Einkauf Restaurant Hiltl Zürich Karte xxxx 4821;5812
LENA-000609;CH4400700110001234567;2024-08-12;2024-08-12;18.90;CHF;DBIT;PMNT-CCRD-POSD;Netflix International B.V.;;;Einkauf NETFLIX.COM Karte xxxx 4821;4899
LENA-000610;CH4400700110001234567;2024-08-12;2024-08-12;14.85;CHF;DBIT;PMNT-CCRD-POSD;;;;TWINT *Bäckerei Hug;
LENA-000611;CH4400700110001234567;2024-08-14;2024-08-14;38.70;CHF;DBIT;PMNT-ICDT-ESCT;;;;TWINT *Sende an Jonas Frei;
LENA-000612;CH4400700110001234567;2024-08-14;2024-08-14;6.05;CHF;DBIT;PMNT-CCRD-POSD;Parkingpay;;;Einkauf Parkingpay Zürich Karte xxxx 4821;
LENA-000613;CH4400700110001234567;2024-08-15;2024-08-15;459.00;CHF;DBIT;PMNT-IDDT-ESDD;AMAG Leasing AG;;;Lastschrift Leasingvertrag 4410-2231 Rate;
LENA-000614;CH4400700110001234567;2024-08-19;2024-08-19;84.25;CHF;DBIT;PMNT-CCRD-POSD;Zalando;;;Einkauf Zalando Zürich Karte xxxx 4821;5651
LENA-000615;CH4400700110001234567;2024-08-19;2024-08-19;65.55;CHF;DBIT;PMNT-CCRD-POSD;Hallenbad City;;;Einkauf Hallenbad City Zürich Karte xxxx 4821;
LENA-000616;CH4400700110001234567;2024-08-19;2024-08-19;32.00;CHF;DBIT;PMNT-ICDT-ESCT;;;;TWINT *Sende an Sarah Keller;
LENA-000617;CH4400700110001234567;2024-08-19;2024-08-19;21.85;CHF;DBIT;PMNT-CCRD-POSD;Starbucks;;;Einkauf Starbucks Zürich Karte xxxx 4821;5812
LENA-000618;CH4400700110001234567;2024-08-19;2024-08-19;13.95;CHF;DBIT;PMNT-CCRD-POSD;Spotify AB;;;Einkauf Spotify P2F4A1 Stockholm Karte xxxx 4821;5815
LENA-000619;CH4400700110001234567;2024-08-19;2024-08-19;10.90;CHF;DBIT;PMNT-ICDT-ESCT;;;;TWINT *Sende an Luca Bernasconi;
LENA-000620;CH4400700110001234567;2024-08-19;2024-08-19;6.75;CHF;DBIT;PMNT-CCRD-POSD;;;;TWINT *Migros;
LENA-000621;CH4400700110001234567;2024-08-20;2024-08-20;1936.35;CHF;DBIT;PMNT-IDDT-ESDD;Viseca Card Services SA;;;Lastschrift Viseca Card Services SA Monatsrechnung 07/2024;
LENA-000622;CH4400700110001234567;2024-08-20;2024-08-20;48.90;CHF;DBIT;PMNT-CCRD-POSD;Lidl;;;Einkauf Lidl Winterthur Karte xxxx 4821;5411
LENA-000623;CH4400700110001234567;2024-08-20;2024-08-20;6.75;CHF;DBIT;PMNT-CCRD-POSD;SBB Mobile;;;Einkauf SBB Mobile Zürich Karte xxxx 4821;4111
LENA-000624;CH4400700110001234567;2024-08-22;2024-08-22;53.15;CHF;DBIT;PMNT-CCRD-POSD;Games Workshop Zürich;;;Einkauf Games Workshop Zürich Zürich Karte xxxx 4821;5945
LENA-000625;CH4400700110001234567;2024-08-22;2024-08-22;68.55;CHF;CRDT;PMNT-RCDT-ESCT;;;;TWINT *Empfangen von Sarah Keller;
LENA-000626;CH4400700110001234567;2024-08-26;2024-08-26;500.00;CHF;DBIT;PMNT-ICDT-BOOK;;CH7100700110009876543;;Übertrag auf Sparkonto;
LENA-000627;CH4400700110001234567;2024-08-26;2024-08-26;78.05;CHF;DBIT;PMNT-CCRD-POSD;Coop;;;Einkauf Coop Winterthur Karte xxxx 4821;5411
LENA-000628;CH4400700110001234567;2024-08-26;2024-08-26;77.85;CHF;DBIT;PMNT-CCRD-POSD;Zalando;;;Einkauf Zalando Zürich Karte xxxx 4821;5651
LENA-000629;CH4400700110001234567;2024-08-26;2024-08-26;77.60;CHF;DBIT;PMNT-CCRD-POSD;BP Tankstelle;;;Einkauf BP Tankstelle Zürich Karte xxxx 4821;5541
LENA-000630;CH4400700110001234567;2024-08-26;2024-08-26;30.15;CHF;DBIT;PMNT-CCRD-POSD;Coop;;;Einkauf Coop Winterthur Karte xxxx 4821;5411
LENA-000631;CH4400700110001234567;2024-08-26;2024-08-26;25.65;CHF;DBIT;PMNT-CCRD-POSD;Aldi Suisse;;;Einkauf Aldi Suisse Winterthur Karte xxxx 4821;5411
LENA-000632;CH4400700110001234567;2024-08-26;2024-08-26;21.60;CHF;DBIT;PMNT-CCRD-POSD;;;;TWINT *Bäckerei Hug;
LENA-000633;CH4400700110001234567;2024-08-26;2024-08-26;12.65;CHF;DBIT;PMNT-CCRD-POSD;Parkhaus Urania;;;Einkauf Parkhaus Urania Zürich Karte xxxx 4821;
LENA-000634;CH4400700110001234567;2024-08-26;2024-08-26;6823.75;CHF;CRDT;PMNT-RCDT-SALA;Limmat Data Solutions AG;CH9300762011623852957;;Gutschrift Lohn August 2024;
LENA-000635;CH7100700110009876543;2024-08-26;2024-08-26;500.00;CHF;CRDT;PMNT-RCDT-BOOK;;CH4400700110001234567;;Übertrag auf Sparkonto;
LENA-000636;CH4400700110001234567;2024-08-27;2024-08-27;27.10;CHF;DBIT;PMNT-CCRD-POSD;Lidl;;;Einkauf Lidl Zürich Karte xxxx 4821;5411
LENA-000637;CH4400700110001234567;2024-08-27;2024-08-27;15.25;CHF;DBIT;PMNT-ICDT-ESCT;;;;TWINT *Sende an Jonas Frei;
LENA-000638;CH4400700110001234567;2024-08-27;2024-08-27;7.15;CHF;DBIT;PMNT-CCRD-POSD;;;;TWINT *Kafi Dihei;
LENA-000639;CH4400700110001234567;2024-08-28;2024-08-28;1020.00;CHF;DBIT;PMNT-ICDT-STDO;Steueramt der Stadt Zürich;;;Dauerauftrag Steuern Ratenzahlung;
LENA-000640;CH4400700110001234567;2024-08-28;2024-08-28;3.00;CHF;DBIT;ACMT-MDOP-CHRG;;;;Preis für Kontoführung;
LENA-000641;CH4400700110001234567;2024-09-02;2024-09-02;1850.00;CHF;DBIT;PMNT-ICDT-STDO;Immobilien Verwaltung Seefeld AG;;;Dauerauftrag Miete Wohnung Josefstrasse 12;
LENA-000642;CH4400700110001234567;2024-09-02;2024-09-02;150.00;CHF;DBIT;PMNT-ICDT-STDO;Immobilien Verwaltung Seefeld AG;;;Dauerauftrag Einstellplatz Nr. 17;
LENA-000643;CH4400700110001234567;2024-09-02;2024-09-02;69.70;CHF;DBIT;PMNT-CCRD-POSD;Migrol Tankstelle;;;Einkauf Migrol Tankstelle Zürich Karte xxxx 4821;5541
LENA-000644;CH4400700110001234567;2024-09-02;2024-09-02;29.40;CHF;CRDT;PMNT-RCDT-ESCT;;;;TWINT *Empfangen von Sarah Keller;
LENA-000645;CH4400700110001234567;2024-09-03;2024-09-03;89.00;CHF;DBIT;PMNT-IDDT-ESDD;Update Fitness AG;;;LSV Update Fitness Abo;
LENA-000646;CH4400700110001234567;2024-09-04;2024-09-04;25.85;CHF;DBIT;PMNT-ICDT-ESCT;;;;TWINT *Sende an Luca Bernasconi;
LENA-000647;CH4400700110001234567;2024-09-04;2024-09-04;18.00;CHF;DBIT;PMNT-CCRD-POSD;SBB Mobile;;;Einkauf SBB Mobile Zürich Karte xxxx 4821;4111
LENA-000648;CH4400700110001234567;2024-09-04;2024-09-04;12.65;CHF;DBIT;PMNT-CCRD-POSD;Coop;;;Einkauf Coop Winterthur Karte xxxx 4821;5411
LENA-000649;CH4400700110001234567;2024-09-05;2024-09-05;389.00;CHF;DBIT;PMNT-IDDT-ESDD;Helsana Versicherungen AG;;;LSV Prämie Grundversicherung 09/2024;
LENA-000650;CH4400700110001234567;2024-09-09;2024-09-09;49.90;CHF;DBIT;PMNT-IDDT-ESDD;Sunrise GmbH;;;LSV Sunrise Mobile Abo;
LENA-000651;CH4400700110001234567;2024-09-09;2024-09-09;29.70;CHF;DBIT;PMNT-CCRD-POSD;Aldi Suisse;;;Einkauf Aldi Suisse Zürich Karte xxxx 4821;5411
LENA-000652;CH4400700110001234567;2024-09-09;2024-09-09;19.05;CHF;DBIT;PMNT-CCRD-POSD;Zeughauskeller;;;Einkauf Zeughauskeller Zürich Karte xxxx 4821;5812
LENA-000653;CH4400700110001234567;2024-09-09;2024-09-09;10.50;CHF;DBIT;PMNT-CCRD-POSD;Coop;;;Einkauf Coop Zürich Karte xxxx 4821;5411
LENA-000654;CH4400700110001234567;2024-09-10;2024-09-10;42.05;CHF;DBIT;PMNT-CCRD-POSD;Lidl;;;Einkauf Lidl Zürich Karte xxxx 4821;5411
LENA-000655;CH4400700110001234567;2024-09-10;2024-09-10;29.00;CHF;DBIT;PMNT-CCRD-POSD;Denner;;;Einkauf Denner Zürich Karte xxxx 4821;5411
LENA-000656;CH4400700110001234567;2024-09-10;2024-09-10;7.15;CHF;DBIT;PMNT-CCRD-POSD;SBB Mobile;;;Einkauf SBB Mobile Zürich Karte xxxx 4821;4111
LENA-000657;CH4400700110001234567;2024-09-11;2024-09-11;18.70;CHF;DBIT;PMNT-CCRD-POSD;Parkingpay;;;Einkauf Parkingpay Zürich Karte xxxx 4821;
LENA-000658;CH4400700110001234567;2024-09-12;2024-09-12;75.65;CHF;DBIT;PMNT-CCRD-POSD;Migros;;;Einkauf Migros Zürich Karte xxxx 4821;5411
LENA-000659;CH4400700110001234567;2024-09-12;2024-09-12;18.90;CHF;DBIT;PMNT-CCRD-POSD;Netflix International B.V.;;;Einkauf NETFLIX.COM Karte xxxx 4821;4899
LENA-000660;CH4400700110001234567;2024-09-13;2024-09-13;215.45;CHF;DBIT;PMNT-ICDT-DMCT;Dr. med. S. Keller Hausarztpraxis;;Honorarrechnung;Zahlung Rechnung Dr. med. S. Keller Hausarztpraxis;
LENA-000661;CH4400700110001234567;2024-09-16;2024-09-16;459.00;CHF;DBIT;PMNT-IDDT-ESDD;AMAG Leasing AG;;;Lastschrift Leasingvertrag 4410-2231 Rate;
LENA-000662;CH4400700110001234567;2024-09-16;2024-09-16;15.15;CHF;DBIT;PMNT-CCRD-POSD;SBB Mobile;;;Einkauf SBB Mobile Zürich Karte xxxx 4821;4111
LENA-000663;CH4400700110001234567;2024-09-16;2024-09-16;8.70;CHF;DBIT;PMNT-CCRD-POSD;Parkingpay;;;Einkauf Parkingpay Zürich Karte xxxx 4821;
LENA-000664;CH4400700110001234567;2024-09-18;2024-09-18;73.10;CHF;DBIT;PMNT-CCRD-POSD;Denner;;;Einkauf Denner Zürich Karte xxxx 4821;5411
LENA-000665;CH4400700110001234567;2024-09-18;2024-09-18;18.25;CHF;DBIT;PMNT-CCRD-POSD;ZVV Ticketautomat;;;Einkauf ZVV Ticketautomat Zürich Karte xxxx 4821;4111
LENA-000666;CH4400700110001234567;2024-09-18;2024-09-18;13.95;CHF;DBIT;PMNT-CCRD-POSD;Spotify AB;;;Einkauf Spotify P2F4A1 Stockholm Karte xxxx 4821;5815
LENA-000667;CH4400700110001234567;2024-09-20;2024-09-20;118.80;CHF;DBIT;PMNT-CCRD-POSD;Denner;;;Einkauf Denner Zürich Karte xxxx 4821;5411
LENA-000668;CH4400700110001234567;2024-09-20;2024-09-20;78.55;CHF;DBIT;PMNT-CCRD-POSD;Migros;;;Einkauf Migros Winterthur Karte xxxx 4821;5411
LENA-000669;CH4400700110001234567;2024-09-20;2024-09-20;22.40;CHF;DBIT;PMNT-IDDT-ESDD;Viseca Card Services SA;;;Lastschrift Viseca Card Services SA Monatsrechnung 08/2024;
LENA-000670;CH4400700110001234567;2024-09-20;2024-09-20;21.05;CHF;DBIT;PMNT-CCRD-POSD;Denner;;;Einkauf Denner Zürich HB Karte xxxx 4821;5411
LENA-000671;CH4400700110001234567;2024-09-23;2024-09-23;67.90;CHF;DBIT;PMNT-CCRD-POSD;Galaxus;;;Einkauf Galaxus Zürich Karte xxxx 4821;5651
LENA-000672;CH4400700110001234567;2024-09-23;2024-09-23;67.45;CHF;DBIT;PMNT-CCRD-POSD;Shell;;;Einkauf Shell Zürich Karte xxxx 4821;5541
LENA-000673;CH4400700110001234567;2024-09-23;2024-09-23;49.50;CHF;DBIT;PMNT-CCRD-POSD;Denner;;;Einkauf Denner Winterthur Karte xxxx 4821;5411
LENA-000674;CH4400700110001234567;2024-09-23;2024-09-23;44.70;CHF;DBIT;PMNT-CCRD-POSD;Manor;;;Einkauf Manor Zürich Karte xxxx 4821;5651
LENA-000675;CH4400700110001234567;2024-09-23;2024-09-23;41.35;CHF;DBIT;PMNT-CCRD-POSD;Denner;;;Einkauf Denner Zürich HB Karte xxxx 4821;5411
LENA-000676;CH4400700110001234567;2024-09-23;2024-09-23;31.85;CHF;DBIT;PMNT-CCRD-POSD;Restaurant Hiltl;;;Einkauf Restaurant Hiltl Zürich Karte xxxx 4821;5812
LENA-000677;CH4400700110001234567;2024-09-23;2024-09-23;7.05;CHF;DBIT;PMNT-CCRD-POSD;;;;TWINT *Kafi Dihei;
LENA-000678;CH4400700110001234567;2024-09-24;2024-09-24;25.20;CHF;DBIT;PMNT-CCRD-POSD;Zalando;;;Einkauf Zalando Zürich Karte xxxx 4821;5651
LENA-000679;CH4400700110001234567;2024-09-25;2024-09-25;115.30;CHF;DBIT;PMNT-CCRD-POSD;Denner;;;Einkauf Denner Winterthur Karte xxxx 4821;5411
LENA-000680;CH4400700110001234567;2024-09-25;2024-09-25;44.45;CHF;DBIT;PMNT-CCRD-POSD;Manor;;;Einkauf Manor Zürich Karte xxxx 4821;5651
LENA-000681;CH4400700110001234567;2024-09-25;2024-09-25;6823.75;CHF;CRDT;PMNT-RCDT-SALA;Limmat Data Solutions AG;CH9300762011623852957;;Gutschrift Lohn September 2024;
LENA-000682;CH4400700110001234567;2024-09-26;2024-09-26;500.00;CHF;DBIT;PMNT-ICDT-BOOK;;CH7100700110009876543;;Übertrag auf Sparkonto;
LENA-000683;CH4400700110001234567;2024-09-26;2024-09-26;30.35;CHF;DBIT;PMNT-CCRD-POSD;Kino Arena;;;Einkauf Kino Arena Zürich Karte xxxx 4821;
LENA-000684;CH4400700110001234567;2024-09-26;2024-09-26;19.30;CHF;DBIT;PMNT-CCRD-POSD;Starbucks;;;Einkauf Starbucks Zürich Karte xxxx 4821;5812
LENA-000685;CH4400700110001234567;2024-09-26;2024-09-26;9.90;CHF;DBIT;PMNT-CCRD-POSD;;;;TWINT *Migros;
LENA-000686;CH7100700110009876543;2024-09-26;2024-09-26;500.00;CHF;CRDT;PMNT-RCDT-BOOK;;CH4400700110001234567;;Übertrag auf Sparkonto;
LENA-000687;CH4400700110001234567;2024-09-30;2024-09-30;1020.00;CHF;DBIT;PMNT-ICDT-STDO;Steueramt der Stadt Zürich;;;Dauerauftrag Steuern Ratenzahlung;
LENA-000688;CH4400700110001234567;2024-09-30;2024-09-30;3.00;CHF;DBIT;ACMT-MDOP-CHRG;;;;Preis für Kontoführung;
LENA-000689;CH4400700110001234567;2024-10-01;2024-10-01;1890.00;CHF;DBIT;PMNT-ICDT-STDO;Immobilien Verwaltung Seefeld AG;;;Dauerauftrag Miete Wohnung Josefstrasse 12;
LENA-000690;CH4400700110001234567;2024-10-01;2024-10-01;150.00;CHF;DBIT;PMNT-ICDT-STDO;Immobilien Verwaltung Seefeld AG;;;Dauerauftrag Einstellplatz Nr. 17;
LENA-000691;CH4400700110001234567;2024-10-01;2024-10-01;113.45;CHF;DBIT;PMNT-CCRD-POSD;Socar Tankstelle;;;Einkauf Socar Tankstelle Zürich Karte xxxx 4821;5541
LENA-000692;CH4400700110001234567;2024-10-01;2024-10-01;19.95;CHF;CRDT;PMNT-RCDT-ESCT;;;;TWINT *Empfangen von Jonas Frei;
LENA-000693;CH4400700110001234567;2024-10-03;2024-10-03;89.00;CHF;DBIT;PMNT-IDDT-ESDD;Update Fitness AG;;;LSV Update Fitness Abo;
LENA-000694;CH4400700110001234567;2024-10-04;2024-10-04;83.10;CHF;DBIT;PMNT-CCRD-POSD;Orell Füssli;;;Einkauf Orell Füssli Zürich Karte xxxx 4821;
LENA-000695;CH4400700110001234567;2024-10-04;2024-10-04;14.60;CHF;DBIT;PMNT-CCRD-POSD;;;;TWINT *Kafi Dihei;
LENA-000696;CH4400700110001234567;2024-10-07;2024-10-07;389.00;CHF;DBIT;PMNT-IDDT-ESDD;Helsana Versicherungen AG;;;LSV Prämie Grundversicherung 10/2024;
LENA-000697;CH4400700110001234567;2024-10-07;2024-10-07;59.65;CHF;DBIT;PMNT-CCRD-POSD;Migros;;;Einkauf Migros Winterthur Karte xxxx 4821;5411
LENA-000698;CH4400700110001234567;2024-10-07;2024-10-07;41.35;CHF;DBIT;PMNT-CCRD-POSD;Zeughauskeller;;;Einkauf Zeughauskeller Zürich Karte xxxx 4821;5812
LENA-000699;CH4400700110001234567;2024-10-07;2024-10-07;29.95;CHF;DBIT;PMNT-CCRD-POSD;H&M;;;Einkauf H&M Zürich Karte xxxx 4821;5651
LENA-000700;CH4400700110001234567;2024-10-07;2024-10-07;3.65;CHF;DBIT;PMNT-CCRD-POSD;SBB Mobile;;;Einkauf SBB Mobile Zürich Karte xxxx 4821;4111
LENA-000701;CH4400700110001234567;2024-10-08;2024-10-08;96.90;CHF;DBIT;PMNT-CCRD-POSD;Coop Pronto Tankstelle;;;Einkauf Coop Pronto Tankstelle Zürich Karte xxxx 4821;5541
LENA-000702;CH4400700110001234567;2024-10-08;2024-10-08;72.35;CHF;DBIT;PMNT-CCRD-POSD;Tibits;;;Einkauf Tibits Zürich Karte xxxx 4821;5812
LENA-000703;CH4400700110001234567;2024-10-08;2024-10-08;49.90;CHF;DBIT;PMNT-IDDT-ESDD;Sunrise GmbH;;;LSV Sunrise Mobile Abo;
LENA-000704;CH4400700110001234567;2024-10-08;2024-10-08;36.50;CHF;DBIT;PMNT-CCRD-POSD;Restaurant Hiltl;;;Einkauf Restaurant Hiltl Zürich Karte xxxx 4821;5812
LENA-000705;CH4400700110001234567;2024-10-08;2024-10-08;30.35;CHF;DBIT;PMNT-CCRD-POSD;Kino Arena;;;Einkauf Kino Arena Zürich Karte xxxx 4821;
LENA-000706;CH4400700110001234567;2024-10-08;2024-10-08;21.95;CHF;DBIT;PMNT-CCRD-POSD;Ticketcorner;;;Einkauf Ticketcorner Zürich Karte xxxx 4821;
LENA-000707;CH4400700110001234567;2024-10-08;2024-10-08;21.90;CHF;DBIT;PMNT-CCRD-POSD;Coop;;;Einkauf Coop Winterthur Karte xxxx 4821;5411
LENA-000708;CH4400700110001234567;2024-10-09;2024-10-09;36.65;CHF;DBIT;PMNT-ICDT-ESCT;;;;TWINT *Sende an Luca Bernasconi;
LENA-000709;CH4400700110001234567;2024-10-14;2024-10-14;570.15;CHF;DBIT;PMNT-ICDT-DMCT;Garage Wiedikon AG;;;Zahlung Rechnung Service und Reifenwechsel;
LENA-000710;CH4400700110001234567;2024-10-14;2024-10-14;43.00;CHF;DBIT;PMNT-CCRD-POSD;Games Workshop Zürich;;;Einkauf Games Workshop Zürich Zürich Karte xxxx 4821;5945
LENA-000711;CH4400700110001234567;2024-10-14;2024-10-14;18.90;CHF;DBIT;PMNT-CCRD-POSD;Netflix International B.V.;;;Einkauf NETFLIX.COM Karte xxxx 4821;4899
LENA-000712;CH4400700110001234567;2024-10-14;2024-10-14;5.60;CHF;DBIT;PMNT-CCRD-POSD;;;;TWINT *Bäckerei Hug;
LENA-000713;CH4400700110001234567;2024-10-15;2024-10-15;459.00;CHF;DBIT;PMNT-IDDT-ESDD;AMAG Leasing AG;;;Lastschrift Leasingvertrag 4410-2231 Rate;
LENA-000714;CH4400700110001234567;2024-10-15;2024-10-15;39.35;CHF;DBIT;PMNT-ICDT-ESCT;;;;TWINT *Sende an Luca Bernasconi;
LENA-000715;CH4400700110001234567;2024-10-15;2024-10-15;19.60;CHF;DBIT;PMNT-CCRD-POSD;;;;TWINT *Migros;
LENA-000716;CH4400700110001234567;2024-10-15;2024-10-15;4.45;CHF;DBIT;PMNT-CCRD-POSD;ZVV Ticketautomat;;;Einkauf ZVV Ticketautomat Zürich Karte xxxx 4821;4111
LENA-000717;CH4400700110001234567;2024-10-16;2024-10-16;126.20;CHF;DBIT;PMNT-CCRD-POSD;Decathlon;;;Einkauf Decathlon Zürich Karte xxxx 4821;5651
LENA-000718;CH4400700110001234567;2024-10-16;2024-10-16;36.10;CHF;DBIT;PMNT-CCRD-POSD;ZVV Ticketautomat;;;Einkauf ZVV Ticketautomat Zürich Karte xxxx 4821;4111
LENA-000719;CH4400700110001234567;2024-10-18;2024-10-18;13.95;CHF;DBIT;PMNT-CCRD-POSD;Spotify AB;;;Einkauf Spotify P2F4A1 Stockholm Karte xxxx 4821;5815
LENA-000720;CH4400700110001234567;2024-10-21;2024-10-21;139.60;CHF;DBIT;PMNT-IDDT-ESDD;Viseca Card Services SA;;;Lastschrift Viseca Card Services SA Monatsrechnung 09/2024;
LENA-000721;CH4400700110001234567;2024-10-21;2024-10-21;70.95;CHF;DBIT;PMNT-CCRD-POSD;Holy Cow Gourmet Burger;;;Einkauf Holy Cow Gourmet Burger Zürich Karte xxxx 4821;5812
LENA-000722;CH4400700110001234567;2024-10-21;2024-10-21;19.30;CHF;DBIT;PMNT-CCRD-POSD;Coop;;;Einkauf Coop Zürich HB Karte xxxx 4821;5411
LENA-000723;CH4400700110001234567;2024-10-22;2024-10-22;101.60;CHF;DBIT;PMNT-IDDT-ESDD;ewz Elektrizitätswerk der Stadt Zürich;;;LSV Stromrechnung;
LENA-000724;CH4400700110001234567;2024-10-22;2024-10-22;12.15;CHF;DBIT;PMNT-CCRD-POSD;SBB Mobile;;;Einkauf SBB Mobile Zürich Karte xxxx 4821;4111
LENA-000725;CH4400700110001234567;2024-10-23;2024-10-23;93.00;CHF;DBIT;PMNT-CCRD-POSD;Zalando;;;Einkauf Zalando Zürich Karte xxxx 4821;5651
LENA-000726;CH4400700110001234567;2024-10-23;2024-10-23;85.45;CHF;DBIT;PMNT-CCRD-POSD;Coop;;;Einkauf Coop Zürich Karte xxxx 4821;5411
LENA-000727;CH4400700110001234567;2024-10-23;2024-10-23;49.35;CHF;DBIT;PMNT-CCRD-POSD;Lidl;;;Einkauf Lidl Zürich HB Karte xxxx 4821;5411
LENA-000728;CH4400700110001234567;2024-10-23;2024-10-23;24.75;CHF;DBIT;PMNT-CCRD-POSD;Fantasywelt Zürich;;;Einkauf Fantasywelt Zürich Zürich Karte xxxx 4821;5945
LENA-000729;CH4400700110001234567;2024-10-23;2024-10-23;193.90;CHF;CRDT;PMNT-RCDT-DMCT;Helsana Versicherungen AG;;;Gutschrift Helsana Versicherungen AG Leistungsabrechnung;
LENA-000730;CH4400700110001234567;2024-10-24;2024-10-24;113.20;CHF;DBIT;PMNT-CCRD-POSD;Zalando;;;Einkauf Zalando Zürich Karte xxxx 4821;5651
LENA-000731;CH4400700110001234567;2024-10-24;2024-10-24;67.70;CHF;DBIT;PMNT-CCRD-POSD;Coop Pronto Tankstelle;;;Einkauf Coop Pronto Tankstelle Zürich Karte xxxx 4821;5541
LENA-000732;CH4400700110001234567;2024-10-25;2024-10-25;28.75;CHF;DBIT;PMNT-CCRD-POSD;Lidl;;;Einkauf Lidl Zürich Karte xxxx 4821;5411
LENA-000733;CH4400700110001234567;2024-10-25;2024-10-25;21.25;CHF;DBIT;PMNT-CCRD-POSD;Apotheke Bahnhof;;;Einkauf Apotheke Bahnhof Zürich Karte xxxx 4821;5912
LENA-000734;CH4400700110001234567;2024-10-25;2024-10-25;20.05;CHF;DBIT;PMNT-CCRD-POSD;Zeughauskeller;;;Einkauf Zeughauskeller Zürich Karte xxxx 4821;5812
LENA-000735;CH4400700110001234567;2024-10-25;2024-10-25;6.85;CHF;DBIT;PMNT-CCRD-POSD;;;;TWINT *Kafi Dihei;
LENA-000736;CH4400700110001234567;2024-10-25;2024-10-25;6823.75;CHF;CRDT;PMNT-RCDT-SALA;Limmat Data Solutions AG;CH9300762011623852957;;Gutschrift Lohn Oktober 2024;
LENA-000737;CH4400700110001234567;2024-10-28;2024-10-28;1020.00;CHF;DBIT;PMNT-ICDT-STDO;Steueramt der Stadt Zürich;;;Dauerauftrag Steuern Ratenzahlung;
LENA-000738;CH4400700110001234567;2024-10-28;2024-10-28;500.00;CHF;DBIT;PMNT-ICDT-BOOK;;CH7100700110009876543;;Übertrag auf Sparkonto;
LENA-000739;CH4400700110001234567;2024-10-28;2024-10-28;34.00;CHF;DBIT;PMNT-CCRD-POSD;Orell Füssli;;;Einkauf Orell Füssli Zürich Karte xxxx 4821;
LENA-000740;CH4400700110001234567;2024-10-28;2024-10-28;23.70;CHF;DBIT;PMNT-CCRD-POSD;Sushi Mania;;;Einkauf Sushi Mania Zürich Karte xxxx 4821;5812
LENA-000741;CH4400700110001234567;2024-10-28;2024-10-28;3.00;CHF;DBIT;ACMT-MDOP-CHRG;;;;Preis für Kontoführung;
LENA-000742;CH7100700110009876543;2024-10-28;2024-10-28;500.00;CHF;CRDT;PMNT-RCDT-BOOK;;CH4400700110001234567;;Übertrag auf Sparkonto;
LENA-000743;CH4400700110001234567;2024-11-01;2024-11-01;1890.00;CHF;DBIT;PMNT-ICDT-STDO;Immobilien Verwaltung Seefeld AG;;;Dauerauftrag Miete Wohnung Josefstrasse 12;
LENA-000744;CH4400700110001234567;2024-11-01;2024-11-01;150.00;CHF;DBIT;PMNT-ICDT-STDO;Immobilien Verwaltung Seefeld AG;;;Dauerauftrag Einstellplatz Nr. 17;
LENA-000745;CH4400700110001234567;2024-11-01;2024-11-01;56.30;CHF;DBIT;PMNT-CCRD-POSD;Tibits;;;Einkauf Tibits Zürich Karte xxxx 4821;5812
LENA-000746;CH4400700110001234567;2024-11-01;2024-11-01;47.80;CHF;DBIT;PMNT-CCRD-POSD;Zalando;;;Einkauf Zalando Zürich Karte xxxx 4821;5651
LENA-000747;CH4400700110001234567;2024-11-01;2024-11-01;25.40;CHF;DBIT;PMNT-CCRD-POSD;Migros;;;Einkauf Migros Zürich HB Karte xxxx 4821;5411
LENA-000748;CH4400700110001234567;2024-11-04;2024-11-04;89.00;CHF;DBIT;PMNT-IDDT-ESDD;Update Fitness AG;;;LSV Update Fitness Abo;
LENA-000749;CH4400700110001234567;2024-11-05;2024-11-05;389.00;CHF;DBIT;PMNT-IDDT-ESDD;Helsana Versicherungen AG;;;LSV Prämie Grundversicherung 11/2024;
LENA-000750;CH4400700110001234567;2024-11-05;2024-11-05;45.55;CHF;DBIT;PMNT-CCRD-POSD;Aldi Suisse;;;Einkauf Aldi Suisse Zürich Karte xxxx 4821;5411
LENA-000751;CH4400700110001234567;2024-11-05;2024-11-05;44.10;CHF;DBIT;PMNT-ICDT-ESCT;;;;TWINT *Sende an Jonas Frei;
LENA-000752;CH4400700110001234567;2024-11-05;2024-11-05;30.00;CHF;DBIT;PMNT-CCRD-POSD;Aldi Suisse;;;Einkauf Aldi Suisse Winterthur Karte xxxx 4821;5411
LENA-000753;CH4400700110001234567;2024-11-06;2024-11-06;182.45;CHF;DBIT;PMNT-CCRD-POSD;Fantasywelt Zürich;;;Einkauf Fantasywelt Zürich Zürich Karte xxxx 4821;5945
LENA-000754;CH4400700110001234567;2024-11-07;2024-11-07;72.90;CHF;DBIT;PMNT-CCRD-POSD;Aldi Suisse;;;Einkauf Aldi Suisse Zürich HB Karte xxxx 4821;5411
LENA-000755;CH4400700110001234567;2024-11-08;2024-11-08;107.35;CHF;DBIT;PMNT-CCRD-POSD;Starbucks;;;Einkauf Starbucks Zürich Karte xxxx 4821;5812
LENA-000756;CH4400700110001234567;2024-11-08;2024-11-08;49.90;CHF;DBIT;PMNT-IDDT-ESDD;Sunrise GmbH;;;LSV Sunrise Mobile Abo;
LENA-000757;CH4400700110001234567;2024-11-08;2024-11-08;44.55;CHF;DBIT;PMNT-CCRD-POSD;Restaurant Hiltl;;;Einkauf Restaurant Hiltl Zürich Karte xxxx 4821;5812
LENA-000758;CH4400700110001234567;2024-11-08;2024-11-08;40.80;CHF;DBIT;PMNT-CCRD-POSD;Zeughauskeller;;;Einkauf Zeughauskeller Zürich Karte xxxx 4821;5812
LENA-000759;CH4400700110001234567;2024-11-11;2024-11-11;22.95;CHF;DBIT;PMNT-CCRD-POSD;Aldi Suisse;;;Einkauf Aldi Suisse Winterthur Karte xxxx 4821;5411
LENA-000760;CH4400700110001234567;2024-11-11;2024-11-11;14.20;CHF;DBIT;PMNT-CCRD-POSD;Parkhaus Urania;;;Einkauf Parkhaus Urania Zürich Karte xxxx 4821;
LENA-000761;CH4400700110001234567;2024-11-11;2024-11-11;4.50;CHF;DBIT;PMNT-CCRD-POSD;SBB Mobile;;;Einkauf SBB Mobile Zürich Karte xxxx 4821;4111
LENA-000762;CH4400700110001234567;2024-11-12;2024-11-12;37.55;CHF;DBIT;PMNT-CCRD-POSD;Zeughauskeller;;;Einkauf Zeughauskeller Zürich Karte xxxx 4821;5812
LENA-000763;CH4400700110001234567;2024-11-12;2024-11-12;18.90;CHF;DBIT;PMNT-CCRD-POSD;Netflix International B.V.;;;Einkauf NETFLIX.COM Karte xxxx 4821;4899
LENA-000764;CH4400700110001234567;2024-11-12;2024-11-12;11.55;CHF;DBIT;PMNT-CCRD-POSD;SBB Mobile;;;Einkauf SBB Mobile Zürich Karte xxxx 4821;4111
LENA-000765;CH4400700110001234567;2024-11-13;2024-11-13;37.30;CHF;DBIT;PMNT-CCRD-POSD;Tibits;;;Einkauf Tibits Zürich Karte xxxx 4821;5812
LENA-000766;CH4400700110001234567;2024-11-14;2024-11-14;54.30;CHF;DBIT;PMNT-CCRD-POSD;Manor;;;Einkauf Manor Zürich Karte xxxx 4821;5651
LENA-000767;CH4400700110001234567;2024-11-15;2024-11-15;459.00;CHF;DBIT;PMNT-IDDT-ESDD;AMAG Leasing AG;;;Lastschrift Leasingvertrag 4410-2231 Rate;
LENA-000768;CH4400700110001234567;2024-11-16;2024-11-16;1240.00;CHF;DBIT;PMNT-CCRD-POSD;IKEA;;;Einkauf IKEA Spreitenbach Karte xxxx 4821;5712
LENA-000769;CH4400700110001234567;2024-11-18;2024-11-18;59.55;CHF;DBIT;PMNT-CCRD-POSD;BP Tankstelle;;;Einkauf BP Tankstelle Zürich Karte xxxx 4821;5541
LENA-000770;CH4400700110001234567;2024-11-18;2024-11-18;42.40;CHF;DBIT;PMNT-CCRD-POSD;Kino Arena;;;Einkauf Kino Arena Zürich Karte xxxx 4821;
LENA-000771;CH4400700110001234567;2024-11-18;2024-11-18;33.35;CHF;DBIT;PMNT-CCRD-POSD;Migros;;;Einkauf Migros Winterthur Karte xxxx 4821;5411
LENA-000772;CH4400700110001234567;2024-11-18;2024-11-18;27.60;CHF;DBIT;PMNT-CCRD-POSD;Apotheke Bahnhof;;;Einkauf Apotheke Bahnhof Zürich Karte xxxx 4821;5912
LENA-000773;CH4400700110001234567;2024-11-18;2024-11-18;15.60;CHF;DBIT;PMNT-CCRD-POSD;Orell Füssli;;;Einkauf Orell Füssli Zürich Karte xxxx 4821;
LENA-000774;CH4400700110001234567;2024-11-18;2024-11-18;15.25;CHF;DBIT;PMNT-CCRD-POSD;;;;TWINT *Migros;
LENA-000775;CH4400700110001234567;2024-11-18;2024-11-18;13.95;CHF;DBIT;PMNT-CCRD-POSD;Spotify AB;;;Einkauf Spotify P2F4A1 Stockholm Karte xxxx 4821;5815
LENA-000776;CH4400700110001234567;2024-11-20;2024-11-20;569.90;CHF;DBIT;PMNT-IDDT-ESDD;Viseca Card Services SA;;;Lastschrift Viseca Card Services SA Monatsrechnung 10/2024;
LENA-000777;CH4400700110001234567;2024-11-22;2024-11-22;24.40;CHF;DBIT;PMNT-CCRD-POSD;Tibits;;;Einkauf Tibits Zürich Karte xxxx 4821;5812
LENA-000778;CH4400700110001234567;2024-11-22;2024-11-22;21.65;CHF;DBIT;PMNT-CCRD-POSD;ZVV Ticketautomat;;;Einkauf ZVV Ticketautomat Zürich Karte xxxx 4821;4111
LENA-000779;CH4400700110001234567;2024-11-25;2024-11-25;20.90;CHF;DBIT;PMNT-ICDT-ESCT;;;;TWINT *Sende an Luca Bernasconi;
LENA-000780;CH4400700110001234567;2024-11-25;2024-11-25;7.40;CHF;DBIT;PMNT-CCRD-POSD;ZVV Ticketautomat;;;Einkauf ZVV Ticketautomat Zürich Karte xxxx 4821;4111
LENA-000781;CH4400700110001234567;2024-11-25;2024-11-25;6823.75;CHF;CRDT;PMNT-RCDT-SALA;Limmat Data Solutions AG;CH9300762011623852957;;Gutschrift Lohn November 2024;
LENA-000782;CH4400700110001234567;2024-11-25;2024-11-25;6823.75;CHF;CRDT;PMNT-RCDT-SALA;Limmat Data Solutions AG;CH9300762011623852957;;Gutschrift 13. Monatslohn 2024;
LENA-000783;CH4400700110001234567;2024-11-26;2024-11-26;500.00;CHF;DBIT;PMNT-ICDT-BOOK;;CH7100700110009876543;;Übertrag auf Sparkonto;
LENA-000784;CH4400700110001234567;2024-11-26;2024-11-26;50.75;CHF;DBIT;PMNT-CCRD-POSD;Coop;;;Einkauf Coop Zürich HB Karte xxxx 4821;5411
LENA-000785;CH4400700110001234567;2024-11-26;2024-11-26;15.75;CHF;DBIT;PMNT-CCRD-POSD;Parkhaus Urania;;;Einkauf Parkhaus Urania Zürich Karte xxxx 4821;
LENA-000786;CH4400700110001234567;2024-11-26;2024-11-26;13.90;CHF;DBIT;PMNT-CCRD-POSD;ZVV Ticketautomat;;;Einkauf ZVV Ticketautomat Zürich Karte xxxx 4821;4111
LENA-000787;CH7100700110009876543;2024-11-26;2024-11-26;500.00;CHF;CRDT;PMNT-RCDT-BOOK;;CH4400700110001234567;;Übertrag auf Sparkonto;
LENA-000788;CH4400700110001234567;2024-11-27;2024-11-27;17.15;CHF;DBIT;PMNT-CCRD-POSD;Coop;;;Einkauf Coop Winterthur Karte xxxx 4821;5411
LENA-000789;CH4400700110001234567;2024-11-28;2024-11-28;1020.00;CHF;DBIT;PMNT-ICDT-STDO;Steueramt der Stadt Zürich;;;Dauerauftrag Steuern Ratenzahlung;
LENA-000790;CH4400700110001234567;2024-11-28;2024-11-28;66.25;CHF;DBIT;PMNT-CCRD-POSD;Migros;;;Einkauf Migros Winterthur Karte xxxx 4821;5411
LENA-000791;CH4400700110001234567;2024-11-28;2024-11-28;42.60;CHF;DBIT;PMNT-CCRD-POSD;Restaurant Hiltl;;;Einkauf Restaurant Hiltl Zürich Karte xxxx 4821;5812
LENA-000792;CH4400700110001234567;2024-11-28;2024-11-28;3.00;CHF;DBIT;ACMT-MDOP-CHRG;;;;Preis für Kontoführung;
LENA-000793;CH4400700110001234567;2024-11-28;2024-11-28;17.90;CHF;CRDT;PMNT-RCDT-ESCT;;;;TWINT *Empfangen von Anna Meier;
LENA-000794;CH4400700110001234567;2024-12-02;2024-12-02;1890.00;CHF;DBIT;PMNT-ICDT-STDO;Immobilien Verwaltung Seefeld AG;;;Dauerauftrag Miete Wohnung Josefstrasse 12;
LENA-000795;CH4400700110001234567;2024-12-02;2024-12-02;150.00;CHF;DBIT;PMNT-ICDT-STDO;Immobilien Verwaltung Seefeld AG;;;Dauerauftrag Einstellplatz Nr. 17;
LENA-000796;CH4400700110001234567;2024-12-02;2024-12-02;14.40;CHF;DBIT;PMNT-CCRD-POSD;Denner;;;Einkauf Denner Winterthur Karte xxxx 4821;5411
LENA-000797;CH4400700110001234567;2024-12-03;2024-12-03;160.00;CHF;DBIT;PMNT-CCRD-CWDL;;;;Bargeldbezug Bancomat UBS Stauffacher Karte xxxx 4821;6011
LENA-000798;CH4400700110001234567;2024-12-03;2024-12-03;89.00;CHF;DBIT;PMNT-IDDT-ESDD;Update Fitness AG;;;LSV Update Fitness Abo;
LENA-000799;CH4400700110001234567;2024-12-03;2024-12-03;73.75;CHF;DBIT;PMNT-CCRD-POSD;Sushi Mania;;;Einkauf Sushi Mania Zürich Karte xxxx 4821;5812
LENA-000800;CH4400700110001234567;2024-12-03;2024-12-03;11.55;CHF;DBIT;PMNT-CCRD-POSD;Aldi Suisse;;;Einkauf Aldi Suisse Zürich HB Karte xxxx 4821;5411
LENA-000801;CH4400700110001234567;2024-12-05;2024-12-05;389.00;CHF;DBIT;PMNT-IDDT-ESDD;Helsana Versicherungen AG;;;LSV Prämie Grundversicherung 12/2024;
LENA-000802;CH4400700110001234567;2024-12-05;2024-12-05;37.95;CHF;DBIT;PMNT-CCRD-POSD;Starbucks;;;Einkauf Starbucks Zürich Karte xxxx 4821;5812
LENA-000803;CH4400700110001234567;2024-12-06;2024-12-06;15.45;CHF;DBIT;PMNT-CCRD-POSD;;;;TWINT *Migros;
LENA-000804;CH4400700110001234567;2024-12-09;2024-12-09;122.00;CHF;DBIT;PMNT-CCRD-POSD;Aldi Suisse;;;Einkauf Aldi Suisse Zürich Karte xxxx 4821;5411
LENA-000805;CH4400700110001234567;2024-12-09;2024-12-09;49.90;CHF;DBIT;PMNT-IDDT-ESDD;Sunrise GmbH;;;LSV Sunrise Mobile Abo;
LENA-000806;CH4400700110001234567;2024-12-09;2024-12-09;47.05;CHF;DBIT;PMNT-CCRD-POSD;Sushi Mania;;;Einkauf Sushi Mania Zürich Karte xxxx 4821;5812
LENA-000807;CH4400700110001234567;2024-12-09;2024-12-09;46.35;CHF;DBIT;PMNT-CCRD-POSD;Kino Arena;;;Einkauf Kino Arena Zürich Karte xxxx 4821;
LENA-000808;CH4400700110001234567;2024-12-09;2024-12-09;32.40;CHF;DBIT;PMNT-CCRD-POSD;Parkhaus Urania;;;Einkauf Parkhaus Urania Zürich Karte xxxx 4821;
LENA-000809;CH4400700110001234567;2024-12-09;2024-12-09;31.95;CHF;DBIT;PMNT-ICDT-ESCT;;;;TWINT *Sende an Jonas Frei;
LENA-000810;CH4400700110001234567;2024-12-09;2024-12-09;10.70;CHF;DBIT;PMNT-CCRD-POSD;;;;TWINT *Kafi Dihei;
LENA-000811;CH4400700110001234567;2024-12-09;2024-12-09;5.90;CHF;DBIT;PMNT-CCRD-POSD;;;;TWINT *Bäckerei Hug;
LENA-000812;CH4400700110001234567;2024-12-10;2024-12-10;57.50;CHF;DBIT;PMNT-CCRD-POSD;Hallenbad City;;;Einkauf Hallenbad City Zürich Karte xxxx 4821;
LENA-000813;CH4400700110001234567;2024-12-10;2024-12-10;28.00;CHF;DBIT;PMNT-CCRD-POSD;Migros;;;Einkauf Migros Winterthur Karte xxxx 4821;5411
LENA-000814;CH4400700110001234567;2024-12-11;2024-12-11;7.35;CHF;DBIT;PMNT-CCRD-POSD;;;;TWINT *Bäckerei Hug;
LENA-000815;CH4400700110001234567;2024-12-12;2024-12-12;70.40;CHF;DBIT;PMNT-CCRD-POSD;Holy Cow Gourmet Burger;;;Einkauf Holy Cow Gourmet Burger Zürich Karte xxxx 4821;5812
LENA-000816;CH4400700110001234567;2024-12-12;2024-12-12;18.90;CHF;DBIT;PMNT-CCRD-POSD;Netflix International B.V.;;;Einkauf NETFLIX.COM Karte xxxx 4821;4899
LENA-000817;CH4400700110001234567;2024-12-13;2024-12-13;7.10;CHF;DBIT;PMNT-CCRD-POSD;;;;TWINT *Kafi Dihei;
LENA-000818;CH4400700110001234567;2024-12-16;2024-12-16;459.00;CHF;DBIT;PMNT-IDDT-ESDD;AMAG Leasing AG;;;Lastschrift Leasingvertrag 4410-2231 Rate;
LENA-000819;CH4400700110001234567;2024-12-16;2024-12-16;122.50;CHF;DBIT;PMNT-CCRD-POSD;Decathlon;;;Einkauf Decathlon Zürich Karte xxxx 4821;5651
LENA-000820;CH4400700110001234567;2024-12-16;2024-12-16;108.55;CHF;DBIT;PMNT-CCRD-POSD;Aldi Suisse;;;Einkauf Aldi Suisse Zürich Karte xxxx 4821;5411
LENA-000821;CH4400700110001234567;2024-12-16;2024-12-16;38.70;CHF;DBIT;PMNT-CCRD-POSD;Aldi Suisse;;;Einkauf Aldi Suisse Winterthur Karte xxxx 4821;5411
LENA-000822;CH4400700110001234567;2024-12-16;2024-12-16;34.40;CHF;DBIT;PMNT-ICDT-ESCT;;;;TWINT *Sende an Luca Bernasconi;
LENA-000823;CH4400700110001234567;2024-12-16;2024-12-16;11.75;CHF;DBIT;PMNT-CCRD-POSD;;;;TWINT *Kafi Dihei;
LENA-000824;CH4400700110001234567;2024-12-17;2024-12-17;42.90;CHF;DBIT;PMNT-CCRD-POSD;Aldi Suisse;;;Einkauf Aldi Suisse Zürich HB Karte xxxx 4821;5411
LENA-000825;CH4400700110001234567;2024-12-18;2024-12-18;13.95;CHF;DBIT;PMNT-CCRD-POSD;Spotify AB;;;Einkauf Spotify P2F4A1 Stockholm Karte xxxx 4821;5815
LENA-000826;CH4400700110001234567;2024-12-19;2024-12-19;58.90;CHF;DBIT;PMNT-CCRD-POSD;Ticketcorner;;;Einkauf Ticketcorner Zürich Karte xxxx 4821;
LENA-000827;CH4400700110001234567;2024-12-20;2024-12-20;89.65;CHF;DBIT;PMNT-IDDT-ESDD;Viseca Card Services SA;;;Lastschrift Viseca Card Services SA Monatsrechnung 11/2024;
LENA-000828;CH4400700110001234567;2024-12-20;2024-12-20;69.55;CHF;DBIT;PMNT-ICDT-ESCT;;;;TWINT *Sende an Luca Bernasconi;
LENA-000829;CH4400700110001234567;2024-12-20;2024-12-20;15.90;CHF;DBIT;PMNT-CCRD-POSD;ZVV Ticketautomat;;;Einkauf ZVV Ticketautomat Zürich Karte xxxx 4821;4111
LENA-000830;CH4400700110001234567;2024-12-20;2024-12-20;59.75;CHF;CRDT;PMNT-RCDT-ESCT;;;;TWINT *Empfangen von Sarah Keller;
LENA-000831;CH4400700110001234567;2024-12-23;2024-12-23;35.05;CHF;DBIT;PMNT-CCRD-POSD;Migros;;;Einkauf Migros Zürich Karte xxxx 4821;5411
LENA-000832;CH4400700110001234567;2024-12-23;2024-12-23;27.25;CHF;DBIT;PMNT-CCRD-POSD;Fantasywelt Zürich;;;Einkauf Fantasywelt Zürich Zürich Karte xxxx 4821;5945
LENA-000833;CH4400700110001234567;2024-12-23;2024-12-23;21.30;CHF;DBIT;PMNT-CCRD-POSD;Ticketcorner;;;Einkauf Ticketcorner Zürich Karte xxxx 4821;
LENA-000834;CH4400700110001234567;2024-12-24;2024-12-24;76.65;CHF;DBIT;PMNT-CCRD-POSD;Coop;;;Einkauf Coop Winterthur Karte xxxx 4821;5411
LENA-000835;CH4400700110001234567;2024-12-24;2024-12-24;12.05;CHF;DBIT;PMNT-CCRD-POSD;Parkingpay;;;Einkauf Parkingpay Zürich Karte xxxx 4821;
LENA-000836;CH4400700110001234567;2024-12-24;2024-12-24;7.15;CHF;DBIT;PMNT-CCRD-POSD;;;;TWINT *Migros;
LENA-000837;CH4400700110001234567;2024-12-25;2024-12-25;8.50;CHF;DBIT;PMNT-CCRD-POSD;;;;TWINT *Bäckerei Hug;
LENA-000838;CH4400700110001234567;2024-12-25;2024-12-25;6823.75;CHF;CRDT;PMNT-RCDT-SALA;Limmat Data Solutions AG;CH9300762011623852957;;Gutschrift Lohn Dezember 2024;
LENA-000839;CH4400700110001234567;2024-12-26;2024-12-26;500.00;CHF;DBIT;PMNT-ICDT-BOOK;;CH7100700110009876543;;Übertrag auf Sparkonto;
LENA-000840;CH4400700110001234567;2024-12-26;2024-12-26;160.00;CHF;DBIT;PMNT-CCRD-CWDL;;;;Bargeldbezug Postomat Zürich Wiedikon Karte xxxx 4821;6011
LENA-000841;CH7100700110009876543;2024-12-26;2024-12-26;500.00;CHF;CRDT;PMNT-RCDT-BOOK;;CH4400700110001234567;;Übertrag auf Sparkonto;
LENA-000842;CH4400700110001234567;2024-12-30;2024-12-30;1020.00;CHF;DBIT;PMNT-ICDT-STDO;Steueramt der Stadt Zürich;;;Dauerauftrag Steuern Ratenzahlung;
LENA-000843;CH4400700110001234567;2024-12-30;2024-12-30;71.40;CHF;DBIT;PMNT-CCRD-POSD;Holy Cow Gourmet Burger;;;Einkauf Holy Cow Gourmet Burger Zürich Karte xxxx 4821;5812
LENA-000844;CH4400700110001234567;2024-12-30;2024-12-30;3.00;CHF;DBIT;ACMT-MDOP-CHRG;;;;Preis für Kontoführung;
LENA-000845;CH7100700110009876543;2024-12-31;2024-12-31;100.20;CHF;CRDT;ACMT-MDOP-INTR;;;;Zinsgutschrift;
LENA-000846;CH4400700110001234567;2025-01-01;2025-01-01;1890.00;CHF;DBIT;PMNT-ICDT-STDO;Immobilien Verwaltung Seefeld AG;;;Dauerauftrag Miete Wohnung Josefstrasse 12;
LENA-000847;CH4400700110001234567;2025-01-01;2025-01-01;150.00;CHF;DBIT;PMNT-ICDT-STDO;Immobilien Verwaltung Seefeld AG;;;Dauerauftrag Einstellplatz Nr. 17;
LENA-000848;CH4400700110001234567;2025-01-02;2025-01-02;52.80;CHF;DBIT;PMNT-CCRD-POSD;Holy Cow Gourmet Burger;;;Einkauf Holy Cow Gourmet Burger Zürich Karte xxxx 4821;5812
LENA-000849;CH4400700110001234567;2025-01-03;2025-01-03;89.00;CHF;DBIT;PMNT-IDDT-ESDD;Update Fitness AG;;;LSV Update Fitness Abo;
LENA-000850;CH4400700110001234567;2025-01-03;2025-01-03;86.65;CHF;DBIT;PMNT-CCRD-POSD;Shell;;;Einkauf Shell Zürich Karte xxxx 4821;5541
LENA-000851;CH4400700110001234567;2025-01-03;2025-01-03;44.55;CHF;DBIT;PMNT-CCRD-POSD;Lidl;;;Einkauf Lidl Zürich Karte xxxx 4821;5411
LENA-000852;CH4400700110001234567;2025-01-03;2025-01-03;16.80;CHF;DBIT;PMNT-CCRD-POSD;Orell Füssli;;;Einkauf Orell Füssli Zürich Karte xxxx 4821;
LENA-000853;CH4400700110001234567;2025-01-06;2025-01-06;408.10;CHF;DBIT;PMNT-IDDT-ESDD;Helsana Versicherungen AG;;;LSV Prämie Grundversicherung 01/2025;
LENA-000854;CH4400700110001234567;2025-01-06;2025-01-06;71.40;CHF;DBIT;PMNT-CCRD-POSD;Denner;;;Einkauf Denner Zürich HB Karte xxxx 4821;5411
LENA-000855;CH4400700110001234567;2025-01-06;2025-01-06;31.15;CHF;DBIT;PMNT-CCRD-POSD;Sushi Mania;;;Einkauf Sushi Mania Zürich Karte xxxx 4821;5812
LENA-000856;CH4400700110001234567;2025-01-06;2025-01-06;23.95;CHF;DBIT;PMNT-CCRD-POSD;Lidl;;;Einkauf Lidl Zürich HB Karte xxxx 4821;5411
LENA-000857;CH4400700110001234567;2025-01-06;2025-01-06;6.80;CHF;DBIT;PMNT-CCRD-POSD;SBB Mobile;;;Einkauf SBB Mobile Zürich Karte xxxx 4821;4111
LENA-000858;CH4400700110001234567;2025-01-07;2025-01-07;7.90;CHF;DBIT;PMNT-CCRD-POSD;;;;TWINT *Migros;
LENA-000859;CH4400700110001234567;2025-01-08;2025-01-08;49.90;CHF;DBIT;PMNT-IDDT-ESDD;Sunrise GmbH;;;LSV Sunrise Mobile Abo;
LENA-000860;CH4400700110001234567;2025-01-08;2025-01-08;39.90;CHF;DBIT;PMNT-CCRD-POSD;Holy Cow Gourmet Burger;;;Einkauf Holy Cow Gourmet Burger Zürich Karte xxxx 4821;5812
LENA-000861;CH4400700110001234567;2025-01-09;2025-01-09;65.40;CHF;DBIT;PMNT-CCRD-POSD;Zalando;;;Einkauf Zalando Zürich Karte xxxx 4821;5651
LENA-000862;CH4400700110001234567;2025-01-09;2025-01-09;40.00;CHF;DBIT;PMNT-CCRD-POSD;Die Post;;;Einkauf Autobahnvignette Post Zürich;
LENA-000863;CH4400700110001234567;2025-01-10;2025-01-10;200.00;CHF;DBIT;PMNT-CCRD-CWDL;;;;Bargeldbezug Bancomat ZKB Zürich HB Karte xxxx 4821;6011
LENA-000864;CH4400700110001234567;2025-01-13;2025-01-13;77.35;CHF;DBIT;PMNT-CCRD-POSD;Denner;;;Einkauf Denner Zürich HB Karte xxxx 4821;5411
LENA-000865;CH4400700110001234567;2025-01-13;2025-01-13;18.90;CHF;DBIT;PMNT-CCRD-POSD;Netflix International B.V.;;;Einkauf NETFLIX.COM Karte xxxx 4821;4899
LENA-000866;CH4400700110001234567;2025-01-13;2025-01-13;1.90;CHF;DBIT;PMNT-CCRD-POSD;ZVV Ticketautomat;;;Einkauf ZVV Ticketautomat Zürich Karte xxxx 4821;4111
LENA-000867;CH4400700110001234567;2025-01-15;2025-01-15;459.00;CHF;DBIT;PMNT-IDDT-ESDD;AMAG Leasing AG;;;Lastschrift Leasingvertrag 4410-2231 Rate;
LENA-000868;CH4400700110001234567;2025-01-15;2025-01-15;39.15;CHF;DBIT;PMNT-ICDT-ESCT;;;;TWINT *Sende an Jonas Frei;
LENA-000869;CH4400700110001234567;2025-01-17;2025-01-17;87.35;CHF;DBIT;PMNT-CCRD-POSD;Holy Cow Gourmet Burger;;;Einkauf Holy Cow Gourmet Burger Zürich Karte xxxx 4821;5812
LENA-000870;CH4400700110001234567;2025-01-20;2025-01-20;862.20;CHF;DBIT;PMNT-IDDT-ESDD;Viseca Card Services SA;;;Lastschrift Viseca Card Services SA Monatsrechnung 12/2024;
LENA-000871;CH4400700110001234567;2025-01-20;2025-01-20;285.00;CHF;DBIT;PMNT-ICDT-DMCT;Die Mobiliar;;;Zahlung Prämie Hausrat Privathaftpflicht;
LENA-000872;CH4400700110001234567;2025-01-20;2025-01-20;41.00;CHF;DBIT;PMNT-CCRD-POSD;Denner;;;Einkauf Denner Zürich HB Karte xxxx 4821;5411
LENA-000873;CH4400700110001234567;2025-01-20;2025-01-20;13.95;CHF;DBIT;PMNT-CCRD-POSD;Spotify AB;;;Einkauf Spotify P2F4A1 Stockholm Karte xxxx 4821;5815
LENA-000874;CH4400700110001234567;2025-01-22;2025-01-22;96.60;CHF;DBIT;PMNT-IDDT-ESDD;ewz Elektrizitätswerk der Stadt Zürich;;;LSV Stromrechnung;
LENA-000875;CH4400700110001234567;2025-01-22;2025-01-22;37.25;CHF;DBIT;PMNT-CCRD-POSD;Denner;;;Einkauf Denner Zürich HB Karte xxxx 4821;5411
LENA-000876;CH4400700110001234567;2025-01-22;2025-01-22;34.95;CHF;DBIT;PMNT-CCRD-POSD;Zeughauskeller;;;Einkauf Zeughauskeller Zürich Karte xxxx 4821;5812
LENA-000877;CH4400700110001234567;2025-01-22;2025-01-22;28.50;CHF;DBIT;PMNT-CCRD-POSD;Starbucks;;;Einkauf Starbucks Zürich Karte xxxx 4821;5812
LENA-000878;CH4400700110001234567;2025-01-23;2025-01-23;118.30;CHF;DBIT;PMNT-CCRD-POSD;Migros;;;Einkauf Migros Winterthur Karte xxxx 4821;5411
LENA-000879;CH4400700110001234567;2025-01-23;2025-01-23;60.20;CHF;DBIT;PMNT-CCRD-POSD;Lidl;;;Einkauf Lidl Winterthur Karte xxxx 4821;5411
LENA-000880;CH4400700110001234567;2025-01-24;2025-01-24;16.05;CHF;DBIT;PMNT-CCRD-POSD;Amavita Apotheke;;;Einkauf Amavita Apotheke Zürich Karte xxxx 4821;5912
LENA-000881;CH4400700110001234567;2025-01-27;2025-01-27;500.00;CHF;DBIT;PMNT-ICDT-BOOK;;CH7100700110009876543;;Übertrag auf Sparkonto;
LENA-000882;CH4400700110001234567;2025-01-27;2025-01-27;112.90;CHF;DBIT;PMNT-CCRD-POSD;Games Workshop Zürich;;;Einkauf Games Workshop Zürich Zürich Karte xxxx 4821;5945
LENA-000883;CH4400700110001234567;2025-01-27;2025-01-27;73.95;CHF;DBIT;PMNT-CCRD-POSD;Socar Tankstelle;;;Einkauf Socar Tankstelle Zürich Karte xxxx 4821;5541
LENA-000884;CH4400700110001234567;2025-01-27;2025-01-27;41.05;CHF;DBIT;PMNT-CCRD-POSD;Lidl;;;Einkauf Lidl Winterthur Karte xxxx 4821;5411
LENA-000885;CH4400700110001234567;2025-01-27;2025-01-27;13.75;CHF;DBIT;PMNT-CCRD-POSD;;;;TWINT *Kafi Dihei;
LENA-000886;CH4400700110001234567;2025-01-27;2025-01-27;10.90;CHF;DBIT;PMNT-CCRD-POSD;ZVV Ticketautomat;;;Einkauf ZVV Ticketautomat Zürich Karte xxxx 4821;4111
LENA-000887;CH4400700110001234567;2025-01-27;2025-01-27;6926.11;CHF;CRDT;PMNT-RCDT-SALA;Limmat Data Solutions AG;CH9300762011623852957;;Gutschrift Lohn Januar 2025;
LENA-000888;CH7100700110009876543;2025-01-27;2025-01-27;500.00;CHF;CRDT;PMNT-RCDT-BOOK;;CH4400700110001234567;;Übertrag auf Sparkonto;
LENA-000889;CH4400700110001234567;2025-01-28;2025-01-28;1020.00;CHF;DBIT;PMNT-ICDT-STDO;Steueramt der Stadt Zürich;;;Dauerauftrag Steuern Ratenzahlung;
LENA-000890;CH4400700110001234567;2025-01-28;2025-01-28;140.00;CHF;DBIT;PMNT-CCRD-CWDL;;;;Bargeldbezug Bancomat UBS Stauffacher Karte xxxx 4821;6011
LENA-000891;CH4400700110001234567;2025-01-28;2025-01-28;81.70;CHF;DBIT;PMNT-CCRD-POSD;Shell;;;Einkauf Shell Zürich Karte xxxx 4821;5541
LENA-000892;CH4400700110001234567;2025-01-28;2025-01-28;58.95;CHF;DBIT;PMNT-CCRD-POSD;BP Tankstelle;;;Einkauf BP Tankstelle Zürich Karte xxxx 4821;5541
LENA-000893;CH4400700110001234567;2025-01-28;2025-01-28;34.15;CHF;DBIT;PMNT-CCRD-POSD;Zeughauskeller;;;Einkauf Zeughauskeller Zürich Karte xxxx 4821;5812
LENA-000894;CH4400700110001234567;2025-01-28;2025-01-28;8.40;CHF;DBIT;PMNT-CCRD-POSD;Parkingpay;;;Einkauf Parkingpay Zürich Karte xxxx 4821;
LENA-000895;CH4400700110001234567;2025-01-28;2025-01-28;3.00;CHF;DBIT;ACMT-MDOP-CHRG;;;;Preis für Kontoführung;
LENA-000896;CH4400700110001234567;2025-02-03;2025-02-03;1890.00;CHF;DBIT;PMNT-ICDT-STDO;Immobilien Verwaltung Seefeld AG;;;Dauerauftrag Miete Wohnung Josefstrasse 12;
LENA-000897;CH4400700110001234567;2025-02-03;2025-02-03;150.00;CHF;DBIT;PMNT-ICDT-STDO;Immobilien Verwaltung Seefeld AG;;;Dauerauftrag Einstellplatz Nr. 17;
LENA-000898;CH4400700110001234567;2025-02-03;2025-02-03;89.00;CHF;DBIT;PMNT-IDDT-ESDD;Update Fitness AG;;;LSV Update Fitness Abo;
LENA-000899;CH4400700110001234567;2025-02-03;2025-02-03;47.90;CHF;DBIT;PMNT-CCRD-POSD;Migros;;;Einkauf Migros Zürich Karte xxxx 4821;5411
LENA-000900;CH4400700110001234567;2025-02-05;2025-02-05;408.10;CHF;DBIT;PMNT-IDDT-ESDD;Helsana Versicherungen AG;;;LSV Prämie Grundversicherung 02/2025;
LENA-000901;CH4400700110001234567;2025-02-05;2025-02-05;21.65;CHF;DBIT;PMNT-CCRD-POSD;Sushi Mania;;;Einkauf Sushi Mania Zürich Karte xxxx 4821;5812
LENA-000902;CH4400700110001234567;2025-02-06;2025-02-06;35.05;CHF;DBIT;PMNT-CCRD-POSD;H&M;;;Einkauf H&M Zürich Karte xxxx 4821;5651
LENA-000903;CH4400700110001234567;2025-02-07;2025-02-07;7.35;CHF;DBIT;PMNT-CCRD-POSD;SBB Mobile;;;Einkauf SBB Mobile Zürich Karte xxxx 4821;4111
LENA-000904;CH4400700110001234567;2025-02-10;2025-02-10;98.25;CHF;DBIT;PMNT-CCRD-POSD;Coop Pronto Tankstelle;;;Einkauf Coop Pronto Tankstelle Zürich Karte xxxx 4821;5541
LENA-000905;CH4400700110001234567;2025-02-10;2025-02-10;49.90;CHF;DBIT;PMNT-IDDT-ESDD;Sunrise GmbH;;;LSV Sunrise Mobile Abo;
LENA-000906;CH4400700110001234567;2025-02-10;2025-02-10;26.40;CHF;DBIT;PMNT-ICDT-ESCT;;;;TWINT *Sende an Jonas Frei;
LENA-000907;CH4400700110001234567;2025-02-10;2025-02-10;19.35;CHF;DBIT;PMNT-CCRD-POSD;Migros;;;Einkauf Migros Zürich Karte xxxx 4821;5411
LENA-000908;CH4400700110001234567;2025-02-10;2025-02-10;18.85;CHF;CRDT;PMNT-RCDT-ESCT;;;;TWINT *Empfangen von Anna Meier;
LENA-000909;CH4400700110001234567;2025-02-11;2025-02-11;16.00;CHF;DBIT;PMNT-CCRD-POSD;Migros;;;Einkauf Migros Zürich Karte xxxx 4821;5411
LENA-000910;CH4400700110001234567;2025-02-12;2025-02-12;44.50;CHF;DBIT;PMNT-CCRD-POSD;Restaurant Hiltl;;;Einkauf Restaurant Hiltl Zürich Karte xxxx 4821;5812
LENA-000911;CH4400700110001234567;2025-02-12;2025-02-12;18.90;CHF;DBIT;PMNT-CCRD-POSD;Netflix International B.V.;;;Einkauf NETFLIX.COM Karte xxxx 4821;4899
LENA-000912;CH4400700110001234567;2025-02-13;2025-02-13;107.45;CHF;DBIT;PMNT-CCRD-POSD;Migrol Tankstelle;;;Einkauf Migrol Tankstelle Zürich Karte xxxx 4821;5541
LENA-000913;CH4400700110001234567;2025-02-13;2025-02-13;91.80;CHF;DBIT;PMNT-CCRD-POSD;Lidl;;;Einkauf Lidl Winterthur Karte xxxx 4821;5411
LENA-000914;CH4400700110001234567;2025-02-14;2025-02-14;60.35;CHF;DBIT;PMNT-CCRD-POSD;ZVV Ticketautomat;;;Einkauf ZVV Ticketautomat Zürich Karte xxxx 4821;4111
LENA-000915;CH4400700110001234567;2025-02-14;2025-02-14;57.95;CHF;DBIT;PMNT-CCRD-POSD;Hallenbad City;;;Einkauf Hallenbad City Zürich Karte xxxx 4821;
LENA-000916;CH4400700110001234567;2025-02-17;2025-02-17;459.00;CHF;DBIT;PMNT-IDDT-ESDD;AMAG Leasing AG;;;Lastschrift Leasingvertrag 4410-2231 Rate;
LENA-000917;CH4400700110001234567;2025-02-17;2025-02-17;7.60;CHF;DBIT;PMNT-CCRD-POSD;;;;TWINT *Bäckerei Hug;
LENA-000918;CH4400700110001234567;2025-02-18;2025-02-18;13.95;CHF;DBIT;PMNT-CCRD-POSD;Spotify AB;;;Einkauf Spotify P2F4A1 Stockholm Karte xxxx 4821;5815
LENA-000919;CH4400700110001234567;2025-02-19;2025-02-19;120.00;CHF;DBIT;PMNT-CCRD-CWDL;;;;Bargeldbezug Postomat Zürich Wiedikon Karte xxxx 4821;6011
LENA-000920;CH4400700110001234567;2025-02-19;2025-02-19;23.70;CHF;DBIT;PMNT-CCRD-POSD;Lidl;;;Einkauf Lidl Zürich Karte xxxx 4821;5411
LENA-000921;CH4400700110001234567;2025-02-19;2025-02-19;20.00;CHF;DBIT;PMNT-CCRD-POSD;Aldi Suisse;;;Einkauf Aldi Suisse Zürich Karte xxxx 4821;5411
LENA-000922;CH4400700110001234567;2025-02-20;2025-02-20;412.00;CHF;DBIT;PMNT-ICDT-DMCT;Strassenverkehrsamt des Kantons Zürich;;;Zahlung Verkehrsabgaben ZH 123456;
LENA-000923;CH4400700110001234567;2025-02-20;2025-02-20;20.30;CHF;DBIT;PMNT-IDDT-ESDD;Viseca Card Services SA;;;Lastschrift Viseca Card Services SA Monatsrechnung 01/2025;
LENA-000924;CH4400700110001234567;2025-02-24;2025-02-24;255.35;CHF;DBIT;PMNT-CCRD-POSD;Decathlon;;;Einkauf Decathlon Zürich Karte xxxx 4821;5651
LENA-000925;CH4400700110001234567;2025-02-24;2025-02-24;160.00;CHF;DBIT;PMNT-CCRD-CWDL;;;;Bargeldbezug Bancomat ZKB Zürich HB Karte xxxx 4821;6011
LENA-000926;CH4400700110001234567;2025-02-24;2025-02-24;117.70;CHF;DBIT;PMNT-ICDT-ESCT;;;;TWINT *Sende an Sarah Keller;
LENA-000927;CH4400700110001234567;2025-02-24;2025-02-24;47.00;CHF;DBIT;PMNT-CCRD-POSD;Fantasywelt Zürich;;;Einkauf Fantasywelt Zürich Zürich Karte xxxx 4821;5945
LENA-000928;CH4400700110001234567;2025-02-24;2025-02-24;43.55;CHF;DBIT;PMNT-ICDT-ESCT;;;;TWINT *Sende an Jonas Frei;
LENA-000929;CH4400700110001234567;2025-02-25;2025-02-25;6926.11;CHF;CRDT;PMNT-RCDT-SALA;Limmat Data Solutions AG;CH9300762011623852957;;Gutschrift Lohn Februar 2025;
LENA-000930;CH4400700110001234567;2025-02-26;2025-02-26;500.00;CHF;DBIT;PMNT-ICDT-BOOK;;CH7100700110009876543;;Übertrag auf Sparkonto;
LENA-000931;CH4400700110001234567;2025-02-26;2025-02-26;54.05;CHF;DBIT;PMNT-CCRD-POSD;Galaxus;;;Einkauf Galaxus Zürich Karte xxxx 4821;5651
LENA-000932;CH7100700110009876543;2025-02-26;2025-02-26;500.00;CHF;CRDT;PMNT-RCDT-BOOK;;CH4400700110001234567;;Übertrag auf Sparkonto;
LENA-000933;CH4400700110001234567;2025-02-27;2025-02-27;90.20;CHF;DBIT;PMNT-CCRD-POSD;Coop;;;Einkauf Coop Winterthur Karte xxxx 4821;5411
LENA-000934;CH4400700110001234567;2025-02-28;2025-02-28;1020.00;CHF;DBIT;PMNT-ICDT-STDO;Steueramt der Stadt Zürich;;;Dauerauftrag Steuern Ratenzahlung;
LENA-000935;CH4400700110001234567;2025-02-28;2025-02-28;39.30;CHF;DBIT;PMNT-CCRD-POSD;Coop;;;Einkauf Coop Zürich HB Karte xxxx 4821;5411
LENA-000936;CH4400700110001234567;2025-02-28;2025-02-28;3.00;CHF;DBIT;ACMT-MDOP-CHRG;;;;Preis für Kontoführung;
LENA-000937;CH4400700110001234567;2025-03-03;2025-03-03;1890.00;CHF;DBIT;PMNT-ICDT-STDO;Immobilien Verwaltung Seefeld AG;;;Dauerauftrag Miete Wohnung Josefstrasse 12;
LENA-000938;CH4400700110001234567;2025-03-03;2025-03-03;150.00;CHF;DBIT;PMNT-ICDT-STDO;Immobilien Verwaltung Seefeld AG;;;Dauerauftrag Einstellplatz Nr. 17;
LENA-000939;CH4400700110001234567;2025-03-03;2025-03-03;120.00;CHF;DBIT;PMNT-CCRD-CWDL;;;;Bargeldbezug Bancomat UBS Stauffacher Karte xxxx 4821;6011
LENA-000940;CH4400700110001234567;2025-03-03;2025-03-03;89.00;CHF;DBIT;PMNT-IDDT-ESDD;Update Fitness AG;;;LSV Update Fitness Abo;
LENA-000941;CH4400700110001234567;2025-03-03;2025-03-03;88.05;CHF;DBIT;PMNT-CCRD-POSD;Aldi Suisse;;;Einkauf Aldi Suisse Winterthur Karte xxxx 4821;5411
LENA-000942;CH4400700110001234567;2025-03-03;2025-03-03;32.80;CHF;DBIT;PMNT-CCRD-POSD;Coop;;;Einkauf Coop Winterthur Karte xxxx 4821;5411
LENA-000943;CH4400700110001234567;2025-03-05;2025-03-05;408.10;CHF;DBIT;PMNT-IDDT-ESDD;Helsana Versicherungen AG;;;LSV Prämie Grundversicherung 03/2025;
LENA-000944;CH4400700110001234567;2025-03-06;2025-03-06;29.00;CHF;DBIT;PMNT-CCRD-POSD;Zalando;;;Einkauf Zalando Zürich Karte xxxx 4821;5651
LENA-000945;CH4400700110001234567;2025-03-06;2025-03-06;13.35;CHF;DBIT;PMNT-CCRD-POSD;ZVV Ticketautomat;;;Einkauf ZVV Ticketautomat Zürich Karte xxxx 4821;4111
LENA-000946;CH4400700110001234567;2025-03-07;2025-03-07;34.40;CHF;DBIT;PMNT-CCRD-POSD;SBB Mobile;;;Einkauf SBB Mobile Zürich Karte xxxx 4821;4111
LENA-000947;CH4400700110001234567;2025-03-10;2025-03-10;1380.00;CHF;DBIT;PMNT-ICDT-DMCT;AXA Versicherungen AG;;;Zahlung Motorfahrzeugversicherung Police 7.123.456;
LENA-000948;CH4400700110001234567;2025-03-10;2025-03-10;49.90;CHF;DBIT;PMNT-IDDT-ESDD;Sunrise GmbH;;;LSV Sunrise Mobile Abo;
LENA-000949;CH4400700110001234567;2025-03-10;2025-03-10;48.75;CHF;DBIT;PMNT-CCRD-POSD;Apotheke Bahnhof;;;Einkauf Apotheke Bahnhof Zürich Karte xxxx 4821;5912
LENA-000950;CH4400700110001234567;2025-03-10;2025-03-10;37.95;CHF;DBIT;PMNT-CCRD-POSD;Starbucks;;;Einkauf Starbucks Zürich Karte xxxx 4821;5812
LENA-000951;CH4400700110001234567;2025-03-10;2025-03-10;33.20;CHF;DBIT;PMNT-CCRD-POSD;Lidl;;;Einkauf Lidl Zürich Karte xxxx 4821;5411
LENA-000952;CH4400700110001234567;2025-03-10;2025-03-10;32.25;CHF;DBIT;PMNT-CCRD-POSD;Games Workshop Zürich;;;Einkauf Games Workshop Zürich Zürich Karte xxxx 4821;5945
LENA-000953;CH4400700110001234567;2025-03-10;2025-03-10;26.15;CHF;DBIT;PMNT-CCRD-POSD;;;;TWINT *Kafi Dihei;
LENA-000954;CH4400700110001234567;2025-03-10;2025-03-10;11.40;CHF;DBIT;PMNT-CCRD-POSD;Migros;;;Einkauf Migros Zürich Karte xxxx 4821;5411
LENA-000955;CH4400700110001234567;2025-03-12;2025-03-12;19.15;CHF;DBIT;PMNT-CCRD-POSD;ZVV Ticketautomat;;;Einkauf ZVV Ticketautomat Zürich Karte xxxx 4821;4111
LENA-000956;CH4400700110001234567;2025-03-12;2025-03-12;18.90;CHF;DBIT;PMNT-CCRD-POSD;Netflix International B.V.;;;Einkauf NETFLIX.COM Karte xxxx 4821;4899
LENA-000957;CH4400700110001234567;2025-03-14;2025-03-14;73.85;CHF;DBIT;PMNT-CCRD-POSD;Ticketcorner;;;Einkauf Ticketcorner Zürich Karte xxxx 4821;
LENA-000958;CH4400700110001234567;2025-03-14;2025-03-14;40.70;CHF;DBIT;PMNT-CCRD-POSD;Hallenbad City;;;Einkauf Hallenbad City Zürich Karte xxxx 4821;
LENA-000959;CH4400700110001234567;2025-03-14;2025-03-14;18.90;CHF;DBIT;PMNT-CCRD-POSD;;;;TWINT *Migros;
LENA-000960;CH4400700110001234567;2025-03-17;2025-03-17;459.00;CHF;DBIT;PMNT-IDDT-ESDD;AMAG Leasing AG;;;Lastschrift Leasingvertrag 4410-2231 Rate;
LENA-000961;CH4400700110001234567;2025-03-18;2025-03-18;28.85;CHF;DBIT;PMNT-CCRD-POSD;Kino Arena;;;Einkauf Kino Arena Zürich Karte xxxx 4821;
LENA-000962;CH4400700110001234567;2025-03-18;2025-03-18;13.95;CHF;DBIT;PMNT-CCRD-POSD;Spotify AB;;;Einkauf Spotify P2F4A1 Stockholm Karte xxxx 4821;5815
LENA-000963;CH4400700110001234567;2025-03-19;2025-03-19;96.75;CHF;DBIT;PMNT-CCRD-POSD;Migrol Tankstelle;;;Einkauf Migrol Tankstelle Zürich Karte xxxx 4821;5541
LENA-000964;CH4400700110001234567;2025-03-19;2025-03-19;55.90;CHF;DBIT;PMNT-CCRD-POSD;Sushi Mania;;;Einkauf Sushi Mania Zürich Karte xxxx 4821;5812
LENA-000965;CH4400700110001234567;2025-03-19;2025-03-19;30.20;CHF;DBIT;PMNT-ICDT-ESCT;;;;TWINT *Sende an Jonas Frei;
LENA-000966;CH4400700110001234567;2025-03-20;2025-03-20;687.65;CHF;DBIT;PMNT-IDDT-ESDD;Viseca Card Services SA;;;Lastschrift Viseca Card Services SA Monatsrechnung 02/2025;
LENA-000967;CH4400700110001234567;2025-03-20;2025-03-20;99.85;CHF;DBIT;PMNT-CCRD-POSD;BP Tankstelle;;;Einkauf BP Tankstelle Zürich Karte xxxx 4821;5541
LENA-000968;CH4400700110001234567;2025-03-20;2025-03-20;71.15;CHF;DBIT;PMNT-CCRD-POSD;Denner;;;Einkauf Denner Zürich Karte xxxx 4821;5411
LENA-000969;CH4400700110001234567;2025-03-21;2025-03-21;41.30;CHF;DBIT;PMNT-CCRD-POSD;Decathlon;;;Einkauf Decathlon Zürich Karte xxxx 4821;5651
LENA-000970;CH4400700110001234567;2025-03-21;2025-03-21;33.05;CHF;DBIT;PMNT-CCRD-POSD;Coop;;;Einkauf Coop Zürich HB Karte xxxx 4821;5411
LENA-000971;CH4400700110001234567;2025-03-24;2025-03-24;12.85;CHF;DBIT;PMNT-CCRD-POSD;;;;TWINT *Kafi Dihei;
LENA-000972;CH4400700110001234567;2025-03-25;2025-03-25;56.80;CHF;DBIT;PMNT-CCRD-POSD;IKEA;;;Einkauf IKEA Zürich Karte xxxx 4821;5651
LENA-000973;CH4400700110001234567;2025-03-25;2025-03-25;9.35;CHF;DBIT;PMNT-CCRD-POSD;;;;TWINT *Kafi Dihei;
LENA-000974;CH4400700110001234567;2025-03-25;2025-03-25;6926.11;CHF;CRDT;PMNT-RCDT-SALA;Limmat Data Solutions AG;CH9300762011623852957;;Gutschrift Lohn März 2025;
LENA-000975;CH4400700110001234567;2025-03-26;2025-03-26;500.00;CHF;DBIT;PMNT-ICDT-BOOK;;CH7100700110009876543;;Übertrag auf Sparkonto;
LENA-000976;CH4400700110001234567;2025-03-26;2025-03-26;33.00;CHF;DBIT;PMNT-CCRD-POSD;Starbucks;;;Einkauf Starbucks Zürich Karte xxxx 4821;5812
LENA-000977;CH4400700110001234567;2025-03-26;2025-03-26;21.70;CHF;DBIT;PMNT-ICDT-ESCT;;;;TWINT *Sende an Sarah Keller;
LENA-000978;CH7100700110009876543;2025-03-26;2025-03-26;500.00;CHF;CRDT;PMNT-RCDT-BOOK;;CH4400700110001234567;;Übertrag auf Sparkonto;
LENA-000979;CH4400700110001234567;2025-03-27;2025-03-27;74.60;CHF;DBIT;PMNT-CCRD-POSD;Tibits;;;Einkauf Tibits Zürich Karte xxxx 4821;5812
LENA-000980;CH4400700110001234567;2025-03-27;2025-03-27;14.15;CHF;DBIT;PMNT-CCRD-POSD;ZVV Ticketautomat;;;Einkauf ZVV Ticketautomat Zürich Karte xxxx 4821;4111
LENA-000981;CH4400700110001234567;2025-03-28;2025-03-28;1020.00;CHF;DBIT;PMNT-ICDT-STDO;Steueramt der Stadt Zürich;;;Dauerauftrag Steuern Ratenzahlung;
LENA-000982;CH4400700110001234567;2025-03-28;2025-03-28;68.25;CHF;DBIT;PMNT-CCRD-POSD;Aldi Suisse;;;Einkauf Aldi Suisse Winterthur Karte xxxx 4821;5411
LENA-000983;CH4400700110001234567;2025-03-28;2025-03-28;3.00;CHF;DBIT;ACMT-MDOP-CHRG;;;;Preis für Kontoführung;
LENA-000984;CH4400700110001234567;2025-04-01;2025-04-01;1890.00;CHF;DBIT;PMNT-ICDT-STDO;Immobilien Verwaltung Seefeld AG;;;Dauerauftrag Miete Wohnung Josefstrasse 12;
LENA-000985;CH4400700110001234567;2025-04-01;2025-04-01;150.00;CHF;DBIT;PMNT-ICDT-STDO;Immobilien Verwaltung Seefeld AG;;;Dauerauftrag Einstellplatz Nr. 17;
LENA-000986;CH4400700110001234567;2025-04-01;2025-04-01;15.20;CHF;DBIT;PMNT-CCRD-POSD;Tibits;;;Einkauf Tibits Zürich Karte xxxx 4821;5812
LENA-000987;CH4400700110001234567;2025-04-02;2025-04-02;11.60;CHF;DBIT;PMNT-CCRD-POSD;Parkingpay;;;Einkauf Parkingpay Zürich Karte xxxx 4821;
LENA-000988;CH4400700110001234567;2025-04-03;2025-04-03;89.00;CHF;DBIT;PMNT-IDDT-ESDD;Update Fitness AG;;;LSV Update Fitness Abo;
LENA-000989;CH4400700110001234567;2025-04-07;2025-04-07;408.10;CHF;DBIT;PMNT-IDDT-ESDD;Helsana Versicherungen AG;;;LSV Prämie Grundversicherung 04/2025;
LENA-000990;CH4400700110001234567;2025-04-07;2025-04-07;60.65;CHF;DBIT;PMNT-CCRD-POSD;Fantasywelt Zürich;;;Einkauf Fantasywelt Zürich Zürich Karte xxxx 4821;5945
LENA-000991;CH4400700110001234567;2025-04-07;2025-04-07;54.30;CHF;DBIT;PMNT-CCRD-POSD;Starbucks;;;Einkauf Starbucks Zürich Karte xxxx 4821;5812
LENA-000992;CH4400700110001234567;2025-04-08;2025-04-08;49.90;CHF;DBIT;PMNT-IDDT-ESDD;Sunrise GmbH;;;LSV Sunrise Mobile Abo;
LENA-000993;CH4400700110001234567;2025-04-08;2025-04-08;48.15;CHF;DBIT;PMNT-CCRD-POSD;Aldi Suisse;;;Einkauf Aldi Suisse Winterthur Karte xxxx 4821;5411
LENA-000994;CH4400700110001234567;2025-04-08;2025-04-08;8.80;CHF;DBIT;PMNT-CCRD-POSD;Parkhaus Urania;;;Einkauf Parkhaus Urania Zürich Karte xxxx 4821;
LENA-000995;CH4400700110001234567;2025-04-14;2025-04-14;785.35;CHF;DBIT;PMNT-ICDT-DMCT;Garage Wiedikon AG;;;Zahlung Rechnung Service und Reifenwechsel;
LENA-000996;CH4400700110001234567;2025-04-14;2025-04-14;335.00;CHF;DBIT;PMNT-ICDT-DMCT;Serafe AG;;;Zahlung Radio- und Fernsehabgabe 2025;
LENA-000997;CH4400700110001234567;2025-04-14;2025-04-14;23.00;CHF;DBIT;PMNT-CCRD-POSD;;;;TWINT *Kafi Dihei;
LENA-000998;CH4400700110001234567;2025-04-14;2025-04-14;20.90;CHF;DBIT;PMNT-CCRD-POSD;Netflix International B.V.;;;Einkauf NETFLIX.COM Karte xxxx 4821;4899
LENA-000999;CH4400700110001234567;2025-04-14;2025-04-14;14.00;CHF;DBIT;PMNT-CCRD-POSD;Parkhaus Urania;;;Einkauf Parkhaus Urania Zürich Karte xxxx 4821;
LENA-001000;CH4400700110001234567;2025-04-15;2025-04-15;459.00;CHF;DBIT;PMNT-IDDT-ESDD;AMAG Leasing AG;;;Lastschrift Leasingvertrag 4410-2231 Rate;
LENA-001001;CH4400700110001234567;2025-04-16;2025-04-16;99.90;CHF;DBIT;PMNT-CCRD-POSD;Aldi Suisse;;;Einkauf Aldi Suisse Zürich HB Karte xxxx 4821;5411
LENA-001002;CH4400700110001234567;2025-04-16;2025-04-16;17.70;CHF;DBIT;PMNT-CCRD-POSD;SBB Mobile;;;Einkauf SBB Mobile Zürich Karte xxxx 4821;4111
LENA-001003;CH4400700110001234567;2025-04-18;2025-04-18;103.95;CHF;DBIT;PMNT-CCRD-POSD;Lidl;;;Einkauf Lidl Zürich Karte xxxx 4821;5411
LENA-001004;CH4400700110001234567;2025-04-18;2025-04-18;20.30;CHF;DBIT;PMNT-CCRD-POSD;Zeughauskeller;;;Einkauf Zeughauskeller Zürich Karte xxxx 4821;5812
LENA-001005;CH4400700110001234567;2025-04-18;2025-04-18;13.95;CHF;DBIT;PMNT-CCRD-POSD;Spotify AB;;;Einkauf Spotify P2F4A1 Stockholm Karte xxxx 4821;5815
LENA-001006;CH4400700110001234567;2025-04-21;2025-04-21;917.70;CHF;DBIT;PMNT-CCRD-POSD;Decathlon;;;Einkauf Decathlon Zürich Karte xxxx 4821;5651
LENA-001007;CH4400700110001234567;2025-04-21;2025-04-21;94.25;CHF;DBIT;PMNT-IDDT-ESDD;Viseca Card Services SA;;;Lastschrift Viseca Card Services SA Monatsrechnung 03/2025;
LENA-001008;CH4400700110001234567;2025-04-21;2025-04-21;81.00;CHF;DBIT;PMNT-CCRD-POSD;Coop Pronto Tankstelle;;;Einkauf Coop Pronto Tankstelle Zürich Karte xxxx 4821;5541
LENA-001009;CH4400700110001234567;2025-04-21;2025-04-21;55.40;CHF;DBIT;PMNT-CCRD-POSD;Tibits;;;Einkauf Tibits Zürich Karte xxxx 4821;5812
LENA-001010;CH4400700110001234567;2025-04-21;2025-04-21;51.40;CHF;DBIT;PMNT-CCRD-POSD;Restaurant Hiltl;;;Einkauf Restaurant Hiltl Zürich Karte xxxx 4821;5812
LENA-001011;CH4400700110001234567;2025-04-21;2025-04-21;44.65;CHF;DBIT;PMNT-CCRD-POSD;Tibits;;;Einkauf Tibits Zürich Karte xxxx 4821;5812
LENA-001012;CH4400700110001234567;2025-04-21;2025-04-21;39.20;CHF;DBIT;PMNT-CCRD-POSD;Manor;;;Einkauf Manor Zürich Karte xxxx 4821;5651
LENA-001013;CH4400700110001234567;2025-04-21;2025-04-21;26.75;CHF;DBIT;PMNT-CCRD-POSD;Parkingpay;;;Einkauf Parkingpay Zürich Karte xxxx 4821;
LENA-001014;CH4400700110001234567;2025-04-21;2025-04-21;13.95;CHF;DBIT;PMNT-CCRD-POSD;;;;TWINT *Kafi Dihei;
LENA-001015;CH4400700110001234567;2025-04-21;2025-04-21;24.30;CHF;CRDT;PMNT-RCDT-ESCT;;;;TWINT *Empfangen von Anna Meier;
LENA-001016;CH4400700110001234567;2025-04-22;2025-04-22;90.50;CHF;DBIT;PMNT-IDDT-ESDD;ewz Elektrizitätswerk der Stadt Zürich;;;LSV Stromrechnung;
LENA-001017;CH4400700110001234567;2025-04-22;2025-04-22;25.50;CHF;DBIT;PMNT-CCRD-POSD;Aldi Suisse;;;Einkauf Aldi Suisse Winterthur Karte xxxx 4821;5411
LENA-001018;CH4400700110001234567;2025-04-23;2025-04-23;23.00;CHF;DBIT;PMNT-CCRD-POSD;Aldi Suisse;;;Einkauf Aldi Suisse Winterthur Karte xxxx 4821;5411
LENA-001019;CH4400700110001234567;2025-04-23;2025-04-23;12.25;CHF;DBIT;PMNT-CCRD-POSD;ZVV Ticketautomat;;;Einkauf ZVV Ticketautomat Zürich Karte xxxx 4821;4111
LENA-001020;CH4400700110001234567;2025-04-25;2025-04-25;48.25;CHF;DBIT;PMNT-CCRD-POSD;Aldi Suisse;;;Einkauf Aldi Suisse Zürich HB Karte xxxx 4821;5411
LENA-001021;CH4400700110001234567;2025-04-25;2025-04-25;6926.11;CHF;CRDT;PMNT-RCDT-SALA;Limmat Data Solutions AG;CH9300762011623852957;;Gutschrift Lohn April 2025;
LENA-001022;CH4400700110001234567;2025-04-28;2025-04-28;1020.00;CHF;DBIT;PMNT-ICDT-STDO;Steueramt der Stadt Zürich;;;Dauerauftrag Steuern Ratenzahlung;
LENA-001023;CH4400700110001234567;2025-04-28;2025-04-28;500.00;CHF;DBIT;PMNT-ICDT-BOOK;;CH7100700110009876543;;Übertrag auf Sparkonto;
LENA-001024;CH4400700110001234567;2025-04-28;2025-04-28;108.75;CHF;DBIT;PMNT-CCRD-POSD;Shell;;;Einkauf Shell Zürich Karte xxxx 4821;5541
LENA-001025;CH4400700110001234567;2025-04-28;2025-04-28;96.40;CHF;DBIT;PMNT-CCRD-POSD;Lidl;;;Einkauf Lidl Winterthur Karte xxxx 4821;5411
LENA-001026;CH4400700110001234567;2025-04-28;2025-04-28;50.70;CHF;DBIT;PMNT-CCRD-POSD;Games Workshop Zürich;;;Einkauf Games Workshop Zürich Zürich Karte xxxx 4821;5945
LENA-001027;CH4400700110001234567;2025-04-28;2025-04-28;42.75;CHF;DBIT;PMNT-CCRD-POSD;SBB Mobile;;;Einkauf SBB Mobile Zürich Karte xxxx 4821;4111
LENA-001028;CH4400700110001234567;2025-04-28;2025-04-28;15.00;CHF;DBIT;PMNT-CCRD-POSD;;;;TWINT *Kafi Dihei;
LENA-001029;CH4400700110001234567;2025-04-28;2025-04-28;8.15;CHF;DBIT;PMNT-CCRD-POSD;Parkhaus Urania;;;Einkauf Parkhaus Urania Zürich Karte xxxx 4821;
LENA-001030;CH4400700110001234567;2025-04-28;2025-04-28;3.00;CHF;DBIT;ACMT-MDOP-CHRG;;;;Preis für Kontoführung;
LENA-001031;CH7100700110009876543;2025-04-28;2025-04-28;500.00;CHF;CRDT;PMNT-RCDT-BOOK;;CH4400700110001234567;;Übertrag auf Sparkonto;
LENA-001032;CH4400700110001234567;2025-05-01;2025-05-01;1890.00;CHF;DBIT;PMNT-ICDT-STDO;Immobilien Verwaltung Seefeld AG;;;Dauerauftrag Miete Wohnung Josefstrasse 12;
LENA-001033;CH4400700110001234567;2025-05-01;2025-05-01;150.00;CHF;DBIT;PMNT-ICDT-STDO;Immobilien Verwaltung Seefeld AG;;;Dauerauftrag Einstellplatz Nr. 17;
LENA-001034;CH4400700110001234567;2025-05-01;2025-05-01;130.80;CHF;DBIT;PMNT-CCRD-POSD;BP Tankstelle;;;Einkauf BP Tankstelle Zürich Karte xxxx 4821;5541
LENA-001035;CH4400700110001234567;2025-05-01;2025-05-01;38.80;CHF;DBIT;PMNT-CCRD-POSD;Starbucks;;;Einkauf Starbucks Zürich Karte xxxx 4821;5812
LENA-001036;CH4400700110001234567;2025-05-02;2025-05-02;44.05;CHF;DBIT;PMNT-ICDT-ESCT;;;;TWINT *Sende an Luca Bernasconi;
LENA-001037;CH4400700110001234567;2025-05-05;2025-05-05;408.10;CHF;DBIT;PMNT-IDDT-ESDD;Helsana Versicherungen AG;;;LSV Prämie Grundversicherung 05/2025;
LENA-001038;CH4400700110001234567;2025-05-05;2025-05-05;122.75;CHF;DBIT;PMNT-CCRD-POSD;Shell;;;Einkauf Shell Zürich Karte xxxx 4821;5541
LENA-001039;CH4400700110001234567;2025-05-05;2025-05-05;97.20;CHF;DBIT;PMNT-CCRD-POSD;Tibits;;;Einkauf Tibits Zürich Karte xxxx 4821;5812
LENA-001040;CH4400700110001234567;2025-05-05;2025-05-05;89.00;CHF;DBIT;PMNT-IDDT-ESDD;Update Fitness AG;;;LSV Update Fitness Abo;
LENA-001041;CH4400700110001234567;2025-05-05;2025-05-05;66.80;CHF;DBIT;PMNT-CCRD-POSD;Tibits;;;Einkauf Tibits Zürich Karte xxxx 4821;5812
LENA-001042;CH4400700110001234567;2025-05-05;2025-05-05;29.90;CHF;DBIT;PMNT-CCRD-POSD;Orell Füssli;;;Einkauf Orell Füssli Zürich Karte xxxx 4821;
LENA-001043;CH4400700110001234567;2025-05-05;2025-05-05;25.40;CHF;DBIT;PMNT-CCRD-POSD;SBB Mobile;;;Einkauf SBB Mobile Zürich Karte xxxx 4821;4111
LENA-001044;CH4400700110001234567;2025-05-05;2025-05-05;5.55;CHF;DBIT;PMNT-CCRD-POSD;ZVV Ticketautomat;;;Einkauf ZVV Ticketautomat Zürich Karte xxxx 4821;4111
LENA-001045;CH4400700110001234567;2025-05-06;2025-05-06;79.00;CHF;DBIT;PMNT-CCRD-POSD;BP Tankstelle;;;Einkauf BP Tankstelle Zürich Karte xxxx 4821;5541
LENA-001046;CH4400700110001234567;2025-05-06;2025-05-06;65.60;CHF;DBIT;PMNT-CCRD-POSD;Coiffeur Seefeld;;;Einkauf Coiffeur Seefeld Zürich Karte xxxx 4821;
LENA-001047;CH4400700110001234567;2025-05-07;2025-05-07;78.60;CHF;DBIT;PMNT-CCRD-POSD;Coiffeur Seefeld;;;Einkauf Coiffeur Seefeld Zürich Karte xxxx 4821;
LENA-001048;CH4400700110001234567;2025-05-08;2025-05-08;49.90;CHF;DBIT;PMNT-IDDT-ESDD;Sunrise GmbH;;;LSV Sunrise Mobile Abo;
LENA-001049;CH4400700110001234567;2025-05-08;2025-05-08;24.35;CHF;DBIT;PMNT-ICDT-ESCT;;;;TWINT *Sende an Luca Bernasconi;
LENA-001050;CH4400700110001234567;2025-05-08;2025-05-08;14.45;CHF;DBIT;PMNT-CCRD-POSD;Kino Arena;;;Einkauf Kino Arena Zürich Karte xxxx 4821;
LENA-001051;CH4400700110001234567;2025-05-09;2025-05-09;47.10;CHF;DBIT;PMNT-CCRD-POSD;Lidl;;;Einkauf Lidl Zürich Karte xxxx 4821;5411
LENA-001052;CH4400700110001234567;2025-05-09;2025-05-09;39.35;CHF;DBIT;PMNT-CCRD-POSD;Tibits;;;Einkauf Tibits Zürich Karte xxxx 4821;5812
LENA-001053;CH4400700110001234567;2025-05-09;2025-05-09;21.15;CHF;DBIT;PMNT-CCRD-POSD;Coop;;;Einkauf Coop Zürich HB Karte xxxx 4821;5411
LENA-001054;CH4400700110001234567;2025-05-09;2025-05-09;3.75;CHF;DBIT;PMNT-CCRD-POSD;ZVV Ticketautomat;;;Einkauf ZVV Ticketautomat Zürich Karte xxxx 4821;4111
LENA-001055;CH4400700110001234567;2025-05-12;2025-05-12;51.10;CHF;DBIT;PMNT-CCRD-POSD;Coiffeur Seefeld;;;Einkauf Coiffeur Seefeld Zürich Karte xxxx 4821;
LENA-001056;CH4400700110001234567;2025-05-12;2025-05-12;41.75;CHF;DBIT;PMNT-CCRD-POSD;Decathlon;;;Einkauf Decathlon Zürich Karte xxxx 4821;5651
LENA-001057;CH4400700110001234567;2025-05-12;2025-05-12;20.90;CHF;DBIT;PMNT-CCRD-POSD;Netflix International B.V.;;;Einkauf NETFLIX.COM Karte xxxx 4821;4899
LENA-001058;CH4400700110001234567;2025-05-14;2025-05-14;86.95;CHF;DBIT;PMNT-CCRD-POSD;H&M;;;Einkauf H&M Zürich Karte xxxx 4821;5651
LENA-001059;CH4400700110001234567;2025-05-15;2025-05-15;459.00;CHF;DBIT;PMNT-IDDT-ESDD;AMAG Leasing AG;;;Lastschrift Leasingvertrag 4410-2231 Rate;
LENA-001060;CH4400700110001234567;2025-05-19;2025-05-19;51.70;CHF;DBIT;PMNT-CCRD-POSD;Denner;;;Einkauf Denner Winterthur Karte xxxx 4821;5411
LENA-001061;CH4400700110001234567;2025-05-19;2025-05-19;15.60;CHF;DBIT;PMNT-CCRD-POSD;Orell Füssli;;;Einkauf Orell Füssli Zürich Karte xxxx 4821;
LENA-001062;CH4400700110001234567;2025-05-19;2025-05-19;13.95;CHF;DBIT;PMNT-CCRD-POSD;Spotify AB;;;Einkauf Spotify P2F4A1 Stockholm Karte xxxx 4821;5815
LENA-001063;CH4400700110001234567;2025-05-19;2025-05-19;8.55;CHF;DBIT;PMNT-CCRD-POSD;ZVV Ticketautomat;;;Einkauf ZVV Ticketautomat Zürich Karte xxxx 4821;4111
LENA-001064;CH4400700110001234567;2025-05-20;2025-05-20;260.25;CHF;DBIT;PMNT-IDDT-ESDD;Viseca Card Services SA;;;Lastschrift Viseca Card Services SA Monatsrechnung 04/2025;
LENA-001065;CH4400700110001234567;2025-05-21;2025-05-21;29.05;CHF;DBIT;PMNT-ICDT-ESCT;;;;TWINT *Sende an Sarah Keller;
LENA-001066;CH4400700110001234567;2025-05-21;2025-05-21;14.05;CHF;DBIT;PMNT-CCRD-POSD;Parkhaus Urania;;;Einkauf Parkhaus Urania Zürich Karte xxxx 4821;
LENA-001067;CH4400700110001234567;2025-05-22;2025-05-22;10.25;CHF;DBIT;PMNT-CCRD-POSD;ZVV Ticketautomat;;;Einkauf ZVV Ticketautomat Zürich Karte xxxx 4821;4111
LENA-001068;CH4400700110001234567;2025-05-23;2025-05-23;84.05;CHF;DBIT;PMNT-CCRD-POSD;BP Tankstelle;;;Einkauf BP Tankstelle Zürich Karte xxxx 4821;5541
LENA-001069;CH4400700110001234567;2025-05-23;2025-05-23;68.80;CHF;DBIT;PMNT-CCRD-POSD;Lidl;;;Einkauf Lidl Winterthur Karte xxxx 4821;5411
LENA-001070;CH4400700110001234567;2025-05-23;2025-05-23;10.30;CHF;DBIT;PMNT-CCRD-POSD;Parkhaus Urania;;;Einkauf Parkhaus Urania Zürich Karte xxxx 4821;
LENA-001071;CH4400700110001234567;2025-05-26;2025-05-26;500.00;CHF;DBIT;PMNT-ICDT-BOOK;;CH7100700110009876543;;Übertrag auf Sparkonto;
LENA-001072;CH4400700110001234567;2025-05-26;2025-05-26;64.85;CHF;DBIT;PMNT-CCRD-POSD;Migros;;;Einkauf Migros Winterthur Karte xxxx 4821;5411
LENA-001073;CH4400700110001234567;2025-05-26;2025-05-26;31.05;CHF;DBIT;PMNT-CCRD-POSD;Lidl;;;Einkauf Lidl Winterthur Karte xxxx 4821;5411
LENA-001074;CH4400700110001234567;2025-05-26;2025-05-26;22.75;CHF;DBIT;PMNT-ICDT-ESCT;;;;TWINT *Sende an Jonas Frei;
LENA-001075;CH4400700110001234567;2025-05-26;2025-05-26;21.55;CHF;DBIT;PMNT-CCRD-POSD;Games Workshop Zürich;;;Einkauf Games Workshop Zürich Zürich Karte xxxx 4821;5945
LENA-001076;CH4400700110001234567;2025-05-26;2025-05-26;19.90;CHF;DBIT;PMNT-CCRD-POSD;Fantasywelt Zürich;;;Einkauf Fantasywelt Zürich Zürich Karte xxxx 4821;5945
LENA-001077;CH4400700110001234567;2025-05-26;2025-05-26;14.25;CHF;DBIT;PMNT-CCRD-POSD;Migros;;;Einkauf Migros Winterthur Karte xxxx 4821;5411
LENA-001078;CH4400700110001234567;2025-05-26;2025-05-26;6926.11;CHF;CRDT;PMNT-RCDT-SALA;Limmat Data Solutions AG;CH9300762011623852957;;Gutschrift Lohn Mai 2025;
LENA-001079;CH7100700110009876543;2025-05-26;2025-05-26;500.00;CHF;CRDT;PMNT-RCDT-BOOK;;CH4400700110001234567;;Übertrag auf Sparkonto;
LENA-001080;CH4400700110001234567;2025-05-27;2025-05-27;17.85;CHF;DBIT;PMNT-CCRD-POSD;Sushi Mania;;;Einkauf Sushi Mania Zürich Karte xxxx 4821;5812
LENA-001081;CH4400700110001234567;2025-05-27;2025-05-27;3.65;CHF;DBIT;PMNT-CCRD-POSD;ZVV Ticketautomat;;;Einkauf ZVV Ticketautomat Zürich Karte xxxx 4821;4111
LENA-001082;CH4400700110001234567;2025-05-28;2025-05-28;1020.00;CHF;DBIT;PMNT-ICDT-STDO;Steueramt der Stadt Zürich;;;Dauerauftrag Steuern Ratenzahlung;
LENA-001083;CH4400700110001234567;2025-05-28;2025-05-28;21.25;CHF;DBIT;PMNT-CCRD-POSD;;;;TWINT *Migros;
LENA-001084;CH4400700110001234567;2025-05-28;2025-05-28;3.00;CHF;DBIT;ACMT-MDOP-CHRG;;;;Preis für Kontoführung;
LENA-001085;CH4400700110001234567;2025-06-02;2025-06-02;1890.00;CHF;DBIT;PMNT-ICDT-STDO;Immobilien Verwaltung Seefeld AG;;;Dauerauftrag Miete Wohnung Josefstrasse 12;
LENA-001086;CH4400700110001234567;2025-06-02;2025-06-02;150.00;CHF;DBIT;PMNT-ICDT-STDO;Immobilien Verwaltung Seefeld AG;;;Dauerauftrag Einstellplatz Nr. 17;
LENA-001087;CH4400700110001234567;2025-06-02;2025-06-02;10.25;CHF;DBIT;PMNT-CCRD-POSD;ZVV Ticketautomat;;;Einkauf ZVV Ticketautomat Zürich Karte xxxx 4821;4111
LENA-001088;CH4400700110001234567;2025-06-03;2025-06-03;89.00;CHF;DBIT;PMNT-IDDT-ESDD;Update Fitness AG;;;LSV Update Fitness Abo;
LENA-001089;CH4400700110001234567;2025-06-04;2025-06-04;18.40;CHF;DBIT;PMNT-CCRD-POSD;Coop;;;Einkauf Coop Zürich HB Karte xxxx 4821;5411
LENA-001090;CH4400700110001234567;2025-06-04;2025-06-04;6.95;CHF;DBIT;PMNT-CCRD-POSD;ZVV Ticketautomat;;;Einkauf ZVV Ticketautomat Zürich Karte xxxx 4821;4111
LENA-001091;CH4400700110001234567;2025-06-05;2025-06-05;408.10;CHF;DBIT;PMNT-IDDT-ESDD;Helsana Versicherungen AG;;;LSV Prämie Grundversicherung 06/2025;
LENA-001092;CH4400700110001234567;2025-06-05;2025-06-05;77.35;CHF;DBIT;PMNT-CCRD-POSD;Aldi Suisse;;;Einkauf Aldi Suisse Zürich HB Karte xxxx 4821;5411
LENA-001093;CH4400700110001234567;2025-06-09;2025-06-09;140.00;CHF;DBIT;PMNT-CCRD-CWDL;;;;Bargeldbezug Postomat Zürich Wiedikon Karte xxxx 4821;6011
LENA-001094;CH4400700110001234567;2025-06-09;2025-06-09;49.90;CHF;DBIT;PMNT-IDDT-ESDD;Sunrise GmbH;;;LSV Sunrise Mobile Abo;
LENA-001095;CH4400700110001234567;2025-06-10;2025-06-10;45.60;CHF;DBIT;PMNT-CCRD-POSD;Aldi Suisse;;;Einkauf Aldi Suisse Zürich HB Karte xxxx 4821;5411
LENA-001096;CH4400700110001234567;2025-06-10;2025-06-10;34.55;CHF;DBIT;PMNT-CCRD-POSD;Denner;;;Einkauf Denner Zürich HB Karte xxxx 4821;5411
LENA-001097;CH4400700110001234567;2025-06-12;2025-06-12;374.35;CHF;DBIT;PMNT-CCRD-POSD;Decathlon;;;Einkauf Decathlon Zürich Karte xxxx 4821;5651
LENA-001098;CH4400700110001234567;2025-06-12;2025-06-12;20.90;CHF;DBIT;PMNT-CCRD-POSD;Netflix International B.V.;;;Einkauf NETFLIX.COM Karte xxxx 4821;4899
LENA-001099;CH4400700110001234567;2025-06-13;2025-06-13;125.75;CHF;DBIT;PMNT-CCRD-POSD;Aldi Suisse;;;Einkauf Aldi Suisse Zürich HB Karte xxxx 4821;5411
LENA-001100;CH4400700110001234567;2025-06-16;2025-06-16;649.70;CHF;DBIT;PMNT-ICDT-DMCT;Steueramt der Stadt Zürich;;;Zahlung Schlussrechnung Staats- und Gemeindesteuern;
LENA-001101;CH4400700110001234567;2025-06-16;2025-06-16;459.00;CHF;DBIT;PMNT-IDDT-ESDD;AMAG Leasing AG;;;Lastschrift Leasingvertrag 4410-2231 Rate;
LENA-001102;CH4400700110001234567;2025-06-16;2025-06-16;100.00;CHF;DBIT;PMNT-CCRD-CWDL;;;;Bargeldbezug Bancomat ZKB Zürich HB Karte xxxx 4821;6011
LENA-001103;CH4400700110001234567;2025-06-16;2025-06-16;4.35;CHF;DBIT;PMNT-CCRD-POSD;ZVV Ticketautomat;;;Einkauf ZVV Ticketautomat Zürich Karte xxxx 4821;4111
LENA-001104;CH4400700110001234567;2025-06-17;2025-06-17;86.45;CHF;DBIT;PMNT-CCRD-POSD;BP Tankstelle;;;Einkauf BP Tankstelle Zürich Karte xxxx 4821;5541
LENA-001105;CH4400700110001234567;2025-06-18;2025-06-18;13.95;CHF;DBIT;PMNT-CCRD-POSD;Spotify AB;;;Einkauf Spotify P2F4A1 Stockholm Karte xxxx 4821;5815
LENA-001106;CH4400700110001234567;2025-06-19;2025-06-19;35.80;CHF;DBIT;PMNT-CCRD-POSD;Lidl;;;Einkauf Lidl Winterthur Karte xxxx 4821;5411
LENA-001107;CH4400700110001234567;2025-06-19;2025-06-19;15.45;CHF;DBIT;PMNT-CCRD-POSD;Games Workshop Zürich;;;Einkauf Games Workshop Zürich Zürich Karte xxxx 4821;5945
LENA-001108;CH4400700110001234567;2025-06-19;2025-06-19;30.95;CHF;CRDT;PMNT-RCDT-ESCT;;;;TWINT *Empfangen von Jonas Frei;
LENA-001109;CH4400700110001234567;2025-06-20;2025-06-20;205.15;CHF;DBIT;PMNT-IDDT-ESDD;Viseca Card Services SA;;;Lastschrift Viseca Card Services SA Monatsrechnung 05/2025;
LENA-001110;CH4400700110001234567;2025-06-20;2025-06-20;35.20;CHF;DBIT;PMNT-CCRD-POSD;Hallenbad City;;;Einkauf Hallenbad City Zürich Karte xxxx 4821;
LENA-001111;CH4400700110001234567;2025-06-23;2025-06-23;120.00;CHF;DBIT;PMNT-CCRD-CWDL;;;;Bargeldbezug Postomat Zürich Wiedikon Karte xxxx 4821;6011
LENA-001112;CH4400700110001234567;2025-06-23;2025-06-23;77.35;CHF;DBIT;PMNT-CCRD-POSD;Socar Tankstelle;;;Einkauf Socar Tankstelle Zürich Karte xxxx 4821;5541
LENA-001113;CH4400700110001234567;2025-06-23;2025-06-23;74.90;CHF;DBIT;PMNT-CCRD-POSD;Migrol Tankstelle;;;Einkauf Migrol Tankstelle Zürich Karte xxxx 4821;5541
LENA-001114;CH4400700110001234567;2025-06-23;2025-06-23;62.60;CHF;DBIT;PMNT-CCRD-POSD;Starbucks;;;Einkauf Starbucks Zürich Karte xxxx 4821;5812
LENA-001115;CH4400700110001234567;2025-06-23;2025-06-23;38.25;CHF;DBIT;PMNT-ICDT-ESCT;;;;TWINT *Sende an Jonas Frei;
LENA-001116;CH4400700110001234567;2025-06-23;2025-06-23;32.45;CHF;DBIT;PMNT-CCRD-POSD;Coop;;;Einkauf Coop Winterthur Karte xxxx 4821;5411
LENA-001117;CH4400700110001234567;2025-06-23;2025-06-23;3.85;CHF;DBIT;PMNT-CCRD-POSD;SBB Mobile;;;Einkauf SBB Mobile Zürich Karte xxxx 4821;4111
LENA-001118;CH4400700110001234567;2025-06-24;2025-06-24;56.50;CHF;DBIT;PMNT-ICDT-ESCT;;;;TWINT *Sende an Luca Bernasconi;
LENA-001119;CH4400700110001234567;2025-06-24;2025-06-24;41.65;CHF;DBIT;PMNT-CCRD-POSD;Aldi Suisse;;;Einkauf Aldi Suisse Zürich Karte xxxx 4821;5411
LENA-001120;CH4400700110001234567;2025-06-25;2025-06-25;93.70;CHF;DBIT;PMNT-CCRD-POSD;Lidl;;;Einkauf Lidl Zürich Karte xxxx 4821;5411
LENA-001121;CH4400700110001234567;2025-06-25;2025-06-25;11.40;CHF;DBIT;PMNT-CCRD-POSD;Parkhaus Urania;;;Einkauf Parkhaus Urania Zürich Karte xxxx 4821;
LENA-001122;CH4400700110001234567;2025-06-25;2025-06-25;6926.11;CHF;CRDT;PMNT-RCDT-SALA;Limmat Data Solutions AG;CH9300762011623852957;;Gutschrift Lohn Juni 2025;
LENA-001123;CH4400700110001234567;2025-06-26;2025-06-26;500.00;CHF;DBIT;PMNT-ICDT-BOOK;;CH7100700110009876543;;Übertrag auf Sparkonto;
LENA-001124;CH4400700110001234567;2025-06-26;2025-06-26;13.15;CHF;DBIT;PMNT-CCRD-POSD;ZVV Ticketautomat;;;Einkauf ZVV Ticketautomat Zürich Karte xxxx 4821;4111
LENA-001125;CH7100700110009876543;2025-06-26;2025-06-26;500.00;CHF;CRDT;PMNT-RCDT-BOOK;;CH4400700110001234567;;Übertrag auf Sparkonto;
LENA-001126;CH4400700110001234567;2025-06-27;2025-06-27;19.25;CHF;DBIT;PMNT-ICDT-ESCT;;;;TWINT *Sende an Jonas Frei;
LENA-001127;CH4400700110001234567;2025-06-30;2025-06-30;1020.00;CHF;DBIT;PMNT-ICDT-STDO;Steueramt der Stadt Zürich;;;Dauerauftrag Steuern Ratenzahlung;
LENA-001128;CH4400700110001234567;2025-06-30;2025-06-30;66.95;CHF;DBIT;PMNT-CCRD-POSD;Denner;;;Einkauf Denner Winterthur Karte xxxx 4821;5411
LENA-001129;CH4400700110001234567;2025-06-30;2025-06-30;51.50;CHF;DBIT;PMNT-CCRD-POSD;H&M;;;Einkauf H&M Zürich Karte xxxx 4821;5651
LENA-001130;CH4400700110001234567;2025-06-30;2025-06-30;50.45;CHF;DBIT;PMNT-CCRD-POSD;Tibits;;;Einkauf Tibits Zürich Karte xxxx 4821;5812
LENA-001131;CH4400700110001234567;2025-06-30;2025-06-30;30.35;CHF;DBIT;PMNT-CCRD-POSD;Galaxus;;;Einkauf Galaxus Zürich Karte xxxx 4821;5651
LENA-001132;CH4400700110001234567;2025-06-30;2025-06-30;3.00;CHF;DBIT;ACMT-MDOP-CHRG;;;;Preis für Kontoführung;
LENA-001133;CH4400700110001234567;2025-07-01;2025-07-01;1890.00;CHF;DBIT;PMNT-ICDT-STDO;Immobilien Verwaltung Seefeld AG;;;Dauerauftrag Miete Wohnung Josefstrasse 12;
LENA-001134;CH4400700110001234567;2025-07-01;2025-07-01;150.00;CHF;DBIT;PMNT-ICDT-STDO;Immobilien Verwaltung Seefeld AG;;;Dauerauftrag Einstellplatz Nr. 17;
LENA-001135;CH4400700110001234567;2025-07-01;2025-07-01;40.60;CHF;DBIT;PMNT-CCRD-POSD;Coop;;;Einkauf Coop Winterthur Karte xxxx 4821;5411
LENA-001136;CH4400700110001234567;2025-07-02;2025-07-02;21.85;CHF;DBIT;PMNT-CCRD-POSD;Galaxus;;;Einkauf Galaxus Zürich Karte xxxx 4821;5651
LENA-001137;CH4400700110001234567;2025-07-03;2025-07-03;89.00;CHF;DBIT;PMNT-IDDT-ESDD;Update Fitness AG;;;LSV Update Fitness Abo;
LENA-001138;CH4400700110001234567;2025-07-03;2025-07-03;67.55;CHF;DBIT;PMNT-CCRD-POSD;Lidl;;;Einkauf Lidl Winterthur Karte xxxx 4821;5411
LENA-001139;CH4400700110001234567;2025-07-07;2025-07-07;408.10;CHF;DBIT;PMNT-IDDT-ESDD;Helsana Versicherungen AG;;;LSV Prämie Grundversicherung 07/2025;
LENA-001140;CH4400700110001234567;2025-07-07;2025-07-07;69.50;CHF;DBIT;PMNT-CCRD-POSD;Migros;;;Einkauf Migros Zürich Karte xxxx 4821;5411
LENA-001141;CH4400700110001234567;2025-07-07;2025-07-07;62.00;CHF;DBIT;PMNT-CCRD-POSD;IKEA;;;Einkauf IKEA Zürich Karte xxxx 4821;5651
LENA-001142;CH4400700110001234567;2025-07-07;2025-07-07;52.50;CHF;DBIT;PMNT-CCRD-POSD;Denner;;;Einkauf Denner Zürich HB Karte xxxx 4821;5411
LENA-001143;CH4400700110001234567;2025-07-07;2025-07-07;51.35;CHF;DBIT;PMNT-CCRD-POSD;Coop;;;Einkauf Coop Zürich HB Karte xxxx 4821;5411
LENA-001144;CH4400700110001234567;2025-07-07;2025-07-07;23.10;CHF;CRDT;PMNT-RCDT-ESCT;;;;TWINT *Empfangen von Luca Bernasconi;
LENA-001145;CH4400700110001234567;2025-07-08;2025-07-08;49.90;CHF;DBIT;PMNT-IDDT-ESDD;Sunrise GmbH;;;LSV Sunrise Mobile Abo;
LENA-001146;CH4400700110001234567;2025-07-09;2025-07-09;17.60;CHF;DBIT;PMNT-CCRD-POSD;Migros;;;Einkauf Migros Zürich HB Karte xxxx 4821;5411
LENA-001147;CH4400700110001234567;2025-07-10;2025-07-10;113.85;CHF;DBIT;PMNT-CCRD-POSD;Coop Pronto Tankstelle;;;Einkauf Coop Pronto Tankstelle Zürich Karte xxxx 4821;5541
LENA-001148;CH4400700110001234567;2025-07-10;2025-07-10;93.35;CHF;DBIT;PMNT-CCRD-POSD;Coop Pronto Tankstelle;;;Einkauf Coop Pronto Tankstelle Zürich Karte xxxx 4821;5541
LENA-001149;CH4400700110001234567;2025-07-11;2025-07-11;13.70;CHF;DBIT;PMNT-CCRD-POSD;SBB Mobile;;;Einkauf SBB Mobile Zürich Karte xxxx 4821;4111
LENA-001150;CH4400700110001234567;2025-07-14;2025-07-14;62.55;CHF;DBIT;PMNT-CCRD-POSD;Aldi Suisse;;;Einkauf Aldi Suisse Zürich HB Karte xxxx 4821;5411
LENA-001151;CH4400700110001234567;2025-07-14;2025-07-14;59.10;CHF;DBIT;PMNT-CCRD-POSD;Aldi Suisse;;;Einkauf Aldi Suisse Zürich HB Karte xxxx 4821;5411
LENA-001152;CH4400700110001234567;2025-07-14;2025-07-14;37.75;CHF;DBIT;PMNT-CCRD-POSD;Kino Arena;;;Einkauf Kino Arena Zürich Karte xxxx 4821;
LENA-001153;CH4400700110001234567;2025-07-14;2025-07-14;20.90;CHF;DBIT;PMNT-CCRD-POSD;Netflix International B.V.;;;Einkauf NETFLIX.COM Karte xxxx 4821;4899
LENA-001154;CH4400700110001234567;2025-07-15;2025-07-15;459.00;CHF;DBIT;PMNT-IDDT-ESDD;AMAG Leasing AG;;;Lastschrift Leasingvertrag 4410-2231 Rate;
LENA-001155;CH4400700110001234567;2025-07-16;2025-07-16;14.90;CHF;DBIT;PMNT-CCRD-POSD;;;;TWINT *Kafi Dihei;
LENA-001156;CH4400700110001234567;2025-07-16;2025-07-16;8.05;CHF;DBIT;PMNT-CCRD-POSD;;;;TWINT *Kafi Dihei;
LENA-001157;CH4400700110001234567;2025-07-17;2025-07-17;128.15;CHF;DBIT;PMNT-CCRD-POSD;Lidl;;;Einkauf Lidl Zürich Karte xxxx 4821;5411
LENA-001158;CH4400700110001234567;2025-07-17;2025-07-17;25.05;CHF;DBIT;PMNT-CCRD-POSD;Coop;;;Einkauf Coop Zürich HB Karte xxxx 4821;5411
LENA-001159;CH4400700110001234567;2025-07-18;2025-07-18;14.05;CHF;DBIT;PMNT-CCRD-POSD;Lidl;;;Einkauf Lidl Zürich HB Karte xxxx 4821;5411
LENA-001160;CH4400700110001234567;2025-07-18;2025-07-18;13.95;CHF;DBIT;PMNT-CCRD-POSD;Spotify AB;;;Einkauf Spotify P2F4A1 Stockholm Karte xxxx 4821;5815
LENA-001161;CH4400700110001234567;2025-07-21;2025-07-21;316.70;CHF;DBIT;PMNT-IDDT-ESDD;Viseca Card Services SA;;;Lastschrift Viseca Card Services SA Monatsrechnung 06/2025;
LENA-001162;CH4400700110001234567;2025-07-21;2025-07-21;117.30;CHF;DBIT;PMNT-CCRD-POSD;Coop Pronto Tankstelle;;;Einkauf Coop Pronto Tankstelle Zürich Karte xxxx 4821;5541
LENA-001163;CH4400700110001234567;2025-07-21;2025-07-21;80.35;CHF;DBIT;PMNT-CCRD-POSD;Zalando;;;Einkauf Zalando Zürich Karte xxxx 4821;5651
LENA-001164;CH4400700110001234567;2025-07-21;2025-07-21;72.55;CHF;DBIT;PMNT-CCRD-POSD;Coop;;;Einkauf Coop Winterthur Karte xxxx 4821;5411
LENA-001165;CH4400700110001234567;2025-07-21;2025-07-21;48.00;CHF;DBIT;PMNT-ICDT-ESCT;;;;TWINT *Sende an Jonas Frei;
LENA-001166;CH4400700110001234567;2025-07-21;2025-07-21;14.20;CHF;DBIT;PMNT-CCRD-POSD;Sushi Mania;;;Einkauf Sushi Mania Zürich Karte xxxx 4821;5812
LENA-001167;CH4400700110001234567;2025-07-21;2025-07-21;12.40;CHF;DBIT;PMNT-CCRD-POSD;SBB Mobile;;;Einkauf SBB Mobile Zürich Karte xxxx 4821;4111
LENA-001168;CH4400700110001234567;2025-07-22;2025-07-22;93.00;CHF;DBIT;PMNT-IDDT-ESDD;ewz Elektrizitätswerk der Stadt Zürich;;;LSV Stromrechnung;
LENA-001169;CH4400700110001234567;2025-07-24;2025-07-24;24.15;CHF;DBIT;PMNT-CCRD-POSD;Hallenbad City;;;Einkauf Hallenbad City Zürich Karte xxxx 4821;
LENA-001170;CH4400700110001234567;2025-07-25;2025-07-25;30.90;CHF;DBIT;PMNT-CCRD-POSD;Restaurant Hiltl;;;Einkauf Restaurant Hiltl Zürich Karte xxxx 4821;5812
LENA-001171;CH4400700110001234567;2025-07-25;2025-07-25;6926.11;CHF;CRDT;PMNT-RCDT-SALA;Limmat Data Solutions AG;CH9300762011623852957;;Gutschrift Lohn Juli 2025;
LENA-001172;CH4400700110001234567;2025-07-28;2025-07-28;1020.00;CHF;DBIT;PMNT-ICDT-STDO;Steueramt der Stadt Zürich;;;Dauerauftrag Steuern Ratenzahlung;
LENA-001173;CH4400700110001234567;2025-07-28;2025-07-28;500.00;CHF;DBIT;PMNT-ICDT-BOOK;;CH7100700110009876543;;Übertrag auf Sparkonto;
LENA-001174;CH4400700110001234567;2025-07-28;2025-07-28;73.10;CHF;DBIT;PMNT-CCRD-POSD;Lidl;;;Einkauf Lidl Zürich HB Karte xxxx 4821;5411
LENA-001175;CH4400700110001234567;2025-07-28;2025-07-28;42.00;CHF;DBIT;PMNT-CCRD-POSD;Tibits;;;Einkauf Tibits Zürich Karte xxxx 4821;5812
LENA-001176;CH4400700110001234567;2025-07-28;2025-07-28;28.40;CHF;DBIT;PMNT-CCRD-POSD;Tibits;;;Einkauf Tibits Zürich Karte xxxx 4821;5812
LENA-001177;CH4400700110001234567;2025-07-28;2025-07-28;7.55;CHF;DBIT;PMNT-CCRD-POSD;;;;TWINT *Migros;
LENA-001178;CH4400700110001234567;2025-07-28;2025-07-28;5.90;CHF;DBIT;PMNT-CCRD-POSD;Parkingpay;;;Einkauf Parkingpay Zürich Karte xxxx 4821;
LENA-001179;CH4400700110001234567;2025-07-28;2025-07-28;3.00;CHF;DBIT;ACMT-MDOP-CHRG;;;;Preis für Kontoführung;
LENA-001180;CH7100700110009876543;2025-07-28;2025-07-28;500.00;CHF;CRDT;PMNT-RCDT-BOOK;;CH4400700110001234567;;Übertrag auf Sparkonto;
LENA-001181;CH4400700110001234567;2025-08-01;2025-08-01;1890.00;CHF;DBIT;PMNT-ICDT-STDO;Immobilien Verwaltung Seefeld AG;;;Dauerauftrag Miete Wohnung Josefstrasse 12;
LENA-001182;CH4400700110001234567;2025-08-01;2025-08-01;150.00;CHF;DBIT;PMNT-ICDT-STDO;Immobilien Verwaltung Seefeld AG;;;Dauerauftrag Einstellplatz Nr. 17;
LENA-001183;CH4400700110001234567;2025-08-01;2025-08-01;20.10;CHF;DBIT;PMNT-CCRD-POSD;Migros;;;Einkauf Migros Zürich Karte xxxx 4821;5411
LENA-001184;CH4400700110001234567;2025-08-04;2025-08-04;89.00;CHF;DBIT;PMNT-IDDT-ESDD;Update Fitness AG;;;LSV Update Fitness Abo;
LENA-001185;CH4400700110001234567;2025-08-04;2025-08-04;71.40;CHF;DBIT;PMNT-CCRD-POSD;Holy Cow Gourmet Burger;;;Einkauf Holy Cow Gourmet Burger Zürich Karte xxxx 4821;5812
LENA-001186;CH4400700110001234567;2025-08-04;2025-08-04;31.40;CHF;DBIT;PMNT-CCRD-POSD;Sushi Mania;;;Einkauf Sushi Mania Zürich Karte xxxx 4821;5812
LENA-001187;CH4400700110001234567;2025-08-04;2025-08-04;23.15;CHF;DBIT;PMNT-CCRD-POSD;Galaxus;;;Einkauf Galaxus Zürich Karte xxxx 4821;5651
LENA-001188;CH4400700110001234567;2025-08-04;2025-08-04;7.80;CHF;DBIT;PMNT-CCRD-POSD;Parkingpay;;;Einkauf Parkingpay Zürich Karte xxxx 4821;
LENA-001189;CH4400700110001234567;2025-08-05;2025-08-05;408.10;CHF;DBIT;PMNT-IDDT-ESDD;Helsana Versicherungen AG;;;LSV Prämie Grundversicherung 08/2025;
LENA-001190;CH4400700110001234567;2025-08-07;2025-08-07;156.80;CHF;DBIT;PMNT-CCRD-POSD;Lidl;;;Einkauf Lidl Zürich Karte xxxx 4821;5411
LENA-001191;CH4400700110001234567;2025-08-07;2025-08-07;61.50;CHF;DBIT;PMNT-CCRD-POSD;Coop;;;Einkauf Coop Zürich HB Karte xxxx 4821;5411
LENA-001192;CH4400700110001234567;2025-08-07;2025-08-07;41.05;CHF;DBIT;PMNT-CCRD-POSD;Holy Cow Gourmet Burger;;;Einkauf Holy Cow Gourmet Burger Zürich Karte xxxx 4821;5812
LENA-001193;CH4400700110001234567;2025-08-07;2025-08-07;33.85;CHF;DBIT;PMNT-CCRD-POSD;Denner;;;Einkauf Denner Winterthur Karte xxxx 4821;5411
LENA-001194;CH4400700110001234567;2025-08-08;2025-08-08;114.30;CHF;DBIT;PMNT-CCRD-POSD;Decathlon;;;Einkauf Decathlon Zürich Karte xxxx 4821;5651
LENA-001195;CH4400700110001234567;2025-08-08;2025-08-08;49.90;CHF;DBIT;PMNT-IDDT-ESDD;Sunrise GmbH;;;LSV Sunrise Mobile Abo;
LENA-001196;CH4400700110001234567;2025-08-08;2025-08-08;11.35;CHF;DBIT;PMNT-CCRD-POSD;;;;TWINT *Kafi Dihei;
LENA-001197;CH4400700110001234567;2025-08-08;2025-08-08;4.90;CHF;DBIT;PMNT-CCRD-POSD;ZVV Ticketautomat;;;Einkauf ZVV Ticketautomat Zürich Karte xxxx 4821;4111
LENA-001198;CH4400700110001234567;2025-08-11;2025-08-11;101.55;CHF;DBIT;PMNT-CCRD-POSD;Coiffeur Seefeld;;;Einkauf Coiffeur Seefeld Zürich Karte xxxx 4821;
LENA-001199;CH4400700110001234567;2025-08-11;2025-08-11;70.90;CHF;DBIT;PMNT-CCRD-POSD;Aldi Suisse;;;Einkauf Aldi Suisse Zürich HB Karte xxxx 4821;5411
LENA-001200;CH4400700110001234567;2025-08-11;2025-08-11;68.35;CHF;DBIT;PMNT-CCRD-POSD;Sushi Mania;;;Einkauf Sushi Mania Zürich Karte xxxx 4821;5812
LENA-001201;CH4400700110001234567;2025-08-11;2025-08-11;33.75;CHF;DBIT;PMNT-CCRD-POSD;Starbucks;;;Einkauf Starbucks Zürich Karte xxxx 4821;5812
LENA-001202;CH4400700110001234567;2025-08-11;2025-08-11;26.20;CHF;DBIT;PMNT-CCRD-POSD;Restaurant Hiltl;;;Einkauf Restaurant Hiltl Zürich Karte xxxx 4821;5812
LENA-001203;CH4400700110001234567;2025-08-11;2025-08-11;19.15;CHF;DBIT;PMNT-CCRD-POSD;Parkingpay;;;Einkauf Parkingpay Zürich Karte xxxx 4821;
LENA-001204;CH4400700110001234567;2025-08-12;2025-08-12;86.25;CHF;DBIT;PMNT-CCRD-POSD;Holy Cow Gourmet Burger;;;Einkauf Holy Cow Gourmet Burger Zürich Karte xxxx 4821;5812
LENA-001205;CH4400700110001234567;2025-08-12;2025-08-12;20.90;CHF;DBIT;PMNT-CCRD-POSD;Netflix International B.V.;;;Einkauf NETFLIX.COM Karte xxxx 4821;4899
LENA-001206;CH4400700110001234567;2025-08-13;2025-08-13;62.00;CHF;DBIT;PMNT-CCRD-POSD;Coop;;;Einkauf Coop Zürich HB Karte xxxx 4821;5411
LENA-001207;CH4400700110001234567;2025-08-13;2025-08-13;57.65;CHF;DBIT;PMNT-CCRD-POSD;Galaxus;;;Einkauf Galaxus Zürich Karte xxxx 4821;5651
LENA-001208;CH4400700110001234567;2025-08-14;2025-08-14;87.45;CHF;DBIT;PMNT-CCRD-POSD;IKEA;;;Einkauf IKEA Zürich Karte xxxx 4821;5651
LENA-001209;CH4400700110001234567;2025-08-14;2025-08-14;59.40;CHF;DBIT;PMNT-CCRD-POSD;Lidl;;;Einkauf Lidl Winterthur Karte xxxx 4821;5411
LENA-001210;CH4400700110001234567;2025-08-14;2025-08-14;9.85;CHF;DBIT;PMNT-CCRD-POSD;Denner;;;Einkauf Denner Zürich Karte xxxx 4821;5411
LENA-001211;CH4400700110001234567;2025-08-15;2025-08-15;459.00;CHF;DBIT;PMNT-IDDT-ESDD;AMAG Leasing AG;;;Lastschrift Leasingvertrag 4410-2231 Rate;
LENA-001212;CH4400700110001234567;2025-08-15;2025-08-15;15.05;CHF;DBIT;PMNT-CCRD-POSD;Ticketcorner;;;Einkauf Ticketcorner Zürich Karte xxxx 4821;
LENA-001213;CH4400700110001234567;2025-08-15;2025-08-15;14.00;CHF;DBIT;PMNT-CCRD-POSD;;;;TWINT *Kafi Dihei;
LENA-001214;CH4400700110001234567;2025-08-18;2025-08-18;49.55;CHF;DBIT;PMNT-CCRD-POSD;Aldi Suisse;;;Einkauf Aldi Suisse Zürich HB Karte xxxx 4821;5411
LENA-001215;CH4400700110001234567;2025-08-18;2025-08-18;40.30;CHF;DBIT;PMNT-CCRD-POSD;Holy Cow Gourmet Burger;;;Einkauf Holy Cow Gourmet Burger Zürich Karte xxxx 4821;5812
LENA-001216;CH4400700110001234567;2025-08-18;2025-08-18;22.90;CHF;DBIT;PMNT-CCRD-POSD;Aldi Suisse;;;Einkauf Aldi Suisse Zürich HB Karte xxxx 4821;5411
LENA-001217;CH4400700110001234567;2025-08-18;2025-08-18;19.50;CHF;DBIT;PMNT-CCRD-POSD;Coop;;;Einkauf Coop Zürich HB Karte xxxx 4821;5411
LENA-001218;CH4400700110001234567;2025-08-18;2025-08-18;13.95;CHF;DBIT;PMNT-CCRD-POSD;Spotify AB;;;Einkauf Spotify P2F4A1 Stockholm Karte xxxx 4821;5815
LENA-001219;CH4400700110001234567;2025-08-19;2025-08-19;36.35;CHF;DBIT;PMNT-CCRD-POSD;Denner;;;Einkauf Denner Zürich HB Karte xxxx 4821;5411
LENA-001220;CH4400700110001234567;2025-08-19;2025-08-19;3.65;CHF;DBIT;PMNT-CCRD-POSD;SBB Mobile;;;Einkauf SBB Mobile Zürich Karte xxxx 4821;4111
LENA-001221;CH4400700110001234567;2025-08-20;2025-08-20;2000.35;CHF;DBIT;PMNT-IDDT-ESDD;Viseca Card Services SA;;;Lastschrift Viseca Card Services SA Monatsrechnung 07/2025;
LENA-001222;CH4400700110001234567;2025-08-20;2025-08-20;80.95;CHF;DBIT;PMNT-CCRD-POSD;Lidl;;;Einkauf Lidl Zürich HB Karte xxxx 4821;5411
LENA-001223;CH4400700110001234567;2025-08-20;2025-08-20;28.65;CHF;DBIT;PMNT-CCRD-POSD;Tibits;;;Einkauf Tibits Zürich Karte xxxx 4821;5812
LENA-001224;CH4400700110001234567;2025-08-20;2025-08-20;34.40;CHF;CRDT;PMNT-RCDT-ESCT;;;;TWINT *Empfangen von Anna Meier;
LENA-001225;CH4400700110001234567;2025-08-21;2025-08-21;41.75;CHF;DBIT;PMNT-CCRD-POSD;Holy Cow Gourmet Burger;;;Einkauf Holy Cow Gourmet Burger Zürich Karte xxxx 4821;5812
LENA-001226;CH4400700110001234567;2025-08-25;2025-08-25;113.85;CHF;DBIT;PMNT-ICDT-DMCT;Physiotherapie Kreis 4;;Honorarrechnung;Zahlung Rechnung Physiotherapie Kreis 4;
LENA-001227;CH4400700110001234567;2025-08-25;2025-08-25;22.90;CHF;DBIT;PMNT-CCRD-POSD;Orell Füssli;;;Einkauf Orell Füssli Zürich Karte xxxx 4821;
LENA-001228;CH4400700110001234567;2025-08-25;2025-08-25;21.10;CHF;DBIT;PMNT-CCRD-POSD;;;;TWINT *Kafi Dihei;
LENA-001229;CH4400700110001234567;2025-08-25;2025-08-25;6926.11;CHF;CRDT;PMNT-RCDT-SALA;Limmat Data Solutions AG;CH9300762011623852957;;Gutschrift Lohn August 2025;
LENA-001230;CH4400700110001234567;2025-08-26;2025-08-26;500.00;CHF;DBIT;PMNT-ICDT-BOOK;;CH7100700110009876543;;Übertrag auf Sparkonto;
LENA-001231;CH4400700110001234567;2025-08-26;2025-08-26;200.00;CHF;DBIT;PMNT-CCRD-CWDL;;;;Bargeldbezug Postomat Zürich Wiedikon Karte xxxx 4821;6011
LENA-001232;CH4400700110001234567;2025-08-26;2025-08-26;7.90;CHF;DBIT;PMNT-CCRD-POSD;;;;TWINT *Migros;
LENA-001233;CH7100700110009876543;2025-08-26;2025-08-26;500.00;CHF;CRDT;PMNT-RCDT-BOOK;;CH4400700110001234567;;Übertrag auf Sparkonto;
LENA-001234;CH4400700110001234567;2025-08-27;2025-08-27;6.65;CHF;DBIT;PMNT-CCRD-POSD;SBB Mobile;;;Einkauf SBB Mobile Zürich Karte xxxx 4821;4111
LENA-001235;CH4400700110001234567;2025-08-28;2025-08-28;1020.00;CHF;DBIT;PMNT-ICDT-STDO;Steueramt der Stadt Zürich;;;Dauerauftrag Steuern Ratenzahlung;
LENA-001236;CH4400700110001234567;2025-08-28;2025-08-28;15.20;CHF;DBIT;PMNT-CCRD-POSD;Ticketcorner;;;Einkauf Ticketcorner Zürich Karte xxxx 4821;
LENA-001237;CH4400700110001234567;2025-08-28;2025-08-28;3.00;CHF;DBIT;ACMT-MDOP-CHRG;;;;Preis für Kontoführung;
LENA-001238;CH4400700110001234567;2025-09-01;2025-09-01;1890.00;CHF;DBIT;PMNT-ICDT-STDO;Immobilien Verwaltung Seefeld AG;;;Dauerauftrag Miete Wohnung Josefstrasse 12;
LENA-001239;CH4400700110001234567;2025-09-01;2025-09-01;150.00;CHF;DBIT;PMNT-ICDT-STDO;Immobilien Verwaltung Seefeld AG;;;Dauerauftrag Einstellplatz Nr. 17;
LENA-001240;CH4400700110001234567;2025-09-02;2025-09-02;96.85;CHF;DBIT;PMNT-CCRD-POSD;Games Workshop Zürich;;;Einkauf Games Workshop Zürich Zürich Karte xxxx 4821;5945
LENA-001241;CH4400700110001234567;2025-09-03;2025-09-03;101.60;CHF;DBIT;PMNT-CCRD-POSD;Coop Pronto Tankstelle;;;Einkauf Coop Pronto Tankstelle Zürich Karte xxxx 4821;5541
LENA-001242;CH4400700110001234567;2025-09-03;2025-09-03;89.00;CHF;DBIT;PMNT-IDDT-ESDD;Update Fitness AG;;;LSV Update Fitness Abo;
LENA-001243;CH4400700110001234567;2025-09-03;2025-09-03;79.15;CHF;DBIT;PMNT-CCRD-POSD;Shell;;;Einkauf Shell Zürich Karte xxxx 4821;5541
LENA-001244;CH4400700110001234567;2025-09-03;2025-09-03;64.25;CHF;DBIT;PMNT-CCRD-POSD;Aldi Suisse;;;Einkauf Aldi Suisse Zürich Karte xxxx 4821;5411
LENA-001245;CH4400700110001234567;2025-09-03;2025-09-03;54.10;CHF;DBIT;PMNT-CCRD-POSD;Coiffeur Seefeld;;;Einkauf Coiffeur Seefeld Zürich Karte xxxx 4821;
LENA-001246;CH4400700110001234567;2025-09-03;2025-09-03;35.20;CHF;DBIT;PMNT-CCRD-POSD;Aldi Suisse;;;Einkauf Aldi Suisse Zürich Karte xxxx 4821;5411
LENA-001247;CH4400700110001234567;2025-09-04;2025-09-04;72.85;CHF;DBIT;PMNT-CCRD-POSD;Shell;;;Einkauf Shell Zürich Karte xxxx 4821;5541
LENA-001248;CH4400700110001234567;2025-09-04;2025-09-04;15.70;CHF;DBIT;PMNT-CCRD-POSD;Parkingpay;;;Einkauf Parkingpay Zürich Karte xxxx 4821;
LENA-001249;CH4400700110001234567;2025-09-05;2025-09-05;408.10;CHF;DBIT;PMNT-IDDT-ESDD;Helsana Versicherungen AG;;;LSV Prämie Grundversicherung 09/2025;
LENA-001250;CH4400700110001234567;2025-09-05;2025-09-05;99.05;CHF;DBIT;PMNT-CCRD-POSD;Migrol Tankstelle;;;Einkauf Migrol Tankstelle Zürich Karte xxxx 4821;5541
LENA-001251;CH4400700110001234567;2025-09-08;2025-09-08;97.80;CHF;DBIT;PMNT-CCRD-POSD;Migros;;;Einkauf Migros Winterthur Karte xxxx 4821;5411
LENA-001252;CH4400700110001234567;2025-09-08;2025-09-08;50.70;CHF;DBIT;PMNT-CCRD-POSD;Aldi Suisse;;;Einkauf Aldi Suisse Zürich HB Karte xxxx 4821;5411
LENA-001253;CH4400700110001234567;2025-09-08;2025-09-08;49.90;CHF;DBIT;PMNT-IDDT-ESDD;Sunrise GmbH;;;LSV Sunrise Mobile Abo;
LENA-001254;CH4400700110001234567;2025-09-08;2025-09-08;24.85;CHF;DBIT;PMNT-ICDT-ESCT;;;;TWINT *Sende an Jonas Frei;
LENA-001255;CH4400700110001234567;2025-09-08;2025-09-08;12.65;CHF;DBIT;PMNT-CCRD-POSD;SBB Mobile;;;Einkauf SBB Mobile Zürich Karte xxxx 4821;4111
LENA-001256;CH4400700110001234567;2025-09-08;2025-09-08;9.85;CHF;DBIT;PMNT-CCRD-POSD;ZVV Ticketautomat;;;Einkauf ZVV Ticketautomat Zürich Karte xxxx 4821;4111
LENA-001257;CH4400700110001234567;2025-09-09;2025-09-09;54.75;CHF;DBIT;PMNT-CCRD-POSD;Aldi Suisse;;;Einkauf Aldi Suisse Winterthur Karte xxxx 4821;5411
LENA-001258;CH4400700110001234567;2025-09-09;2025-09-09;39.35;CHF;DBIT;PMNT-CCRD-POSD;Denner;;;Einkauf Denner Zürich Karte xxxx 4821;5411
LENA-001259;CH4400700110001234567;2025-09-09;2025-09-09;35.15;CHF;DBIT;PMNT-ICDT-ESCT;;;;TWINT *Sende an Sarah Keller;
LENA-001260;CH4400700110001234567;2025-09-09;2025-09-09;28.90;CHF;DBIT;PMNT-CCRD-POSD;Holy Cow Gourmet Burger;;;Einkauf Holy Cow Gourmet Burger Zürich Karte xxxx 4821;5812
LENA-001261;CH4400700110001234567;2025-09-09;2025-09-09;14.65;CHF;DBIT;PMNT-CCRD-POSD;;;;TWINT *Kafi Dihei;
LENA-001262;CH4400700110001234567;2025-09-10;2025-09-10;320.00;CHF;DBIT;PMNT-CCRD-CWDL;;;;Bargeldbezug Postomat Zürich Wiedikon Karte xxxx 4821;6011
LENA-001263;CH4400700110001234567;2025-09-10;2025-09-10;220.00;CHF;DBIT;PMNT-CCRD-CWDL;;;;Bargeldbezug Postomat Zürich Wiedikon Karte xxxx 4821;6011
LENA-001264;CH4400700110001234567;2025-09-10;2025-09-10;8.45;CHF;DBIT;PMNT-CCRD-POSD;Parkingpay;;;Einkauf Parkingpay Zürich Karte xxxx 4821;
LENA-001265;CH4400700110001234567;2025-09-11;2025-09-11;117.30;CHF;DBIT;PMNT-CCRD-POSD;Denner;;;Einkauf Denner Zürich Karte xxxx 4821;5411
LENA-001266;CH4400700110001234567;2025-09-12;2025-09-12;20.90;CHF;DBIT;PMNT-CCRD-POSD;Netflix International B.V.;;;Einkauf NETFLIX.COM Karte xxxx 4821;4899
LENA-001267;CH4400700110001234567;2025-09-12;2025-09-12;8.90;CHF;DBIT;PMNT-CCRD-POSD;;;;TWINT *Migros;
LENA-001268;CH4400700110001234567;2025-09-12;2025-09-12;7.30;CHF;DBIT;PMNT-CCRD-POSD;;;;TWINT *Migros;
LENA-001269;CH4400700110001234567;2025-09-15;2025-09-15;459.00;CHF;DBIT;PMNT-IDDT-ESDD;AMAG Leasing AG;;;Lastschrift Leasingvertrag 4410-2231 Rate;
LENA-001270;CH4400700110001234567;2025-09-15;2025-09-15;125.40;CHF;DBIT;PMNT-CCRD-POSD;H&M;;;Einkauf H&M Zürich Karte xxxx 4821;5651
LENA-001271;CH4400700110001234567;2025-09-15;2025-09-15;76.40;CHF;DBIT;PMNT-ICDT-ESCT;;;;TWINT *Sende an Anna Meier;
LENA-001272;CH4400700110001234567;2025-09-15;2025-09-15;41.20;CHF;DBIT;PMNT-CCRD-POSD;Migros;;;Einkauf Migros Winterthur Karte xxxx 4821;5411
LENA-001273;CH4400700110001234567;2025-09-15;2025-09-15;28.95;CHF;DBIT;PMNT-CCRD-POSD;ZVV Ticketautomat;;;Einkauf ZVV Ticketautomat Zürich Karte xxxx 4821;4111
LENA-001274;CH4400700110001234567;2025-09-15;2025-09-15;3.70;CHF;DBIT;PMNT-CCRD-POSD;SBB Mobile;;;Einkauf SBB Mobile Zürich Karte xxxx 4821;4111
LENA-001275;CH4400700110001234567;2025-09-16;2025-09-16;62.10;CHF;DBIT;PMNT-CCRD-POSD;Coop;;;Einkauf Coop Winterthur Karte xxxx 4821;5411
LENA-001276;CH4400700110001234567;2025-09-16;2025-09-16;62.10;CHF;DBIT;PMNT-CCRD-POSD;Coop;;;Einkauf Coop Winterthur Karte xxxx 4821;5411
LENA-001277;CH4400700110001234567;2025-09-18;2025-09-18;13.95;CHF;DBIT;PMNT-CCRD-POSD;Spotify AB;;;Einkauf Spotify P2F4A1 Stockholm Karte xxxx 4821;5815
LENA-001278;CH4400700110001234567;2025-09-19;2025-09-19;100.70;CHF;DBIT;PMNT-CCRD-POSD;Galaxus;;;Einkauf Galaxus Zürich Karte xxxx 4821;5651
LENA-001279;CH4400700110001234567;2025-09-19;2025-09-19;51.15;CHF;DBIT;PMNT-CCRD-POSD;Fantasywelt Zürich;;;Einkauf Fantasywelt Zürich Zürich Karte xxxx 4821;5945
LENA-001280;CH4400700110001234567;2025-09-22;2025-09-22;143.45;CHF;DBIT;PMNT-IDDT-ESDD;Viseca Card Services SA;;;Lastschrift Viseca Card Services SA Monatsrechnung 08/2025;
LENA-001281;CH4400700110001234567;2025-09-22;2025-09-22;36.10;CHF;DBIT;PMNT-CCRD-POSD;Denner;;;Einkauf Denner Winterthur Karte xxxx 4821;5411
LENA-001282;CH4400700110001234567;2025-09-23;2025-09-23;114.75;CHF;DBIT;PMNT-CCRD-POSD;Migrol Tankstelle;;;Einkauf Migrol Tankstelle Zürich Karte xxxx 4821;5541
LENA-001283;CH4400700110001234567;2025-09-23;2025-09-23;13.20;CHF;DBIT;PMNT-CCRD-POSD;Aldi Suisse;;;Einkauf Aldi Suisse Zürich Karte xxxx 4821;5411
LENA-001284;CH4400700110001234567;2025-09-24;2025-09-24;66.95;CHF;DBIT;PMNT-CCRD-POSD;Socar Tankstelle;;;Einkauf Socar Tankstelle Zürich Karte xxxx 4821;5541
LENA-001285;CH4400700110001234567;2025-09-24;2025-09-24;26.15;CHF;DBIT;PMNT-CCRD-POSD;Migros;;;Einkauf Migros Zürich Karte xxxx 4821;5411
LENA-001286;CH4400700110001234567;2025-09-24;2025-09-24;16.20;CHF;DBIT;PMNT-CCRD-POSD;Zeughauskeller;;;Einkauf Zeughauskeller Zürich Karte xxxx 4821;5812
LENA-001287;CH4400700110001234567;2025-09-25;2025-09-25;117.30;CHF;DBIT;PMNT-CCRD-POSD;IKEA;;;Einkauf IKEA Zürich Karte xxxx 4821;5651
LENA-001288;CH4400700110001234567;2025-09-25;2025-09-25;6926.11;CHF;CRDT;PMNT-RCDT-SALA;Limmat Data Solutions AG;CH9300762011623852957;;Gutschrift Lohn September 2025;
LENA-001289;CH4400700110001234567;2025-09-26;2025-09-26;500.00;CHF;DBIT;PMNT-ICDT-BOOK;;CH7100700110009876543;;Übertrag auf Sparkonto;
LENA-001290;CH4400700110001234567;2025-09-26;2025-09-26;43.85;CHF;DBIT;PMNT-CCRD-POSD;Denner;;;Einkauf Denner Winterthur Karte xxxx 4821;5411
LENA-001291;CH4400700110001234567;2025-09-26;2025-09-26;19.15;CHF;DBIT;PMNT-CCRD-POSD;;;;TWINT *Migros;
LENA-001292;CH4400700110001234567;2025-09-26;2025-09-26;18.40;CHF;DBIT;PMNT-CCRD-POSD;;;;TWINT *Migros;
LENA-001293;CH7100700110009876543;2025-09-26;2025-09-26;500.00;CHF;CRDT;PMNT-RCDT-BOOK;;CH4400700110001234567;;Übertrag auf Sparkonto;
LENA-001294;CH4400700110001234567;2025-09-29;2025-09-29;1020.00;CHF;DBIT;PMNT-ICDT-STDO;Steueramt der Stadt Zürich;;;Dauerauftrag Steuern Ratenzahlung;
LENA-001295;CH4400700110001234567;2025-09-29;2025-09-29;35.80;CHF;DBIT;PMNT-CCRD-POSD;H&M;;;Einkauf H&M Zürich Karte xxxx 4821;5651
LENA-001296;CH4400700110001234567;2025-09-29;2025-09-29;3.00;CHF;DBIT;ACMT-MDOP-CHRG;;;;Preis für Kontoführung;
LENA-001297;CH4400700110001234567;2025-10-01;2025-10-01;1890.00;CHF;DBIT;PMNT-ICDT-STDO;Immobilien Verwaltung Seefeld AG;;;Dauerauftrag Miete Wohnung Josefstrasse 12;
LENA-001298;CH4400700110001234567;2025-10-01;2025-10-01;150.00;CHF;DBIT;PMNT-ICDT-STDO;Immobilien Verwaltung Seefeld AG;;;Dauerauftrag Einstellplatz Nr. 17;
LENA-001299;CH4400700110001234567;2025-10-03;2025-10-03;89.00;CHF;DBIT;PMNT-IDDT-ESDD;Update Fitness AG;;;LSV Update Fitness Abo;
LENA-001300;CH4400700110001234567;2025-10-03;2025-10-03;20.00;CHF;DBIT;PMNT-CCRD-POSD;Denner;;;Einkauf Denner Zürich Karte xxxx 4821;5411
LENA-001301;CH4400700110001234567;2025-10-03;2025-10-03;2.20;CHF;DBIT;PMNT-CCRD-POSD;SBB Mobile;;;Einkauf SBB Mobile Zürich Karte xxxx 4821;4111
LENA-001302;CH4400700110001234567;2025-10-06;2025-10-06;408.10;CHF;DBIT;PMNT-IDDT-ESDD;Helsana Versicherungen AG;;;LSV Prämie Grundversicherung 10/2025;
LENA-001303;CH4400700110001234567;2025-10-06;2025-10-06;59.65;CHF;DBIT;PMNT-CCRD-POSD;Ticketcorner;;;Einkauf Ticketcorner Zürich Karte xxxx 4821;
LENA-001304;CH4400700110001234567;2025-10-06;2025-10-06;11.85;CHF;DBIT;PMNT-CCRD-POSD;Lidl;;;Einkauf Lidl Zürich Karte xxxx 4821;5411
LENA-001305;CH4400700110001234567;2025-10-06;2025-10-06;7.40;CHF;DBIT;PMNT-CCRD-POSD;;;;TWINT *Bäckerei Hug;
LENA-001306;CH4400700110001234567;2025-10-07;2025-10-07;74.05;CHF;DBIT;PMNT-CCRD-POSD;Denner;;;Einkauf Denner Zürich Karte xxxx 4821;5411
LENA-001307;CH4400700110001234567;2025-10-08;2025-10-08;49.90;CHF;DBIT;PMNT-IDDT-ESDD;Sunrise GmbH;;;LSV Sunrise Mobile Abo;
LENA-001308;CH4400700110001234567;2025-10-08;2025-10-08;46.10;CHF;DBIT;PMNT-CCRD-POSD;Zalando;;;Einkauf Zalando Zürich Karte xxxx 4821;5651
LENA-001309;CH4400700110001234567;2025-10-09;2025-10-09;35.60;CHF;DBIT;PMNT-CCRD-POSD;Orell Füssli;;;Einkauf Orell Füssli Zürich Karte xxxx 4821;
LENA-001310;CH4400700110001234567;2025-10-09;2025-10-09;24.70;CHF;DBIT;PMNT-CCRD-POSD;Kino Arena;;;Einkauf Kino Arena Zürich Karte xxxx 4821;
LENA-001311;CH4400700110001234567;2025-10-10;2025-10-10;43.65;CHF;DBIT;PMNT-ICDT-ESCT;;;;TWINT *Sende an Jonas Frei;
LENA-001312;CH4400700110001234567;2025-10-10;2025-10-10;12.55;CHF;DBIT;PMNT-CCRD-POSD;Amavita Apotheke;;;Einkauf Amavita Apotheke Zürich Karte xxxx 4821;5912
LENA-001313;CH4400700110001234567;2025-10-10;2025-10-10;6.75;CHF;DBIT;PMNT-CCRD-POSD;;;;TWINT *Bäckerei Hug;
LENA-001314;CH4400700110001234567;2025-10-13;2025-10-13;46.35;CHF;DBIT;PMNT-CCRD-POSD;Migros;;;Einkauf Migros Winterthur Karte xxxx 4821;5411
LENA-001315;CH4400700110001234567;2025-10-13;2025-10-13;20.90;CHF;DBIT;PMNT-CCRD-POSD;Netflix International B.V.;;;Einkauf NETFLIX.COM Karte xxxx 4821;4899
LENA-001316;CH4400700110001234567;2025-10-14;2025-10-14;503.55;CHF;DBIT;PMNT-ICDT-DMCT;Garage Wiedikon AG;;;Zahlung Rechnung Service und Reifenwechsel;
LENA-001317;CH4400700110001234567;2025-10-15;2025-10-15;459.00;CHF;DBIT;PMNT-IDDT-ESDD;AMAG Leasing AG;;;Lastschrift Leasingvertrag 4410-2231 Rate;
LENA-001318;CH4400700110001234567;2025-10-15;2025-10-15;62.60;CHF;DBIT;PMNT-CCRD-POSD;Restaurant Hiltl;;;Einkauf Restaurant Hiltl Zürich Karte xxxx 4821;5812
LENA-001319;CH4400700110001234567;2025-10-16;2025-10-16;24.60;CHF;DBIT;PMNT-CCRD-POSD;Holy Cow Gourmet Burger;;;Einkauf Holy Cow Gourmet Burger Zürich Karte xxxx 4821;5812
LENA-001320;CH4400700110001234567;2025-10-17;2025-10-17;33.60;CHF;DBIT;PMNT-CCRD-POSD;;;;TWINT *Bäckerei Hug;
LENA-001321;CH4400700110001234567;2025-10-20;2025-10-20;124.45;CHF;DBIT;PMNT-CCRD-POSD;Socar Tankstelle;;;Einkauf Socar Tankstelle Zürich Karte xxxx 4821;5541
LENA-001322;CH4400700110001234567;2025-10-20;2025-10-20;70.90;CHF;DBIT;PMNT-IDDT-ESDD;Viseca Card Services SA;;;Lastschrift Viseca Card Services SA Monatsrechnung 09/2025;
LENA-001323;CH4400700110001234567;2025-10-20;2025-10-20;57.60;CHF;DBIT;PMNT-CCRD-POSD;Coop;;;Einkauf Coop Zürich Karte xxxx 4821;5411
LENA-001324;CH4400700110001234567;2025-10-20;2025-10-20;37.00;CHF;DBIT;PMNT-CCRD-POSD;Apotheke Bahnhof;;;Einkauf Apotheke Bahnhof Zürich Karte xxxx 4821;5912
LENA-001325;CH4400700110001234567;2025-10-20;2025-10-20;34.80;CHF;DBIT;PMNT-CCRD-POSD;Coop;;;Einkauf Coop Winterthur Karte xxxx 4821;5411
LENA-001326;CH4400700110001234567;2025-10-20;2025-10-20;19.65;CHF;DBIT;PMNT-CCRD-POSD;Orell Füssli;;;Einkauf Orell Füssli Zürich Karte xxxx 4821;
LENA-001327;CH4400700110001234567;2025-10-20;2025-10-20;13.95;CHF;DBIT;PMNT-CCRD-POSD;Spotify AB;;;Einkauf Spotify P2F4A1 Stockholm Karte xxxx 4821;5815
LENA-001328;CH4400700110001234567;2025-10-20;2025-10-20;7.95;CHF;DBIT;PMNT-CCRD-POSD;SBB Mobile;;;Einkauf SBB Mobile Zürich Karte xxxx 4821;4111
LENA-001329;CH4400700110001234567;2025-10-20;2025-10-20;7.35;CHF;DBIT;PMNT-CCRD-POSD;Aldi Suisse;;;Einkauf Aldi Suisse Winterthur Karte xxxx 4821;5411
LENA-001330;CH4400700110001234567;2025-10-22;2025-10-22;108.70;CHF;DBIT;PMNT-IDDT-ESDD;ewz Elektrizitätswerk der Stadt Zürich;;;LSV Stromrechnung;
LENA-001331;CH4400700110001234567;2025-10-24;2025-10-24;46.90;CHF;DBIT;PMNT-CCRD-POSD;Restaurant Hiltl;;;Einkauf Restaurant Hiltl Zürich Karte xxxx 4821;5812
LENA-001332;CH4400700110001234567;2025-10-27;2025-10-27;500.00;CHF;DBIT;PMNT-ICDT-BOOK;;CH7100700110009876543;;Übertrag auf Sparkonto;
LENA-001333;CH4400700110001234567;2025-10-27;2025-10-27;91.35;CHF;DBIT;PMNT-CCRD-POSD;BP Tankstelle;;;Einkauf BP Tankstelle Zürich Karte xxxx 4821;5541
LENA-001334;CH4400700110001234567;2025-10-27;2025-10-27;27.00;CHF;DBIT;PMNT-CCRD-POSD;Restaurant Hiltl;;;Einkauf Restaurant Hiltl Zürich Karte xxxx 4821;5812
LENA-001335;CH4400700110001234567;2025-10-27;2025-10-27;24.45;CHF;DBIT;PMNT-CCRD-POSD;Hallenbad City;;;Einkauf Hallenbad City Zürich Karte xxxx 4821;
LENA-001336;CH4400700110001234567;2025-10-27;2025-10-27;6926.11;CHF;CRDT;PMNT-RCDT-SALA;Limmat Data Solutions AG;CH9300762011623852957;;Gutschrift Lohn Oktober 2025;
LENA-001337;CH7100700110009876543;2025-10-27;2025-10-27;500.00;CHF;CRDT;PMNT-RCDT-BOOK;;CH4400700110001234567;;Übertrag auf Sparkonto;
LENA-001338;CH4400700110001234567;2025-10-28;2025-10-28;1020.00;CHF;DBIT;PMNT-ICDT-STDO;Steueramt der Stadt Zürich;;;Dauerauftrag Steuern Ratenzahlung;
LENA-001339;CH4400700110001234567;2025-10-28;2025-10-28;3.00;CHF;DBIT;ACMT-MDOP-CHRG;;;;Preis für Kontoführung;
LENA-001340;CH4400700110001234567;2025-11-03;2025-11-03;1890.00;CHF;DBIT;PMNT-ICDT-STDO;Immobilien Verwaltung Seefeld AG;;;Dauerauftrag Miete Wohnung Josefstrasse 12;
LENA-001341;CH4400700110001234567;2025-11-03;2025-11-03;150.00;CHF;DBIT;PMNT-ICDT-STDO;Immobilien Verwaltung Seefeld AG;;;Dauerauftrag Einstellplatz Nr. 17;
LENA-001342;CH4400700110001234567;2025-11-03;2025-11-03;89.00;CHF;DBIT;PMNT-IDDT-ESDD;Update Fitness AG;;;LSV Update Fitness Abo;
LENA-001343;CH4400700110001234567;2025-11-03;2025-11-03;56.20;CHF;DBIT;PMNT-CCRD-POSD;Restaurant Hiltl;;;Einkauf Restaurant Hiltl Zürich Karte xxxx 4821;5812
LENA-001344;CH4400700110001234567;2025-11-03;2025-11-03;19.55;CHF;DBIT;PMNT-CCRD-POSD;Apotheke Bahnhof;;;Einkauf Apotheke Bahnhof Zürich Karte xxxx 4821;5912
LENA-001345;CH4400700110001234567;2025-11-05;2025-11-05;408.10;CHF;DBIT;PMNT-IDDT-ESDD;Helsana Versicherungen AG;;;LSV Prämie Grundversicherung 11/2025;
LENA-001346;CH4400700110001234567;2025-11-06;2025-11-06;67.95;CHF;DBIT;PMNT-CCRD-POSD;Galaxus;;;Einkauf Galaxus Zürich Karte xxxx 4821;5651
LENA-001347;CH4400700110001234567;2025-11-10;2025-11-10;129.70;CHF;DBIT;PMNT-CCRD-POSD;Denner;;;Einkauf Denner Zürich HB Karte xxxx 4821;5411
LENA-001348;CH4400700110001234567;2025-11-10;2025-11-10;104.95;CHF;DBIT;PMNT-CCRD-POSD;Manor;;;Einkauf Manor Zürich Karte xxxx 4821;5651
LENA-001349;CH4400700110001234567;2025-11-10;2025-11-10;49.90;CHF;DBIT;PMNT-IDDT-ESDD;Sunrise GmbH;;;LSV Sunrise Mobile Abo;
LENA-001350;CH4400700110001234567;2025-11-10;2025-11-10;46.40;CHF;DBIT;PMNT-CCRD-POSD;Restaurant Hiltl;;;Einkauf Restaurant Hiltl Zürich Karte xxxx 4821;5812
LENA-001351;CH4400700110001234567;2025-11-10;2025-11-10;38.90;CHF;DBIT;PMNT-CCRD-POSD;Denner;;;Einkauf Denner Winterthur Karte xxxx 4821;5411
LENA-001352;CH4400700110001234567;2025-11-10;2025-11-10;31.35;CHF;DBIT;PMNT-CCRD-POSD;SBB Mobile;;;Einkauf SBB Mobile Zürich Karte xxxx 4821;4111
LENA-001353;CH4400700110001234567;2025-11-10;2025-11-10;16.40;CHF;DBIT;PMNT-CCRD-POSD;Denner;;;Einkauf Denner Winterthur Karte xxxx 4821;5411
LENA-001354;CH4400700110001234567;2025-11-10;2025-11-10;31.70;CHF;CRDT;PMNT-RCDT-ESCT;;;;TWINT *Empfangen von Luca Bernasconi;
LENA-001355;CH4400700110001234567;2025-11-11;2025-11-11;61.90;CHF;DBIT;PMNT-CCRD-POSD;Denner;;;Einkauf Denner Zürich Karte xxxx 4821;5411
LENA-001356;CH4400700110001234567;2025-11-12;2025-11-12;20.90;CHF;DBIT;PMNT-CCRD-POSD;Netflix International B.V.;;;Einkauf NETFLIX.COM Karte xxxx 4821;4899
LENA-001357;CH4400700110001234567;2025-11-12;2025-11-12;16.55;CHF;DBIT;PMNT-CCRD-POSD;SBB Mobile;;;Einkauf SBB Mobile Zürich Karte xxxx 4821;4111
LENA-001358;CH4400700110001234567;2025-11-12;2025-11-12;79.90;CHF;CRDT;PMNT-RCDT-ESCT;Zalando;;;Gutschrift Zalando Retoure;
LENA-001359;CH4400700110001234567;2025-11-14;2025-11-14;41.75;CHF;DBIT;PMNT-CCRD-POSD;Zeughauskeller;;;Einkauf Zeughauskeller Zürich Karte xxxx 4821;5812
LENA-001360;CH4400700110001234567;2025-11-17;2025-11-17;459.00;CHF;DBIT;PMNT-IDDT-ESDD;AMAG Leasing AG;;;Lastschrift Leasingvertrag 4410-2231 Rate;
LENA-001361;CH4400700110001234567;2025-11-17;2025-11-17;84.70;CHF;DBIT;PMNT-CCRD-POSD;Aldi Suisse;;;Einkauf Aldi Suisse Zürich Karte xxxx 4821;5411
LENA-001362;CH4400700110001234567;2025-11-17;2025-11-17;33.15;CHF;DBIT;PMNT-ICDT-ESCT;;;;TWINT *Sende an Sarah Keller;
LENA-001363;CH4400700110001234567;2025-11-17;2025-11-17;33.15;CHF;DBIT;PMNT-ICDT-ESCT;;;;TWINT *Sende an Jonas Frei;
LENA-001364;CH4400700110001234567;2025-11-18;2025-11-18;13.95;CHF;DBIT;PMNT-CCRD-POSD;Spotify AB;;;Einkauf Spotify P2F4A1 Stockholm Karte xxxx 4821;5815
LENA-001365;CH4400700110001234567;2025-11-20;2025-11-20;407.60;CHF;DBIT;PMNT-IDDT-ESDD;Viseca Card Services SA;;;Lastschrift Viseca Card Services SA Monatsrechnung 10/2025;
LENA-001366;CH4400700110001234567;2025-11-20;2025-11-20;10.15;CHF;DBIT;PMNT-CCRD-POSD;;;;TWINT *Kafi Dihei;
LENA-001367;CH4400700110001234567;2025-11-21;2025-11-21;30.00;CHF;DBIT;PMNT-ICDT-ESCT;;;;TWINT *Sende an Jonas Frei;
LENA-001368;CH4400700110001234567;2025-11-21;2025-11-21;17.05;CHF;DBIT;PMNT-CCRD-POSD;;;;TWINT *Migros;
LENA-001369;CH4400700110001234567;2025-11-24;2025-11-24;100.00;CHF;DBIT;PMNT-CCRD-CWDL;;;;Bargeldbezug Postomat Zürich Wiedikon Karte xxxx 4821;6011
LENA-001370;CH4400700110001234567;2025-11-24;2025-11-24;71.25;CHF;DBIT;PMNT-CCRD-POSD;Coop;;;Einkauf Coop Winterthur Karte xxxx 4821;5411
LENA-001371;CH4400700110001234567;2025-11-24;2025-11-24;60.05;CHF;DBIT;PMNT-CCRD-POSD;Starbucks;;;Einkauf Starbucks Zürich Karte xxxx 4821;5812
LENA-001372;CH4400700110001234567;2025-11-24;2025-11-24;30.00;CHF;DBIT;PMNT-ICDT-ESCT;;;;TWINT *Sende an Luca Bernasconi;
LENA-001373;CH4400700110001234567;2025-11-24;2025-11-24;28.00;CHF;DBIT;PMNT-CCRD-POSD;Zeughauskeller;;;Einkauf Zeughauskeller Zürich Karte xxxx 4821;5812
LENA-001374;CH4400700110001234567;2025-11-24;2025-11-24;6.70;CHF;DBIT;PMNT-CCRD-POSD;;;;TWINT *Bäckerei Hug;
LENA-001375;CH4400700110001234567;2025-11-25;2025-11-25;36.30;CHF;DBIT;PMNT-CCRD-POSD;Restaurant Hiltl;;;Einkauf Restaurant Hiltl Zürich Karte xxxx 4821;5812
LENA-001376;CH4400700110001234567;2025-11-25;2025-11-25;21.45;CHF;DBIT;PMNT-CCRD-POSD;Holy Cow Gourmet Burger;;;Einkauf Holy Cow Gourmet Burger Zürich Karte xxxx 4821;5812
LENA-001377;CH4400700110001234567;2025-11-25;2025-11-25;17.05;CHF;DBIT;PMNT-CCRD-POSD;Migros;;;Einkauf Migros Zürich HB Karte xxxx 4821;5411
LENA-001378;CH4400700110001234567;2025-11-25;2025-11-25;6926.11;CHF;CRDT;PMNT-RCDT-SALA;Limmat Data Solutions AG;CH9300762011623852957;;Gutschrift Lohn November 2025;
LENA-001379;CH4400700110001234567;2025-11-25;2025-11-25;6926.11;CHF;CRDT;PMNT-RCDT-SALA;Limmat Data Solutions AG;CH9300762011623852957;;Gutschrift 13. Monatslohn 2025;
LENA-001380;CH4400700110001234567;2025-11-26;2025-11-26;500.00;CHF;DBIT;PMNT-ICDT-BOOK;;CH7100700110009876543;;Übertrag auf Sparkonto;
LENA-001381;CH4400700110001234567;2025-11-26;2025-11-26;107.90;CHF;DBIT;PMNT-CCRD-POSD;Kino Arena;;;Einkauf Kino Arena Zürich Karte xxxx 4821;
LENA-001382;CH4400700110001234567;2025-11-26;2025-11-26;51.30;CHF;DBIT;PMNT-CCRD-POSD;Shell;;;Einkauf Shell Zürich Karte xxxx 4821;5541
LENA-001383;CH4400700110001234567;2025-11-26;2025-11-26;49.65;CHF;DBIT;PMNT-CCRD-POSD;Fantasywelt Zürich;;;Einkauf Fantasywelt Zürich Zürich Karte xxxx 4821;5945
LENA-001384;CH4400700110001234567;2025-11-26;2025-11-26;49.65;CHF;DBIT;PMNT-CCRD-POSD;Fantasywelt Zürich;;;Einkauf Fantasywelt Zürich Zürich Karte xxxx 4821;5945
LENA-001385;CH7100700110009876543;2025-11-26;2025-11-26;500.00;CHF;CRDT;PMNT-RCDT-BOOK;;CH4400700110001234567;;Übertrag auf Sparkonto;
LENA-001386;CH4400700110001234567;2025-11-27;2025-11-27;8.65;CHF;DBIT;PMNT-CCRD-POSD;ZVV Ticketautomat;;;Einkauf ZVV Ticketautomat Zürich Karte xxxx 4821;4111
LENA-001387;CH4400700110001234567;2025-11-28;2025-11-28;1020.00;CHF;DBIT;PMNT-ICDT-STDO;Steueramt der Stadt Zürich;;;Dauerauftrag Steuern Ratenzahlung;
LENA-001388;CH4400700110001234567;2025-11-28;2025-11-28;16.15;CHF;DBIT;PMNT-CCRD-POSD;Starbucks;;;Einkauf Starbucks Zürich Karte xxxx 4821;5812
LENA-001389;CH4400700110001234567;2025-11-28;2025-11-28;3.70;CHF;DBIT;PMNT-CCRD-POSD;SBB Mobile;;;Einkauf SBB Mobile Zürich Karte xxxx 4821;4111
LENA-001390;CH4400700110001234567;2025-11-28;2025-11-28;3.00;CHF;DBIT;ACMT-MDOP-CHRG;;;;Preis für Kontoführung;
LENA-001391;CH4400700110001234567;2025-12-01;2025-12-01;1890.00;CHF;DBIT;PMNT-ICDT-STDO;Immobilien Verwaltung Seefeld AG;;;Dauerauftrag Miete Wohnung Josefstrasse 12;
LENA-001392;CH4400700110001234567;2025-12-01;2025-12-01;150.00;CHF;DBIT;PMNT-ICDT-STDO;Immobilien Verwaltung Seefeld AG;;;Dauerauftrag Einstellplatz Nr. 17;
LENA-001393;CH4400700110001234567;2025-12-01;2025-12-01;27.85;CHF;DBIT;PMNT-CCRD-POSD;Kino Arena;;;Einkauf Kino Arena Zürich Karte xxxx 4821;
LENA-001394;CH4400700110001234567;2025-12-02;2025-12-02;100.00;CHF;DBIT;PMNT-CCRD-CWDL;;;;Bargeldbezug Bancomat ZKB Zürich HB Karte xxxx 4821;6011
LENA-001395;CH4400700110001234567;2025-12-02;2025-12-02;24.05;CHF;DBIT;PMNT-CCRD-POSD;Denner;;;Einkauf Denner Winterthur Karte xxxx 4821;5411
LENA-001396;CH4400700110001234567;2025-12-03;2025-12-03;89.00;CHF;DBIT;PMNT-IDDT-ESDD;Update Fitness AG;;;LSV Update Fitness Abo;
LENA-001397;CH4400700110001234567;2025-12-03;2025-12-03;32.95;CHF;DBIT;PMNT-CCRD-POSD;Aldi Suisse;;;Einkauf Aldi Suisse Zürich Karte xxxx 4821;5411
LENA-001398;CH4400700110001234567;2025-12-04;2025-12-04;96.80;CHF;DBIT;PMNT-CCRD-POSD;BP Tankstelle;;;Einkauf BP Tankstelle Zürich Karte xxxx 4821;5541
LENA-001399;CH4400700110001234567;2025-12-04;2025-12-04;67.95;CHF;DBIT;PMNT-CCRD-POSD;Starbucks;;;Einkauf Starbucks Zürich Karte xxxx 4821;5812
LENA-001400;CH4400700110001234567;2025-12-04;2025-12-04;65.05;CHF;DBIT;PMNT-CCRD-POSD;Coop;;;Einkauf Coop Winterthur Karte xxxx 4821;5411
LENA-001401;CH4400700110001234567;2025-12-04;2025-12-04;31.70;CHF;DBIT;PMNT-CCRD-POSD;Zeughauskeller;;;Einkauf Zeughauskeller Zürich Karte xxxx 4821;5812
LENA-001402;CH4400700110001234567;2025-12-05;2025-12-05;408.10;CHF;DBIT;PMNT-IDDT-ESDD;Helsana Versicherungen AG;;;LSV Prämie Grundversicherung 12/2025;
LENA-001403;CH4400700110001234567;2025-12-05;2025-12-05;38.80;CHF;DBIT;PMNT-CCRD-POSD;Denner;;;Einkauf Denner Zürich Karte xxxx 4821;5411
LENA-001404;CH4400700110001234567;2025-12-05;2025-12-05;32.90;CHF;DBIT;PMNT-CCRD-POSD;Restaurant Hiltl;;;Einkauf Restaurant Hiltl Zürich Karte xxxx 4821;5812
LENA-001405;CH4400700110001234567;2025-12-05;2025-12-05;24.35;CHF;DBIT;PMNT-CCRD-POSD;Coop;;;Einkauf Coop Zürich HB Karte xxxx 4821;5411
LENA-001406;CH4400700110001234567;2025-12-08;2025-12-08;49.90;CHF;DBIT;PMNT-IDDT-ESDD;Sunrise GmbH;;;LSV Sunrise Mobile Abo;
LENA-001407;CH4400700110001234567;2025-12-08;2025-12-08;40.95;CHF;DBIT;PMNT-CCRD-POSD;Zeughauskeller;;;Einkauf Zeughauskeller Zürich Karte xxxx 4821;5812
LENA-001408;CH4400700110001234567;2025-12-08;2025-12-08;36.20;CHF;DBIT;PMNT-CCRD-POSD;Aldi Suisse;;;Einkauf Aldi Suisse Zürich Karte xxxx 4821;5411
LENA-001409;CH4400700110001234567;2025-12-08;2025-12-08;26.80;CHF;DBIT;PMNT-CCRD-POSD;Holy Cow Gourmet Burger;;;Einkauf Holy Cow Gourmet Burger Zürich Karte xxxx 4821;5812
LENA-001410;CH4400700110001234567;2025-12-08;2025-12-08;23.95;CHF;DBIT;PMNT-CCRD-POSD;Orell Füssli;;;Einkauf Orell Füssli Zürich Karte xxxx 4821;
LENA-001411;CH4400700110001234567;2025-12-08;2025-12-08;18.55;CHF;DBIT;PMNT-CCRD-POSD;Zeughauskeller;;;Einkauf Zeughauskeller Zürich Karte xxxx 4821;5812
LENA-001412;CH4400700110001234567;2025-12-08;2025-12-08;18.10;CHF;DBIT;PMNT-CCRD-POSD;;;;TWINT *Kafi Dihei;
LENA-001413;CH4400700110001234567;2025-12-08;2025-12-08;6.20;CHF;DBIT;PMNT-CCRD-POSD;SBB Mobile;;;Einkauf SBB Mobile Zürich Karte xxxx 4821;4111
LENA-001414;CH4400700110001234567;2025-12-12;2025-12-12;20.90;CHF;DBIT;PMNT-CCRD-POSD;Netflix International B.V.;;;Einkauf NETFLIX.COM Karte xxxx 4821;4899
LENA-001415;CH4400700110001234567;2025-12-15;2025-12-15;459.00;CHF;DBIT;PMNT-IDDT-ESDD;AMAG Leasing AG;;;Lastschrift Leasingvertrag 4410-2231 Rate;
LENA-001416;CH4400700110001234567;2025-12-15;2025-12-15;85.60;CHF;DBIT;PMNT-CCRD-POSD;H&M;;;Einkauf H&M Zürich Karte xxxx 4821;5651
LENA-001417;CH4400700110001234567;2025-12-15;2025-12-15;35.25;CHF;DBIT;PMNT-CCRD-POSD;Zeughauskeller;;;Einkauf Zeughauskeller Zürich Karte xxxx 4821;5812
LENA-001418;CH4400700110001234567;2025-12-15;2025-12-15;33.75;CHF;DBIT;PMNT-CCRD-POSD;Denner;;;Einkauf Denner Zürich HB Karte xxxx 4821;5411
LENA-001419;CH4400700110001234567;2025-12-15;2025-12-15;32.50;CHF;DBIT;PMNT-ICDT-ESCT;;;;TWINT *Sende an Luca Bernasconi;
LENA-001420;CH4400700110001234567;2025-12-15;2025-12-15;12.55;CHF;DBIT;PMNT-CCRD-POSD;ZVV Ticketautomat;;;Einkauf ZVV Ticketautomat Zürich Karte xxxx 4821;4111
LENA-001421;CH4400700110001234567;2025-12-16;2025-12-16;20.80;CHF;DBIT;PMNT-ICDT-ESCT;;;;TWINT *Sende an Anna Meier;
LENA-001422;CH4400700110001234567;2025-12-17;2025-12-17;35.30;CHF;DBIT;PMNT-CCRD-POSD;Denner;;;Einkauf Denner Zürich Karte xxxx 4821;5411
LENA-001423;CH4400700110001234567;2025-12-17;2025-12-17;19.40;CHF;DBIT;PMNT-CCRD-POSD;Denner;;;Einkauf Denner Winterthur Karte xxxx 4821;5411
LENA-001424;CH4400700110001234567;2025-12-18;2025-12-18;29.10;CHF;DBIT;PMNT-CCRD-POSD;Migros;;;Einkauf Migros Winterthur Karte xxxx 4821;5411
LENA-001425;CH4400700110001234567;2025-12-18;2025-12-18;13.95;CHF;DBIT;PMNT-CCRD-POSD;Spotify AB;;;Einkauf Spotify P2F4A1 Stockholm Karte xxxx 4821;5815
LENA-001426;CH4400700110001234567;2025-12-19;2025-12-19;32.00;CHF;DBIT;PMNT-CCRD-POSD;Hallenbad City;;;Einkauf Hallenbad City Zürich Karte xxxx 4821;
LENA-001427;CH4400700110001234567;2025-12-22;2025-12-22;17.35;CHF;DBIT;PMNT-IDDT-ESDD;Viseca Card Services SA;;;Lastschrift Viseca Card Services SA Monatsrechnung 11/2025;
LENA-001428;CH4400700110001234567;2025-12-22;2025-12-22;15.35;CHF;DBIT;PMNT-CCRD-POSD;;;;TWINT *Bäckerei Hug;
LENA-001429;CH4400700110001234567;2025-12-22;2025-12-22;7.95;CHF;DBIT;PMNT-CCRD-POSD;;;;TWINT *Bäckerei Hug;
LENA-001430;CH4400700110001234567;2025-12-23;2025-12-23;45.50;CHF;DBIT;PMNT-CCRD-POSD;Zeughauskeller;;;Einkauf Zeughauskeller Zürich Karte xxxx 4821;5812
LENA-001431;CH4400700110001234567;2025-12-23;2025-12-23;36.35;CHF;DBIT;PMNT-CCRD-POSD;Migros;;;Einkauf Migros Winterthur Karte xxxx 4821;5411
LENA-001432;CH4400700110001234567;2025-12-23;2025-12-23;28.95;CHF;DBIT;PMNT-CCRD-POSD;Migros;;;Einkauf Migros Winterthur Karte xxxx 4821;5411
LENA-001433;CH4400700110001234567;2025-12-23;2025-12-23;24.15;CHF;DBIT;PMNT-CCRD-POSD;Starbucks;;;Einkauf Starbucks Zürich Karte xxxx 4821;5812
LENA-001434;CH4400700110001234567;2025-12-23;2025-12-23;22.50;CHF;DBIT;PMNT-ICDT-ESCT;;;;TWINT *Sende an Luca Bernasconi;
LENA-001435;CH4400700110001234567;2025-12-25;2025-12-25;194.25;CHF;DBIT;PMNT-CCRD-POSD;IKEA;;;Einkauf IKEA Zürich Karte xxxx 4821;5651
LENA-001436;CH4400700110001234567;2025-12-25;2025-12-25;94.90;CHF;DBIT;PMNT-CCRD-POSD;Hallenbad City;;;Einkauf Hallenbad City Zürich Karte xxxx 4821;
LENA-001437;CH4400700110001234567;2025-12-25;2025-12-25;6926.11;CHF;CRDT;PMNT-RCDT-SALA;Limmat Data Solutions AG;CH9300762011623852957;;Gutschrift Lohn Dezember 2025;
LENA-001438;CH4400700110001234567;2025-12-26;2025-12-26;500.00;CHF;DBIT;PMNT-ICDT-BOOK;;CH7100700110009876543;;Übertrag auf Sparkonto;
LENA-001439;CH4400700110001234567;2025-12-26;2025-12-26;4.55;CHF;DBIT;PMNT-CCRD-POSD;Parkhaus Urania;;;Einkauf Parkhaus Urania Zürich Karte xxxx 4821;
LENA-001440;CH7100700110009876543;2025-12-26;2025-12-26;500.00;CHF;CRDT;PMNT-RCDT-BOOK;;CH4400700110001234567;;Übertrag auf Sparkonto;
LENA-001441;CH4400700110001234567;2025-12-29;2025-12-29;1020.00;CHF;DBIT;PMNT-ICDT-STDO;Steueramt der Stadt Zürich;;;Dauerauftrag Steuern Ratenzahlung;
LENA-001442;CH4400700110001234567;2025-12-29;2025-12-29;100.00;CHF;DBIT;PMNT-CCRD-CWDL;;;;Bargeldbezug Bancomat ZKB Zürich HB Karte xxxx 4821;6011
LENA-001443;CH4400700110001234567;2025-12-29;2025-12-29;72.70;CHF;DBIT;PMNT-CCRD-POSD;Coiffeur Seefeld;;;Einkauf Coiffeur Seefeld Zürich Karte xxxx 4821;
LENA-001444;CH4400700110001234567;2025-12-29;2025-12-29;29.25;CHF;DBIT;PMNT-CCRD-POSD;Ticketcorner;;;Einkauf Ticketcorner Zürich Karte xxxx 4821;
LENA-001445;CH4400700110001234567;2025-12-29;2025-12-29;3.00;CHF;DBIT;ACMT-MDOP-CHRG;;;;Preis für Kontoführung;
LENA-001446;CH7100700110009876543;2025-12-31;2025-12-31;100.20;CHF;CRDT;ACMT-MDOP-INTR;;;;Zinsgutschrift;
LENA-001447;CH4400700110001234567;2026-01-01;2026-01-01;1890.00;CHF;DBIT;PMNT-ICDT-STDO;Immobilien Verwaltung Seefeld AG;;;Dauerauftrag Miete Wohnung Josefstrasse 12;
LENA-001448;CH4400700110001234567;2026-01-01;2026-01-01;150.00;CHF;DBIT;PMNT-ICDT-STDO;Immobilien Verwaltung Seefeld AG;;;Dauerauftrag Einstellplatz Nr. 17;
LENA-001449;CH4400700110001234567;2026-01-01;2026-01-01;14.10;CHF;DBIT;PMNT-CCRD-POSD;;;;TWINT *Kafi Dihei;
LENA-001450;CH4400700110001234567;2026-01-02;2026-01-02;41.10;CHF;DBIT;PMNT-CCRD-POSD;Restaurant Hiltl;;;Einkauf Restaurant Hiltl Zürich Karte xxxx 4821;5812
LENA-001451;CH4400700110001234567;2026-01-05;2026-01-05;432.40;CHF;DBIT;PMNT-IDDT-ESDD;Helsana Versicherungen AG;;;LSV Prämie Grundversicherung 01/2026;
LENA-001452;CH4400700110001234567;2026-01-05;2026-01-05;260.00;CHF;DBIT;PMNT-CCRD-CWDL;;;;Bargeldbezug Bancomat UBS Stauffacher Karte xxxx 4821;6011
LENA-001453;CH4400700110001234567;2026-01-05;2026-01-05;89.00;CHF;DBIT;PMNT-IDDT-ESDD;Update Fitness AG;;;LSV Update Fitness Abo;
LENA-001454;CH4400700110001234567;2026-01-05;2026-01-05;42.35;CHF;DBIT;PMNT-CCRD-POSD;Migros;;;Einkauf Migros Zürich HB Karte xxxx 4821;5411
LENA-001455;CH4400700110001234567;2026-01-05;2026-01-05;36.95;CHF;DBIT;PMNT-CCRD-POSD;Coop;;;Einkauf Coop Zürich HB Karte xxxx 4821;5411
LENA-001456;CH4400700110001234567;2026-01-05;2026-01-05;8.25;CHF;DBIT;PMNT-CCRD-POSD;;;;TWINT *Migros;
LENA-001457;CH4400700110001234567;2026-01-06;2026-01-06;56.55;CHF;DBIT;PMNT-CCRD-POSD;Coop;;;Einkauf Coop Winterthur Karte xxxx 4821;5411
LENA-001458;CH4400700110001234567;2026-01-07;2026-01-07;61.10;CHF;DBIT;PMNT-CCRD-POSD;Tibits;;;Einkauf Tibits Zürich Karte xxxx 4821;5812
LENA-001459;CH4400700110001234567;2026-01-08;2026-01-08;52.25;CHF;DBIT;PMNT-CCRD-POSD;Denner;;;Einkauf Denner Zürich HB Karte xxxx 4821;5411
LENA-001460;CH4400700110001234567;2026-01-08;2026-01-08;49.90;CHF;DBIT;PMNT-IDDT-ESDD;Sunrise GmbH;;;LSV Sunrise Mobile Abo;
LENA-001461;CH4400700110001234567;2026-01-08;2026-01-08;14.40;CHF;DBIT;PMNT-CCRD-POSD;;;;TWINT *Kafi Dihei;
LENA-001462;CH4400700110001234567;2026-01-09;2026-01-09;86.75;CHF;DBIT;PMNT-CCRD-POSD;Coiffeur Seefeld;;;Einkauf Coiffeur Seefeld Zürich Karte xxxx 4821;
LENA-001463;CH4400700110001234567;2026-01-09;2026-01-09;40.00;CHF;DBIT;PMNT-CCRD-POSD;Die Post;;;Einkauf Autobahnvignette Post Zürich;
LENA-001464;CH4400700110001234567;2026-01-12;2026-01-12;49.65;CHF;DBIT;PMNT-CCRD-POSD;Denner;;;Einkauf Denner Zürich Karte xxxx 4821;5411
LENA-001465;CH4400700110001234567;2026-01-12;2026-01-12;20.90;CHF;DBIT;PMNT-CCRD-POSD;Netflix International B.V.;;;Einkauf NETFLIX.COM Karte xxxx 4821;4899
LENA-001466;CH4400700110001234567;2026-01-12;2026-01-12;16.35;CHF;DBIT;PMNT-CCRD-POSD;SBB Mobile;;;Einkauf SBB Mobile Zürich Karte xxxx 4821;4111
LENA-001467;CH4400700110001234567;2026-01-12;2026-01-12;15.70;CHF;DBIT;PMNT-CCRD-POSD;Migros;;;Einkauf Migros Zürich HB Karte xxxx 4821;5411
LENA-001468;CH4400700110001234567;2026-01-12;2026-01-12;4.45;CHF;DBIT;PMNT-CCRD-POSD;Parkhaus Urania;;;Einkauf Parkhaus Urania Zürich Karte xxxx 4821;
LENA-001469;CH4400700110001234567;2026-01-13;2026-01-13;16.65;CHF;DBIT;PMNT-CCRD-POSD;Apotheke Bahnhof;;;Einkauf Apotheke Bahnhof Zürich Karte xxxx 4821;5912
LENA-001470;CH4400700110001234567;2026-01-14;2026-01-14;30.75;CHF;DBIT;PMNT-CCRD-POSD;Migros;;;Einkauf Migros Zürich HB Karte xxxx 4821;5411
LENA-001471;CH4400700110001234567;2026-01-14;2026-01-14;27.65;CHF;DBIT;PMNT-CCRD-POSD;Lidl;;;Einkauf Lidl Zürich HB Karte xxxx 4821;5411
LENA-001472;CH4400700110001234567;2026-01-15;2026-01-15;459.00;CHF;DBIT;PMNT-IDDT-ESDD;AMAG Leasing AG;;;Lastschrift Leasingvertrag 4410-2231 Rate;
LENA-001473;CH4400700110001234567;2026-01-19;2026-01-19;95.20;CHF;DBIT;PMNT-CCRD-POSD;Aldi Suisse;;;Einkauf Aldi Suisse Winterthur Karte xxxx 4821;5411
LENA-001474;CH4400700110001234567;2026-01-19;2026-01-19;44.45;CHF;DBIT;PMNT-CCRD-POSD;Migros;;;Einkauf Migros Winterthur Karte xxxx 4821;5411
LENA-001475;CH4400700110001234567;2026-01-19;2026-01-19;32.90;CHF;DBIT;PMNT-CCRD-POSD;Migros;;;Einkauf Migros Zürich HB Karte xxxx 4821;5411
LENA-001476;CH4400700110001234567;2026-01-19;2026-01-19;30.60;CHF;DBIT;PMNT-CCRD-POSD;;;;TWINT *Bäckerei Hug;
LENA-001477;CH4400700110001234567;2026-01-19;2026-01-19;13.95;CHF;DBIT;PMNT-CCRD-POSD;Spotify AB;;;Einkauf Spotify P2F4A1 Stockholm Karte xxxx 4821;5815
LENA-001478;CH4400700110001234567;2026-01-20;2026-01-20;893.45;CHF;DBIT;PMNT-IDDT-ESDD;Viseca Card Services SA;;;Lastschrift Viseca Card Services SA Monatsrechnung 12/2025;
LENA-001479;CH4400700110001234567;2026-01-20;2026-01-20;285.00;CHF;DBIT;PMNT-ICDT-DMCT;Die Mobiliar;;;Zahlung Prämie Hausrat Privathaftpflicht;
LENA-001480;CH4400700110001234567;2026-01-21;2026-01-21;11.20;CHF;DBIT;PMNT-ICDT-ESCT;;;;TWINT *Sende an Sarah Keller;
LENA-001481;CH4400700110001234567;2026-01-22;2026-01-22;87.40;CHF;DBIT;PMNT-IDDT-ESDD;ewz Elektrizitätswerk der Stadt Zürich;;;LSV Stromrechnung;
LENA-001482;CH4400700110001234567;2026-01-22;2026-01-22;30.20;CHF;DBIT;PMNT-CCRD-POSD;Migros;;;Einkauf Migros Zürich HB Karte xxxx 4821;5411
LENA-001483;CH4400700110001234567;2026-01-26;2026-01-26;500.00;CHF;DBIT;PMNT-ICDT-BOOK;;CH7100700110009876543;;Übertrag auf Sparkonto;
LENA-001484;CH4400700110001234567;2026-01-26;2026-01-26;80.85;CHF;DBIT;PMNT-CCRD-POSD;BP Tankstelle;;;Einkauf BP Tankstelle Zürich Karte xxxx 4821;5541
LENA-001485;CH4400700110001234567;2026-01-26;2026-01-26;44.40;CHF;DBIT;PMNT-CCRD-POSD;Lidl;;;Einkauf Lidl Zürich Karte xxxx 4821;5411
LENA-001486;CH4400700110001234567;2026-01-26;2026-01-26;7030.00;CHF;CRDT;PMNT-RCDT-SALA;Limmat Data Solutions AG;CH9300762011623852957;;Gutschrift Lohn Januar 2026;
LENA-001487;CH7100700110009876543;2026-01-26;2026-01-26;500.00;CHF;CRDT;PMNT-RCDT-BOOK;;CH4400700110001234567;;Übertrag auf Sparkonto;
LENA-001488;CH4400700110001234567;2026-01-27;2026-01-27;60.25;CHF;DBIT;PMNT-CCRD-POSD;Migrol Tankstelle;;;Einkauf Migrol Tankstelle Zürich Karte xxxx 4821;5541
LENA-001489;CH4400700110001234567;2026-01-27;2026-01-27;57.50;CHF;CRDT;PMNT-RCDT-ESCT;;;;TWINT *Empfangen von Jonas Frei;
LENA-001490;CH4400700110001234567;2026-01-28;2026-01-28;1020.00;CHF;DBIT;PMNT-ICDT-STDO;Steueramt der Stadt Zürich;;;Dauerauftrag Steuern Ratenzahlung;
LENA-001491;CH4400700110001234567;2026-01-28;2026-01-28;3.00;CHF;DBIT;ACMT-MDOP-CHRG;;;;Preis für Kontoführung;
LENA-001492;CH7100700110009876543;2026-02-26;2026-02-26;500.00;CHF;CRDT;PMNT-RCDT-BOOK;;CH4400700110001234567;;Übertrag auf Sparkonto;
LENA-001493;CH4400700110001234567;2026-03-02;2026-03-02;1890.00;CHF;DBIT;PMNT-ICDT-STDO;Immobilien Verwaltung Seefeld AG;;;Dauerauftrag Miete Wohnung Josefstrasse 12;
LENA-001494;CH4400700110001234567;2026-03-02;2026-03-02;1020.00;CHF;DBIT;PMNT-ICDT-STDO;Steueramt der Stadt Zürich;;;Dauerauftrag Steuern Ratenzahlung;
LENA-001495;CH4400700110001234567;2026-03-02;2026-03-02;150.00;CHF;DBIT;PMNT-ICDT-STDO;Immobilien Verwaltung Seefeld AG;;;Dauerauftrag Einstellplatz Nr. 17;
LENA-001496;CH4400700110001234567;2026-03-02;2026-03-02;74.85;CHF;DBIT;PMNT-CCRD-POSD;Coiffeur Seefeld;;;Einkauf Coiffeur Seefeld Zürich Karte xxxx 4821;
LENA-001497;CH4400700110001234567;2026-03-02;2026-03-02;60.05;CHF;DBIT;PMNT-CCRD-POSD;Sushi Mania;;;Einkauf Sushi Mania Zürich Karte xxxx 4821;5812
LENA-001498;CH4400700110001234567;2026-03-02;2026-03-02;41.20;CHF;DBIT;PMNT-CCRD-POSD;Denner;;;Einkauf Denner Zürich Karte xxxx 4821;5411
LENA-001499;CH4400700110001234567;2026-03-02;2026-03-02;3.00;CHF;DBIT;ACMT-MDOP-CHRG;;;;Preis für Kontoführung;
LENA-001500;CH4400700110001234567;2026-03-03;2026-03-03;89.00;CHF;DBIT;PMNT-IDDT-ESDD;Update Fitness AG;;;LSV Update Fitness Abo;
LENA-001501;CH4400700110001234567;2026-03-04;2026-03-04;297.85;CHF;DBIT;PMNT-CCRD-POSD;Manor;;;Einkauf Manor Zürich Karte xxxx 4821;5651
LENA-001502;CH4400700110001234567;2026-03-04;2026-03-04;260.00;CHF;DBIT;PMNT-CCRD-CWDL;;;;Bargeldbezug Postomat Zürich Wiedikon Karte xxxx 4821;6011
LENA-001503;CH4400700110001234567;2026-03-04;2026-03-04;129.00;CHF;CRDT;PMNT-RCDT-ESCT;Galaxus;;;Gutschrift Galaxus Retoure;
LENA-001504;CH4400700110001234567;2026-03-05;2026-03-05;432.40;CHF;DBIT;PMNT-IDDT-ESDD;Helsana Versicherungen AG;;;LSV Prämie Grundversicherung 03/2026;
LENA-001505;CH4400700110001234567;2026-03-05;2026-03-05;10.95;CHF;DBIT;PMNT-CCRD-POSD;;;;TWINT *Bäckerei Hug;
LENA-001506;CH4400700110001234567;2026-03-06;2026-03-06;32.55;CHF;DBIT;PMNT-CCRD-POSD;Orell Füssli;;;Einkauf Orell Füssli Zürich Karte xxxx 4821;
LENA-001507;CH4400700110001234567;2026-03-09;2026-03-09;49.90;CHF;DBIT;PMNT-IDDT-ESDD;Sunrise GmbH;;;LSV Sunrise Mobile Abo;
LENA-001508;CH4400700110001234567;2026-03-09;2026-03-09;18.50;CHF;DBIT;PMNT-CCRD-POSD;Migros;;;Einkauf Migros Winterthur Karte xxxx 4821;5411
LENA-001509;CH4400700110001234567;2026-03-09;2026-03-09;8.70;CHF;DBIT;PMNT-CCRD-POSD;;;;TWINT *Bäckerei Hug;
LENA-001510;CH4400700110001234567;2026-03-10;2026-03-10;1380.00;CHF;DBIT;PMNT-ICDT-DMCT;AXA Versicherungen AG;;;Zahlung Motorfahrzeugversicherung Police 7.123.456;
LENA-001511;CH4400700110001234567;2026-03-12;2026-03-12;60.05;CHF;DBIT;PMNT-CCRD-POSD;Starbucks;;;Einkauf Starbucks Zürich Karte xxxx 4821;5812
LENA-001512;CH4400700110001234567;2026-03-12;2026-03-12;20.90;CHF;DBIT;PMNT-CCRD-POSD;Netflix International B.V.;;;Einkauf NETFLIX.COM Karte xxxx 4821;4899
LENA-001513;CH4400700110001234567;2026-03-13;2026-03-13;89.65;CHF;DBIT;PMNT-CCRD-POSD;Denner;;;Einkauf Denner Zürich HB Karte xxxx 4821;5411
LENA-001514;CH4400700110001234567;2026-03-13;2026-03-13;39.25;CHF;DBIT;PMNT-CCRD-POSD;Holy Cow Gourmet Burger;;;Einkauf Holy Cow Gourmet Burger Zürich Karte xxxx 4821;5812
LENA-001515;CH4400700110001234567;2026-03-16;2026-03-16;459.00;CHF;DBIT;PMNT-IDDT-ESDD;AMAG Leasing AG;;;Lastschrift Leasingvertrag 4410-2231 Rate;
LENA-001516;CH4400700110001234567;2026-03-16;2026-03-16;53.35;CHF;DBIT;PMNT-CCRD-POSD;Restaurant Hiltl;;;Einkauf Restaurant Hiltl Zürich Karte xxxx 4821;5812
LENA-001517;CH4400700110001234567;2026-03-16;2026-03-16;35.35;CHF;DBIT;PMNT-CCRD-POSD;Zeughauskeller;;;Einkauf Zeughauskeller Zürich Karte xxxx 4821;5812
LENA-001518;CH4400700110001234567;2026-03-16;2026-03-16;21.60;CHF;DBIT;PMNT-CCRD-POSD;Migros;;;Einkauf Migros Zürich Karte xxxx 4821;5411
LENA-001519;CH4400700110001234567;2026-03-17;2026-03-17;72.80;CHF;DBIT;PMNT-CCRD-POSD;Denner;;;Einkauf Denner Winterthur Karte xxxx 4821;5411
LENA-001520;CH4400700110001234567;2026-03-18;2026-03-18;64.55;CHF;DBIT;PMNT-CCRD-POSD;Restaurant Hiltl;;;Einkauf Restaurant Hiltl Zürich Karte xxxx 4821;5812
LENA-001521;CH4400700110001234567;2026-03-18;2026-03-18;34.10;CHF;DBIT;PMNT-CCRD-POSD;Kino Arena;;;Einkauf Kino Arena Zürich Karte xxxx 4821;
LENA-001522;CH4400700110001234567;2026-03-18;2026-03-18;13.95;CHF;DBIT;PMNT-CCRD-POSD;Spotify AB;;;Einkauf Spotify P2F4A1 Stockholm Karte xxxx 4821;5815
LENA-001523;CH4400700110001234567;2026-03-19;2026-03-19;188.75;CHF;DBIT;PMNT-CCRD-POSD;Denner;;;Einkauf Denner Zürich HB Karte xxxx 4821;5411
LENA-001524;CH4400700110001234567;2026-03-20;2026-03-20;862.10;CHF;DBIT;PMNT-IDDT-ESDD;Viseca Card Services SA;;;Lastschrift Viseca Card Services SA Monatsrechnung 02/2026;
LENA-001525;CH4400700110001234567;2026-03-20;2026-03-20;10.05;CHF;DBIT;PMNT-CCRD-POSD;SBB Mobile;;;Einkauf SBB Mobile Zürich Karte xxxx 4821;4111
LENA-001526;CH4400700110001234567;2026-03-23;2026-03-23;62.40;CHF;DBIT;PMNT-CCRD-POSD;Coop Pronto Tankstelle;;;Einkauf Coop Pronto Tankstelle Zürich Karte xxxx 4821;5541
LENA-001527;CH4400700110001234567;2026-03-23;2026-03-23;46.40;CHF;DBIT;PMNT-CCRD-POSD;Lidl;;;Einkauf Lidl Zürich Karte xxxx 4821;5411
LENA-001528;CH4400700110001234567;2026-03-23;2026-03-23;37.00;CHF;DBIT;PMNT-CCRD-POSD;Restaurant Hiltl;;;Einkauf Restaurant Hiltl Zürich Karte xxxx 4821;5812
LENA-001529;CH4400700110001234567;2026-03-23;2026-03-23;26.45;CHF;DBIT;PMNT-CCRD-POSD;Sushi Mania;;;Einkauf Sushi Mania Zürich Karte xxxx 4821;5812
LENA-001530;CH4400700110001234567;2026-03-23;2026-03-23;20.80;CHF;DBIT;PMNT-CCRD-POSD;Sushi Mania;;;Einkauf Sushi Mania Zürich Karte xxxx 4821;5812
LENA-001531;CH4400700110001234567;2026-03-23;2026-03-23;16.40;CHF;DBIT;PMNT-CCRD-POSD;;;;TWINT *Kafi Dihei;
LENA-001532;CH4400700110001234567;2026-03-23;2026-03-23;5.40;CHF;DBIT;PMNT-CCRD-POSD;;;;TWINT *Kafi Dihei;
LENA-001533;CH4400700110001234567;2026-03-24;2026-03-24;15.50;CHF;DBIT;PMNT-CCRD-POSD;Migros;;;Einkauf Migros Winterthur Karte xxxx 4821;5411
LENA-001534;CH4400700110001234567;2026-03-25;2026-03-25;28.70;CHF;DBIT;PMNT-ICDT-ESCT;;;;TWINT *Sende an Luca Bernasconi;
LENA-001535;CH4400700110001234567;2026-03-25;2026-03-25;12.40;CHF;DBIT;PMNT-CCRD-POSD;Amavita Apotheke;;;Einkauf Amavita Apotheke Zürich Karte xxxx 4821;5912
LENA-001536;CH4400700110001234567;2026-03-25;2026-03-25;7030.00;CHF;CRDT;PMNT-RCDT-SALA;Limmat Data Solutions AG;CH9300762011623852957;;Gutschrift Lohn März 2026;
LENA-001537;CH4400700110001234567;2026-03-26;2026-03-26;500.00;CHF;DBIT;PMNT-ICDT-BOOK;;CH7100700110009876543;;Übertrag auf Sparkonto;
LENA-001538;CH7100700110009876543;2026-03-26;2026-03-26;500.00;CHF;CRDT;PMNT-RCDT-BOOK;;CH4400700110001234567;;Übertrag auf Sparkonto;
LENA-001539;CH4400700110001234567;2026-03-27;2026-03-27;84.40;CHF;DBIT;PMNT-CCRD-POSD;Shell;;;Einkauf Shell Zürich Karte xxxx 4821;5541
LENA-001540;CH4400700110001234567;2026-03-30;2026-03-30;1020.00;CHF;DBIT;PMNT-ICDT-STDO;Steueramt der Stadt Zürich;;;Dauerauftrag Steuern Ratenzahlung;
LENA-001541;CH4400700110001234567;2026-03-30;2026-03-30;82.05;CHF;DBIT;PMNT-CCRD-POSD;Denner;;;Einkauf Denner Zürich Karte xxxx 4821;5411
LENA-001542;CH4400700110001234567;2026-03-30;2026-03-30;13.30;CHF;DBIT;PMNT-CCRD-POSD;;;;TWINT *Kafi Dihei;
LENA-001543;CH4400700110001234567;2026-03-30;2026-03-30;3.00;CHF;DBIT;ACMT-MDOP-CHRG;;;;Preis für Kontoführung;
LENA-001544;CH4400700110001234567;2026-04-01;2026-04-01;1890.00;CHF;DBIT;PMNT-ICDT-STDO;Immobilien Verwaltung Seefeld AG;;;Dauerauftrag Miete Wohnung Josefstrasse 12;
LENA-001545;CH4400700110001234567;2026-04-01;2026-04-01;150.00;CHF;DBIT;PMNT-ICDT-STDO;Immobilien Verwaltung Seefeld AG;;;Dauerauftrag Einstellplatz Nr. 17;
LENA-001546;CH4400700110001234567;2026-04-03;2026-04-03;89.00;CHF;DBIT;PMNT-IDDT-ESDD;Update Fitness AG;;;LSV Update Fitness Abo;
LENA-001547;CH4400700110001234567;2026-04-03;2026-04-03;34.10;CHF;DBIT;PMNT-CCRD-POSD;Apotheke Bahnhof;;;Einkauf Apotheke Bahnhof Zürich Karte xxxx 4821;5912
LENA-001548;CH4400700110001234567;2026-04-03;2026-04-03;29.95;CHF;DBIT;PMNT-CCRD-POSD;Hallenbad City;;;Einkauf Hallenbad City Zürich Karte xxxx 4821;
LENA-001549;CH4400700110001234567;2026-04-06;2026-04-06;432.40;CHF;DBIT;PMNT-IDDT-ESDD;Helsana Versicherungen AG;;;LSV Prämie Grundversicherung 04/2026;
LENA-001550;CH4400700110001234567;2026-04-06;2026-04-06;71.50;CHF;DBIT;PMNT-CCRD-POSD;Migrol Tankstelle;;;Einkauf Migrol Tankstelle Zürich Karte xxxx 4821;5541
LENA-001551;CH4400700110001234567;2026-04-06;2026-04-06;58.05;CHF;DBIT;PMNT-CCRD-POSD;Sushi Mania;;;Einkauf Sushi Mania Zürich Karte xxxx 4821;5812
LENA-001552;CH4400700110001234567;2026-04-06;2026-04-06;39.75;CHF;DBIT;PMNT-CCRD-POSD;Zeughauskeller;;;Einkauf Zeughauskeller Zürich Karte xxxx 4821;5812
LENA-001553;CH4400700110001234567;2026-04-06;2026-04-06;28.40;CHF;DBIT;PMNT-CCRD-POSD;Hallenbad City;;;Einkauf Hallenbad City Zürich Karte xxxx 4821;
LENA-001554;CH4400700110001234567;2026-04-07;2026-04-07;28.90;CHF;DBIT;PMNT-CCRD-POSD;Holy Cow Gourmet Burger;;;Einkauf Holy Cow Gourmet Burger Zürich Karte xxxx 4821;5812
LENA-001555;CH4400700110001234567;2026-04-08;2026-04-08;49.90;CHF;DBIT;PMNT-IDDT-ESDD;Sunrise GmbH;;;LSV Sunrise Mobile Abo;
LENA-001556;CH4400700110001234567;2026-04-08;2026-04-08;5.70;CHF;DBIT;PMNT-CCRD-POSD;ZVV Ticketautomat;;;Einkauf ZVV Ticketautomat Zürich Karte xxxx 4821;4111
LENA-001557;CH4400700110001234567;2026-04-10;2026-04-10;79.00;CHF;DBIT;PMNT-CCRD-POSD;Aldi Suisse;;;Einkauf Aldi Suisse Winterthur Karte xxxx 4821;5411
LENA-001558;CH4400700110001234567;2026-04-13;2026-04-13;335.00;CHF;DBIT;PMNT-ICDT-DMCT;Serafe AG;;;Zahlung Radio- und Fernsehabgabe 2026;
LENA-001559;CH4400700110001234567;2026-04-13;2026-04-13;160.00;CHF;DBIT;PMNT-CCRD-CWDL;;;;Bargeldbezug Postomat Zürich Wiedikon Karte xxxx 4821;6011
LENA-001560;CH4400700110001234567;2026-04-13;2026-04-13;20.90;CHF;DBIT;PMNT-CCRD-POSD;Netflix International B.V.;;;Einkauf NETFLIX.COM Karte xxxx 4821;4899
LENA-001561;CH4400700110001234567;2026-04-13;2026-04-13;8.90;CHF;DBIT;PMNT-CCRD-POSD;;;;TWINT *Bäckerei Hug;
LENA-001562;CH4400700110001234567;2026-04-14;2026-04-14;741.10;CHF;DBIT;PMNT-ICDT-DMCT;Garage Wiedikon AG;;;Zahlung Rechnung Service und Reifenwechsel;
LENA-001563;CH4400700110001234567;2026-04-14;2026-04-14;58.45;CHF;DBIT;PMNT-CCRD-POSD;Migrol Tankstelle;;;Einkauf Migrol Tankstelle Zürich Karte xxxx 4821;5541
LENA-001564;CH4400700110001234567;2026-04-14;2026-04-14;29.35;CHF;DBIT;PMNT-CCRD-POSD;Hallenbad City;;;Einkauf Hallenbad City Zürich Karte xxxx 4821;
LENA-001565;CH4400700110001234567;2026-04-15;2026-04-15;459.00;CHF;DBIT;PMNT-IDDT-ESDD;AMAG Leasing AG;;;Lastschrift Leasingvertrag 4410-2231 Rate;
LENA-001566;CH4400700110001234567;2026-04-15;2026-04-15;35.00;CHF;DBIT;PMNT-CCRD-POSD;Denner;;;Einkauf Denner Zürich HB Karte xxxx 4821;5411
LENA-001567;CH4400700110001234567;2026-04-17;2026-04-17;57.45;CHF;DBIT;PMNT-CCRD-POSD;Fantasywelt Zürich;;;Einkauf Fantasywelt Zürich Zürich Karte xxxx 4821;5945
LENA-001568;CH4400700110001234567;2026-04-17;2026-04-17;36.45;CHF;DBIT;PMNT-CCRD-POSD;Holy Cow Gourmet Burger;;;Einkauf Holy Cow Gourmet Burger Zürich Karte xxxx 4821;5812
LENA-001569;CH4400700110001234567;2026-04-17;2026-04-17;35.20;CHF;DBIT;PMNT-CCRD-POSD;Tibits;;;Einkauf Tibits Zürich Karte xxxx 4821;5812
LENA-001570;CH4400700110001234567;2026-04-17;2026-04-17;15.85;CHF;DBIT;PMNT-CCRD-POSD;;;;TWINT *Bäckerei Hug;
LENA-001571;CH4400700110001234567;2026-04-20;2026-04-20;105.85;CHF;DBIT;PMNT-CCRD-POSD;Aldi Suisse;;;Einkauf Aldi Suisse Zürich HB Karte xxxx 4821;5411
LENA-001572;CH4400700110001234567;2026-04-20;2026-04-20;100.00;CHF;DBIT;PMNT-CCRD-CWDL;;;;Bargeldbezug Bancomat ZKB Zürich HB Karte xxxx 4821;6011
LENA-001573;CH4400700110001234567;2026-04-20;2026-04-20;30.55;CHF;DBIT;PMNT-IDDT-ESDD;Viseca Card Services SA;;;Lastschrift Viseca Card Services SA Monatsrechnung 03/2026;
LENA-001574;CH4400700110001234567;2026-04-20;2026-04-20;24.05;CHF;DBIT;PMNT-CCRD-POSD;Starbucks;;;Einkauf Starbucks Zürich Karte xxxx 4821;5812
LENA-001575;CH4400700110001234567;2026-04-20;2026-04-20;21.15;CHF;DBIT;PMNT-CCRD-POSD;Orell Füssli;;;Einkauf Orell Füssli Zürich Karte xxxx 4821;
LENA-001576;CH4400700110001234567;2026-04-20;2026-04-20;13.95;CHF;DBIT;PMNT-CCRD-POSD;Spotify AB;;;Einkauf Spotify P2F4A1 Stockholm Karte xxxx 4821;5815
LENA-001577;CH4400700110001234567;2026-04-20;2026-04-20;11.35;CHF;DBIT;PMNT-CCRD-POSD;ZVV Ticketautomat;;;Einkauf ZVV Ticketautomat Zürich Karte xxxx 4821;4111
LENA-001578;CH4400700110001234567;2026-04-20;2026-04-20;8.95;CHF;DBIT;PMNT-CCRD-POSD;Parkhaus Urania;;;Einkauf Parkhaus Urania Zürich Karte xxxx 4821;
LENA-001579;CH4400700110001234567;2026-04-22;2026-04-22;110.05;CHF;DBIT;PMNT-IDDT-ESDD;ewz Elektrizitätswerk der Stadt Zürich;;;LSV Stromrechnung;
LENA-001580;CH4400700110001234567;2026-04-22;2026-04-22;28.15;CHF;DBIT;PMNT-CCRD-POSD;Aldi Suisse;;;Einkauf Aldi Suisse Winterthur Karte xxxx 4821;5411
LENA-001581;CH4400700110001234567;2026-04-22;2026-04-22;9.75;CHF;DBIT;PMNT-CCRD-POSD;;;;TWINT *Bäckerei Hug;
LENA-001582;CH4400700110001234567;2026-04-24;2026-04-24;180.00;CHF;DBIT;PMNT-CCRD-CWDL;;;;Bargeldbezug Bancomat UBS Stauffacher Karte xxxx 4821;6011
LENA-001583;CH4400700110001234567;2026-04-27;2026-04-27;500.00;CHF;DBIT;PMNT-ICDT-BOOK;;CH7100700110009876543;;Übertrag auf Sparkonto;
LENA-001584;CH4400700110001234567;2026-04-27;2026-04-27;29.55;CHF;DBIT;PMNT-CCRD-POSD;Coop;;;Einkauf Coop Zürich Karte xxxx 4821;5411
LENA-001585;CH4400700110001234567;2026-04-27;2026-04-27;21.20;CHF;DBIT;PMNT-CCRD-POSD;Aldi Suisse;;;Einkauf Aldi Suisse Winterthur Karte xxxx 4821;5411
LENA-001586;CH4400700110001234567;2026-04-27;2026-04-27;20.15;CHF;DBIT;PMNT-CCRD-POSD;Coop;;;Einkauf Coop Zürich Karte xxxx 4821;5411
LENA-001587;CH4400700110001234567;2026-04-27;2026-04-27;6.80;CHF;DBIT;PMNT-CCRD-POSD;;;;TWINT *Migros;
LENA-001588;CH4400700110001234567;2026-04-27;2026-04-27;7030.00;CHF;CRDT;PMNT-RCDT-SALA;Limmat Data Solutions AG;CH9300762011623852957;;Gutschrift Lohn April 2026;
LENA-001589;CH7100700110009876543;2026-04-27;2026-04-27;500.00;CHF;CRDT;PMNT-RCDT-BOOK;;CH4400700110001234567;;Übertrag auf Sparkonto;
LENA-001590;CH4400700110001234567;2026-04-28;2026-04-28;1020.00;CHF;DBIT;PMNT-ICDT-STDO;Steueramt der Stadt Zürich;;;Dauerauftrag Steuern Ratenzahlung;
LENA-001591;CH4400700110001234567;2026-04-28;2026-04-28;3.00;CHF;DBIT;ACMT-MDOP-CHRG;;;;Preis für Kontoführung;
LENA-001592;CH4400700110001234567;2026-05-01;2026-05-01;1890.00;CHF;DBIT;PMNT-ICDT-STDO;Immobilien Verwaltung Seefeld AG;;;Dauerauftrag Miete Wohnung Josefstrasse 12;
LENA-001593;CH4400700110001234567;2026-05-01;2026-05-01;150.00;CHF;DBIT;PMNT-ICDT-STDO;Immobilien Verwaltung Seefeld AG;;;Dauerauftrag Einstellplatz Nr. 17;
LENA-001594;CH4400700110001234567;2026-05-01;2026-05-01;51.15;CHF;DBIT;PMNT-CCRD-POSD;Games Workshop Zürich;;;Einkauf Games Workshop Zürich Zürich Karte xxxx 4821;5945
LENA-001595;CH4400700110001234567;2026-05-04;2026-05-04;93.75;CHF;DBIT;PMNT-CCRD-POSD;Coiffeur Seefeld;;;Einkauf Coiffeur Seefeld Zürich Karte xxxx 4821;
LENA-001596;CH4400700110001234567;2026-05-04;2026-05-04;89.00;CHF;DBIT;PMNT-IDDT-ESDD;Update Fitness AG;;;LSV Update Fitness Abo;
LENA-001597;CH4400700110001234567;2026-05-04;2026-05-04;65.60;CHF;DBIT;PMNT-CCRD-POSD;Migros;;;Einkauf Migros Zürich Karte xxxx 4821;5411
LENA-001598;CH4400700110001234567;2026-05-04;2026-05-04;32.55;CHF;DBIT;PMNT-CCRD-POSD;Holy Cow Gourmet Burger;;;Einkauf Holy Cow Gourmet Burger Zürich Karte xxxx 4821;5812
LENA-001599;CH4400700110001234567;2026-05-04;2026-05-04;17.00;CHF;DBIT;PMNT-CCRD-POSD;Galaxus;;;Einkauf Galaxus Zürich Karte xxxx 4821;5651
LENA-001600;CH4400700110001234567;2026-05-04;2026-05-04;6.65;CHF;DBIT;PMNT-CCRD-POSD;Parkhaus Urania;;;Einkauf Parkhaus Urania Zürich Karte xxxx 4821;
LENA-001601;CH4400700110001234567;2026-05-05;2026-05-05;432.40;CHF;DBIT;PMNT-IDDT-ESDD;Helsana Versicherungen AG;;;LSV Prämie Grundversicherung 05/2026;
LENA-001602;CH4400700110001234567;2026-05-05;2026-05-05;101.60;CHF;DBIT;PMNT-CCRD-POSD;Aldi Suisse;;;Einkauf Aldi Suisse Winterthur Karte xxxx 4821;5411
LENA-001603;CH4400700110001234567;2026-05-05;2026-05-05;17.85;CHF;DBIT;PMNT-ICDT-ESCT;;;;TWINT *Sende an Luca Bernasconi;
LENA-001604;CH4400700110001234567;2026-05-05;2026-05-05;11.65;CHF;DBIT;PMNT-CCRD-POSD;Parkhaus Urania;;;Einkauf Parkhaus Urania Zürich Karte xxxx 4821;
LENA-001605;CH4400700110001234567;2026-05-06;2026-05-06;34.65;CHF;DBIT;PMNT-ICDT-ESCT;;;;TWINT *Sende an Jonas Frei;
LENA-001606;CH4400700110001234567;2026-05-07;2026-05-07;30.40;CHF;DBIT;PMNT-CCRD-POSD;Games Workshop Zürich;;;Einkauf Games Workshop Zürich Zürich Karte xxxx 4821;5945
LENA-001607;CH4400700110001234567;2026-05-07;2026-05-07;6.60;CHF;DBIT;PMNT-CCRD-POSD;Parkhaus Urania;;;Einkauf Parkhaus Urania Zürich Karte xxxx 4821;
LENA-001608;CH4400700110001234567;2026-05-07;2026-05-07;53.10;CHF;CRDT;PMNT-RCDT-ESCT;;;;TWINT *Empfangen von Luca Bernasconi;
LENA-001609;CH4400700110001234567;2026-05-08;2026-05-08;49.90;CHF;DBIT;PMNT-IDDT-ESDD;Sunrise GmbH;;;LSV Sunrise Mobile Abo;
LENA-001610;CH4400700110001234567;2026-05-08;2026-05-08;35.00;CHF;DBIT;PMNT-CCRD-POSD;Migros;;;Einkauf Migros Winterthur Karte xxxx 4821;5411
LENA-001611;CH4400700110001234567;2026-05-11;2026-05-11;140.60;CHF;DBIT;PMNT-CCRD-POSD;BP Tankstelle;;;Einkauf BP Tankstelle Zürich Karte xxxx 4821;5541
LENA-001612;CH4400700110001234567;2026-05-11;2026-05-11;112.60;CHF;DBIT;PMNT-CCRD-POSD;Migros;;;Einkauf Migros Zürich HB Karte xxxx 4821;5411
LENA-001613;CH4400700110001234567;2026-05-11;2026-05-11;104.85;CHF;DBIT;PMNT-CCRD-POSD;Coiffeur Seefeld;;;Einkauf Coiffeur Seefeld Zürich Karte xxxx 4821;
LENA-001614;CH4400700110001234567;2026-05-11;2026-05-11;30.45;CHF;DBIT;PMNT-ICDT-ESCT;;;;TWINT *Sende an Sarah Keller;
LENA-001615;CH4400700110001234567;2026-05-11;2026-05-11;23.80;CHF;DBIT;PMNT-ICDT-ESCT;;;;TWINT *Sende an Sarah Keller;
LENA-001616;CH4400700110001234567;2026-05-11;2026-05-11;19.40;CHF;DBIT;PMNT-CCRD-POSD;Parkhaus Urania;;;Einkauf Parkhaus Urania Zürich Karte xxxx 4821;
LENA-001617;CH4400700110001234567;2026-05-12;2026-05-12;20.90;CHF;DBIT;PMNT-CCRD-POSD;Netflix International B.V.;;;Einkauf NETFLIX.COM Karte xxxx 4821;4899
LENA-001618;CH4400700110001234567;2026-05-12;2026-05-12;10.45;CHF;DBIT;PMNT-CCRD-POSD;;;;TWINT *Kafi Dihei;
LENA-001619;CH4400700110001234567;2026-05-12;2026-05-12;6.50;CHF;DBIT;PMNT-CCRD-POSD;;;;TWINT *Migros;
LENA-001620;CH4400700110001234567;2026-05-13;2026-05-13;52.00;CHF;DBIT;PMNT-CCRD-POSD;Holy Cow Gourmet Burger;;;Einkauf Holy Cow Gourmet Burger Zürich Karte xxxx 4821;5812
LENA-001621;CH4400700110001234567;2026-05-13;2026-05-13;26.70;CHF;DBIT;PMNT-CCRD-POSD;Kino Arena;;;Einkauf Kino Arena Zürich Karte xxxx 4821;
LENA-001622;CH4400700110001234567;2026-05-14;2026-05-14;53.95;CHF;DBIT;PMNT-CCRD-POSD;Kino Arena;;;Einkauf Kino Arena Zürich Karte xxxx 4821;
LENA-001623;CH4400700110001234567;2026-05-15;2026-05-15;459.00;CHF;DBIT;PMNT-IDDT-ESDD;AMAG Leasing AG;;;Lastschrift Leasingvertrag 4410-2231 Rate;
LENA-001624;CH4400700110001234567;2026-05-15;2026-05-15;114.85;CHF;DBIT;PMNT-CCRD-POSD;Lidl;;;Einkauf Lidl Zürich HB Karte xxxx 4821;5411
LENA-001625;CH4400700110001234567;2026-05-15;2026-05-15;35.95;CHF;DBIT;PMNT-CCRD-POSD;Aldi Suisse;;;Einkauf Aldi Suisse Zürich HB Karte xxxx 4821;5411
LENA-001626;CH4400700110001234567;2026-05-18;2026-05-18;120.00;CHF;DBIT;PMNT-CCRD-CWDL;;;;Bargeldbezug Postomat Zürich Wiedikon Karte xxxx 4821;6011
LENA-001627;CH4400700110001234567;2026-05-18;2026-05-18;71.30;CHF;DBIT;PMNT-CCRD-POSD;Coiffeur Seefeld;;;Einkauf Coiffeur Seefeld Zürich Karte xxxx 4821;
LENA-001628;CH4400700110001234567;2026-05-18;2026-05-18;45.35;CHF;DBIT;PMNT-CCRD-POSD;Kino Arena;;;Einkauf Kino Arena Zürich Karte xxxx 4821;
LENA-001629;CH4400700110001234567;2026-05-18;2026-05-18;30.30;CHF;DBIT;PMNT-CCRD-POSD;Migros;;;Einkauf Migros Zürich Karte xxxx 4821;5411
LENA-001630;CH4400700110001234567;2026-05-18;2026-05-18;18.45;CHF;DBIT;PMNT-CCRD-POSD;;;;TWINT *Migros;
LENA-001631;CH4400700110001234567;2026-05-18;2026-05-18;13.95;CHF;DBIT;PMNT-CCRD-POSD;Spotify AB;;;Einkauf Spotify P2F4A1 Stockholm Karte xxxx 4821;5815
LENA-001632;CH4400700110001234567;2026-05-19;2026-05-19;112.30;CHF;DBIT;PMNT-CCRD-POSD;Decathlon;;;Einkauf Decathlon Zürich Karte xxxx 4821;5651
LENA-001633;CH4400700110001234567;2026-05-19;2026-05-19;21.15;CHF;DBIT;PMNT-CCRD-POSD;Coop;;;Einkauf Coop Winterthur Karte xxxx 4821;5411
LENA-001634;CH4400700110001234567;2026-05-20;2026-05-20;182.70;CHF;DBIT;PMNT-IDDT-ESDD;Viseca Card Services SA;;;Lastschrift Viseca Card Services SA Monatsrechnung 04/2026;
LENA-001635;CH4400700110001234567;2026-05-20;2026-05-20;120.00;CHF;DBIT;PMNT-CCRD-CWDL;;;;Bargeldbezug Bancomat UBS Stauffacher Karte xxxx 4821;6011
LENA-001636;CH4400700110001234567;2026-05-20;2026-05-20;43.25;CHF;DBIT;PMNT-CCRD-POSD;Holy Cow Gourmet Burger;;;Einkauf Holy Cow Gourmet Burger Zürich Karte xxxx 4821;5812
LENA-001637;CH4400700110001234567;2026-05-21;2026-05-21;83.80;CHF;DBIT;PMNT-CCRD-POSD;Zalando;;;Einkauf Zalando Zürich Karte xxxx 4821;5651
LENA-001638;CH4400700110001234567;2026-05-22;2026-05-22;23.70;CHF;DBIT;PMNT-CCRD-POSD;Apotheke Bahnhof;;;Einkauf Apotheke Bahnhof Zürich Karte xxxx 4821;5912
LENA-001639;CH4400700110001234567;2026-05-25;2026-05-25;150.35;CHF;DBIT;PMNT-CCRD-POSD;IKEA;;;Einkauf IKEA Zürich Karte xxxx 4821;5651
LENA-001640;CH4400700110001234567;2026-05-25;2026-05-25;94.55;CHF;DBIT;PMNT-CCRD-POSD;Zeughauskeller;;;Einkauf Zeughauskeller Zürich Karte xxxx 4821;5812
LENA-001641;CH4400700110001234567;2026-05-25;2026-05-25;53.25;CHF;DBIT;PMNT-CCRD-POSD;Migros;;;Einkauf Migros Zürich HB Karte xxxx 4821;5411
LENA-001642;CH4400700110001234567;2026-05-25;2026-05-25;37.95;CHF;DBIT;PMNT-CCRD-POSD;Holy Cow Gourmet Burger;;;Einkauf Holy Cow Gourmet Burger Zürich Karte xxxx 4821;5812
LENA-001643;CH4400700110001234567;2026-05-25;2026-05-25;18.90;CHF;DBIT;PMNT-CCRD-POSD;Aldi Suisse;;;Einkauf Aldi Suisse Zürich Karte xxxx 4821;5411
LENA-001644;CH4400700110001234567;2026-05-25;2026-05-25;7030.00;CHF;CRDT;PMNT-RCDT-SALA;Limmat Data Solutions AG;CH9300762011623852957;;Gutschrift Lohn Mai 2026;
LENA-001645;CH4400700110001234567;2026-05-26;2026-05-26;500.00;CHF;DBIT;PMNT-ICDT-BOOK;;CH7100700110009876543;;Übertrag auf Sparkonto;
LENA-001646;CH4400700110001234567;2026-05-26;2026-05-26;80.20;CHF;DBIT;PMNT-CCRD-POSD;Migrol Tankstelle;;;Einkauf Migrol Tankstelle Zürich Karte xxxx 4821;5541
LENA-001647;CH7100700110009876543;2026-05-26;2026-05-26;500.00;CHF;CRDT;PMNT-RCDT-BOOK;;CH4400700110001234567;;Übertrag auf Sparkonto;
LENA-001648;CH4400700110001234567;2026-05-27;2026-05-27;67.55;CHF;DBIT;PMNT-CCRD-POSD;Restaurant Hiltl;;;Einkauf Restaurant Hiltl Zürich Karte xxxx 4821;5812
LENA-001649;CH4400700110001234567;2026-05-28;2026-05-28;1020.00;CHF;DBIT;PMNT-ICDT-STDO;Steueramt der Stadt Zürich;;;Dauerauftrag Steuern Ratenzahlung;
LENA-001650;CH4400700110001234567;2026-05-28;2026-05-28;41.50;CHF;DBIT;PMNT-ICDT-ESCT;;;;TWINT *Sende an Jonas Frei;
LENA-001651;CH4400700110001234567;2026-05-28;2026-05-28;3.00;CHF;DBIT;ACMT-MDOP-CHRG;;;;Preis für Kontoführung;
LENA-001652;CH4400700110001234567;2026-06-01;2026-06-01;1890.00;CHF;DBIT;PMNT-ICDT-STDO;Immobilien Verwaltung Seefeld AG;;;Dauerauftrag Miete Wohnung Josefstrasse 12;
LENA-001653;CH4400700110001234567;2026-06-01;2026-06-01;150.00;CHF;DBIT;PMNT-ICDT-STDO;Immobilien Verwaltung Seefeld AG;;;Dauerauftrag Einstellplatz Nr. 17;
LENA-001654;CH4400700110001234567;2026-06-01;2026-06-01;37.85;CHF;DBIT;PMNT-CCRD-POSD;Coop;;;Einkauf Coop Zürich HB Karte xxxx 4821;5411
LENA-001655;CH4400700110001234567;2026-06-02;2026-06-02;66.90;CHF;DBIT;PMNT-CCRD-POSD;Restaurant Hiltl;;;Einkauf Restaurant Hiltl Zürich Karte xxxx 4821;5812
LENA-001656;CH4400700110001234567;2026-06-02;2026-06-02;23.35;CHF;DBIT;PMNT-CCRD-POSD;Kino Arena;;;Einkauf Kino Arena Zürich Karte xxxx 4821;
LENA-001657;CH4400700110001234567;2026-06-03;2026-06-03;89.00;CHF;DBIT;PMNT-IDDT-ESDD;Update Fitness AG;;;LSV Update Fitness Abo;
LENA-001658;CH4400700110001234567;2026-06-03;2026-06-03;25.60;CHF;DBIT;PMNT-CCRD-POSD;Orell Füssli;;;Einkauf Orell Füssli Zürich Karte xxxx 4821;
LENA-001659;CH4400700110001234567;2026-06-03;2026-06-03;9.15;CHF;DBIT;PMNT-ICDT-ESCT;;;;TWINT *Sende an Anna Meier;
LENA-001660;CH4400700110001234567;2026-06-05;2026-06-05;432.40;CHF;DBIT;PMNT-IDDT-ESDD;Helsana Versicherungen AG;;;LSV Prämie Grundversicherung 06/2026;
LENA-001661;CH4400700110001234567;2026-06-05;2026-06-05;63.75;CHF;DBIT;PMNT-CCRD-POSD;Migros;;;Einkauf Migros Zürich Karte xxxx 4821;5411
LENA-001662;CH4400700110001234567;2026-06-08;2026-06-08;56.25;CHF;DBIT;PMNT-CCRD-POSD;Aldi Suisse;;;Einkauf Aldi Suisse Zürich HB Karte xxxx 4821;5411
LENA-001663;CH4400700110001234567;2026-06-08;2026-06-08;49.90;CHF;DBIT;PMNT-IDDT-ESDD;Sunrise GmbH;;;LSV Sunrise Mobile Abo;
LENA-001664;CH4400700110001234567;2026-06-08;2026-06-08;41.15;CHF;DBIT;PMNT-CCRD-POSD;Holy Cow Gourmet Burger;;;Einkauf Holy Cow Gourmet Burger Zürich Karte xxxx 4821;5812
LENA-001665;CH4400700110001234567;2026-06-08;2026-06-08;29.50;CHF;DBIT;PMNT-CCRD-POSD;Tibits;;;Einkauf Tibits Zürich Karte xxxx 4821;5812
LENA-001666;CH4400700110001234567;2026-06-08;2026-06-08;19.00;CHF;DBIT;PMNT-CCRD-POSD;SBB Mobile;;;Einkauf SBB Mobile Zürich Karte xxxx 4821;4111
LENA-001667;CH4400700110001234567;2026-06-09;2026-06-09;58.25;CHF;DBIT;PMNT-CCRD-POSD;Denner;;;Einkauf Denner Zürich Karte xxxx 4821;5411
LENA-001668;CH4400700110001234567;2026-06-10;2026-06-10;42.05;CHF;DBIT;PMNT-CCRD-POSD;Decathlon;;;Einkauf Decathlon Zürich Karte xxxx 4821;5651
LENA-001669;CH4400700110001234567;2026-06-10;2026-06-10;7.85;CHF;DBIT;PMNT-CCRD-POSD;SBB Mobile;;;Einkauf SBB Mobile Zürich Karte xxxx 4821;4111
LENA-001670;CH4400700110001234567;2026-06-11;2026-06-11;68.50;CHF;DBIT;PMNT-ICDT-ESCT;;;;TWINT *Sende an Jonas Frei;
LENA-001671;CH4400700110001234567;2026-06-11;2026-06-11;18.75;CHF;DBIT;PMNT-CCRD-POSD;Migros;;;Einkauf Migros Zürich HB Karte xxxx 4821;5411
LENA-001672;CH4400700110001234567;2026-06-11;2026-06-11;12.65;CHF;DBIT;PMNT-CCRD-POSD;Parkingpay;;;Einkauf Parkingpay Zürich Karte xxxx 4821;
LENA-001673;CH4400700110001234567;2026-06-12;2026-06-12;20.90;CHF;DBIT;PMNT-CCRD-POSD;Netflix International B.V.;;;Einkauf NETFLIX.COM Karte xxxx 4821;4899
LENA-001674;CH4400700110001234567;2026-06-15;2026-06-15;514.35;CHF;DBIT;PMNT-ICDT-DMCT;Steueramt der Stadt Zürich;;;Zahlung Schlussrechnung Staats- und Gemeindesteuern;
LENA-001675;CH4400700110001234567;2026-06-15;2026-06-15;459.00;CHF;DBIT;PMNT-IDDT-ESDD;AMAG Leasing AG;;;Lastschrift Leasingvertrag 4410-2231 Rate;
LENA-001676;CH4400700110001234567;2026-06-15;2026-06-15;47.40;CHF;DBIT;PMNT-CCRD-POSD;Starbucks;;;Einkauf Starbucks Zürich Karte xxxx 4821;5812
LENA-001677;CH4400700110001234567;2026-06-15;2026-06-15;40.35;CHF;DBIT;PMNT-CCRD-POSD;Aldi Suisse;;;Einkauf Aldi Suisse Zürich Karte xxxx 4821;5411
LENA-001678;CH4400700110001234567;2026-06-15;2026-06-15;39.40;CHF;DBIT;PMNT-CCRD-POSD;Restaurant Hiltl;;;Einkauf Restaurant Hiltl Zürich Karte xxxx 4821;5812
LENA-001679;CH4400700110001234567;2026-06-15;2026-06-15;27.25;CHF;DBIT;PMNT-ICDT-ESCT;;;;TWINT *Sende an Sarah Keller;
LENA-001680;CH4400700110001234567;2026-06-15;2026-06-15;21.85;CHF;DBIT;PMNT-CCRD-POSD;Restaurant Hiltl;;;Einkauf Restaurant Hiltl Zürich Karte xxxx 4821;5812
LENA-001681;CH4400700110001234567;2026-06-15;2026-06-15;16.80;CHF;DBIT;PMNT-CCRD-POSD;Kino Arena;;;Einkauf Kino Arena Zürich Karte xxxx 4821;
LENA-001682;CH4400700110001234567;2026-06-15;2026-06-15;12.40;CHF;DBIT;PMNT-CCRD-POSD;;;;TWINT *Kafi Dihei;
LENA-001683;CH4400700110001234567;2026-06-16;2026-06-16;105.40;CHF;DBIT;PMNT-CCRD-POSD;Migros;;;Einkauf Migros Zürich HB Karte xxxx 4821;5411
LENA-001684;CH4400700110001234567;2026-06-17;2026-06-17;120.00;CHF;DBIT;PMNT-CCRD-CWDL;;;;Bargeldbezug Bancomat ZKB Zürich HB Karte xxxx 4821;6011
LENA-001685;CH4400700110001234567;2026-06-17;2026-06-17;45.25;CHF;DBIT;PMNT-CCRD-POSD;Restaurant Hiltl;;;Einkauf Restaurant Hiltl Zürich Karte xxxx 4821;5812
LENA-001686;CH4400700110001234567;2026-06-18;2026-06-18;13.95;CHF;DBIT;PMNT-CCRD-POSD;Spotify AB;;;Einkauf Spotify P2F4A1 Stockholm Karte xxxx 4821;5815
LENA-001687;CH4400700110001234567;2026-06-19;2026-06-19;80.00;CHF;DBIT;PMNT-CCRD-CWDL;;;;Bargeldbezug Postomat Zürich Wiedikon Karte xxxx 4821;6011
LENA-001688;CH4400700110001234567;2026-06-19;2026-06-19;68.65;CHF;DBIT;PMNT-CCRD-POSD;Coiffeur Seefeld;;;Einkauf Coiffeur Seefeld Zürich Karte xxxx 4821;
LENA-001689;CH4400700110001234567;2026-06-22;2026-06-22;127.55;CHF;DBIT;PMNT-IDDT-ESDD;Viseca Card Services SA;;;Lastschrift Viseca Card Services SA Monatsrechnung 05/2026;
LENA-001690;CH4400700110001234567;2026-06-22;2026-06-22;88.75;CHF;DBIT;PMNT-ICDT-DMCT;Dr. med. S. Keller Hausarztpraxis;;Honorarrechnung;Zahlung Rechnung Dr. med. S. Keller Hausarztpraxis;
LENA-001691;CH4400700110001234567;2026-06-22;2026-06-22;39.65;CHF;DBIT;PMNT-CCRD-POSD;Zeughauskeller;;;Einkauf Zeughauskeller Zürich Karte xxxx 4821;5812
LENA-001692;CH4400700110001234567;2026-06-22;2026-06-22;25.35;CHF;DBIT;PMNT-CCRD-POSD;Denner;;;Einkauf Denner Winterthur Karte xxxx 4821;5411
LENA-001693;CH4400700110001234567;2026-06-22;2026-06-22;25.30;CHF;DBIT;PMNT-ICDT-ESCT;;;;TWINT *Sende an Sarah Keller;
LENA-001694;CH4400700110001234567;2026-06-23;2026-06-23;33.95;CHF;DBIT;PMNT-CCRD-POSD;Coop;;;Einkauf Coop Zürich HB Karte xxxx 4821;5411
LENA-001695;CH4400700110001234567;2026-06-23;2026-06-23;16.30;CHF;DBIT;PMNT-CCRD-POSD;Zeughauskeller;;;Einkauf Zeughauskeller Zürich Karte xxxx 4821;5812
LENA-001696;CH4400700110001234567;2026-06-23;2026-06-23;8.90;CHF;DBIT;PMNT-CCRD-POSD;;;;TWINT *Bäckerei Hug;
LENA-001697;CH4400700110001234567;2026-06-24;2026-06-24;75.00;CHF;DBIT;PMNT-CCRD-POSD;Restaurant Hiltl;;;Einkauf Restaurant Hiltl Zürich Karte xxxx 4821;5812
LENA-001698;CH4400700110001234567;2026-06-24;2026-06-24;60.35;CHF;DBIT;PMNT-CCRD-POSD;Tibits;;;Einkauf Tibits Zürich Karte xxxx 4821;5812
LENA-001699;CH4400700110001234567;2026-06-25;2026-06-25;7030.00;CHF;CRDT;PMNT-RCDT-SALA;Limmat Data Solutions AG;CH9300762011623852957;;Gutschrift Lohn Juni 2026;
LENA-001700;CH4400700110001234567;2026-06-26;2026-06-26;500.00;CHF;DBIT;PMNT-ICDT-BOOK;;CH7100700110009876543;;Übertrag auf Sparkonto;
LENA-001701;CH7100700110009876543;2026-06-26;2026-06-26;500.00;CHF;CRDT;PMNT-RCDT-BOOK;;CH4400700110001234567;;Übertrag auf Sparkonto;
LENA-001702;CH4400700110001234567;2026-06-29;2026-06-29;1020.00;CHF;DBIT;PMNT-ICDT-STDO;Steueramt der Stadt Zürich;;;Dauerauftrag Steuern Ratenzahlung;
LENA-001703;CH4400700110001234567;2026-06-29;2026-06-29;14.60;CHF;DBIT;PMNT-CCRD-POSD;Games Workshop Zürich;;;Einkauf Games Workshop Zürich Zürich Karte xxxx 4821;5945
LENA-001704;CH4400700110001234567;2026-06-29;2026-06-29;6.60;CHF;DBIT;PMNT-CCRD-POSD;;;;TWINT *Kafi Dihei;
LENA-001705;CH4400700110001234567;2026-06-29;2026-06-29;5.15;CHF;DBIT;PMNT-CCRD-POSD;ZVV Ticketautomat;;;Einkauf ZVV Ticketautomat Zürich Karte xxxx 4821;4111
LENA-001706;CH4400700110001234567;2026-06-29;2026-06-29;3.00;CHF;DBIT;ACMT-MDOP-CHRG;;;;Preis für Kontoführung;
LENA-001707;CH4400700110001234567;2026-06-29;2026-06-29;34.50;CHF;CRDT;PMNT-RCDT-ESCT;;;;TWINT *Empfangen von Sarah Keller;
LENA-001708;CH4400700110001234567;2026-07-01;2026-07-01;1890.00;CHF;DBIT;PMNT-ICDT-STDO;Immobilien Verwaltung Seefeld AG;;;Dauerauftrag Miete Wohnung Josefstrasse 12;
LENA-001709;CH4400700110001234567;2026-07-01;2026-07-01;150.00;CHF;DBIT;PMNT-ICDT-STDO;Immobilien Verwaltung Seefeld AG;;;Dauerauftrag Einstellplatz Nr. 17;
LENA-001710;CH4400700110001234567;2026-07-01;2026-07-01;46.70;CHF;DBIT;PMNT-CCRD-POSD;Lidl;;;Einkauf Lidl Winterthur Karte xxxx 4821;5411
LENA-001711;CH4400700110001234567;2026-07-01;2026-07-01;19.30;CHF;DBIT;PMNT-CCRD-POSD;SBB Mobile;;;Einkauf SBB Mobile Zürich Karte xxxx 4821;4111
LENA-001712;CH4400700110001234567;2026-07-02;2026-07-02;91.45;CHF;DBIT;PMNT-CCRD-POSD;Coop Pronto Tankstelle;;;Einkauf Coop Pronto Tankstelle Zürich Karte xxxx 4821;5541
LENA-001713;CH4400700110001234567;2026-07-03;2026-07-03;89.00;CHF;DBIT;PMNT-IDDT-ESDD;Update Fitness AG;;;LSV Update Fitness Abo;
LENA-001714;CH4400700110001234567;2026-07-03;2026-07-03;19.40;CHF;DBIT;PMNT-CCRD-POSD;Parkingpay;;;Einkauf Parkingpay Zürich Karte xxxx 4821;
LENA-001715;CH4400700110001234567;2026-07-06;2026-07-06;432.40;CHF;DBIT;PMNT-IDDT-ESDD;Helsana Versicherungen AG;;;LSV Prämie Grundversicherung 07/2026;
LENA-001716;CH4400700110001234567;2026-07-06;2026-07-06;206.95;CHF;DBIT;PMNT-CCRD-POSD;Galaxus;;;Einkauf Galaxus Zürich Karte xxxx 4821;5651
LENA-001717;CH4400700110001234567;2026-07-06;2026-07-06;45.35;CHF;DBIT;PMNT-CCRD-POSD;Migrol Tankstelle;;;Einkauf Migrol Tankstelle Zürich Karte xxxx 4821;5541
LENA-001718;CH4400700110001234567;2026-07-06;2026-07-06;39.30;CHF;DBIT;PMNT-CCRD-POSD;Hallenbad City;;;Einkauf Hallenbad City Zürich Karte xxxx 4821;
LENA-001719;CH4400700110001234567;2026-07-06;2026-07-06;7.80;CHF;DBIT;PMNT-CCRD-POSD;SBB Mobile;;;Einkauf SBB Mobile Zürich Karte xxxx 4821;4111
LENA-001720;CH4400700110001234567;2026-07-07;2026-07-07;41.10;CHF;DBIT;PMNT-CCRD-POSD;Migros;;;Einkauf Migros Winterthur Karte xxxx 4821;5411
LENA-001721;CH4400700110001234567;2026-07-07;2026-07-07;21.10;CHF;DBIT;PMNT-CCRD-POSD;ZVV Ticketautomat;;;Einkauf ZVV Ticketautomat Zürich Karte xxxx 4821;4111
LENA-001722;CH4400700110001234567;2026-07-07;2026-07-07;17.55;CHF;DBIT;PMNT-CCRD-POSD;Aldi Suisse;;;Einkauf Aldi Suisse Zürich Karte xxxx 4821;5411
LENA-001723;CH4400700110001234567;2026-07-08;2026-07-08;49.90;CHF;DBIT;PMNT-IDDT-ESDD;Sunrise GmbH;;;LSV Sunrise Mobile Abo;
LENA-001724;CH4400700110001234567;2026-07-09;2026-07-09;81.75;CHF;DBIT;PMNT-CCRD-POSD;Aldi Suisse;;;Einkauf Aldi Suisse Zürich HB Karte xxxx 4821;5411
LENA-001725;CH4400700110001234567;2026-07-13;2026-07-13;35.05;CHF;DBIT;PMNT-CCRD-POSD;Lidl;;;Einkauf Lidl Zürich Karte xxxx 4821;5411
LENA-001726;CH4400700110001234567;2026-07-13;2026-07-13;20.90;CHF;DBIT;PMNT-CCRD-POSD;Netflix International B.V.;;;Einkauf NETFLIX.COM Karte xxxx 4821;4899
LENA-001727;CH4400700110001234567;2026-07-14;2026-07-14;71.35;CHF;DBIT;PMNT-CCRD-POSD;Migros;;;Einkauf Migros Winterthur Karte xxxx 4821;5411
LENA-001728;CH4400700110001234567;2026-07-14;2026-07-14;65.55;CHF;DBIT;PMNT-CCRD-POSD;Coop;;;Einkauf Coop Zürich HB Karte xxxx 4821;5411
LENA-001729;CH4400700110001234567;2026-07-14;2026-07-14;23.85;CHF;DBIT;PMNT-CCRD-POSD;Hallenbad City;;;Einkauf Hallenbad City Zürich Karte xxxx 4821;
LENA-001730;CH4400700110001234567;2026-07-14;2026-07-14;23.55;CHF;DBIT;PMNT-CCRD-POSD;Aldi Suisse;;;Einkauf Aldi Suisse Zürich HB Karte xxxx 4821;5411
LENA-001731;CH4400700110001234567;2026-07-15;2026-07-15;459.00;CHF;DBIT;PMNT-IDDT-ESDD;AMAG Leasing AG;;;Lastschrift Leasingvertrag 4410-2231 Rate;
LENA-001732;CH4400700110001234567;2026-07-17;2026-07-17;49.35;CHF;DBIT;PMNT-CCRD-POSD;Restaurant Hiltl;;;Einkauf Restaurant Hiltl Zürich Karte xxxx 4821;5812
LENA-001733;CH4400700110001234567;2026-07-17;2026-07-17;25.20;CHF;DBIT;PMNT-CCRD-POSD;Fantasywelt Zürich;;;Einkauf Fantasywelt Zürich Zürich Karte xxxx 4821;5945
LENA-001734;CH4400700110001234567;2026-07-17;2026-07-17;22.10;CHF;DBIT;PMNT-CCRD-POSD;Denner;;;Einkauf Denner Zürich Karte xxxx 4821;5411
LENA-001735;CH4400700110001234567;2026-07-17;2026-07-17;13.85;CHF;DBIT;PMNT-CCRD-POSD;Parkhaus Urania;;;Einkauf Parkhaus Urania Zürich Karte xxxx 4821;
LENA-001736;CH4400700110001234567;2026-07-20;2026-07-20;20.25;CHF;DBIT;PMNT-ICDT-ESCT;;;;TWINT *Sende an Sarah Keller;
LENA-001737;CH4400700110001234567;2026-07-20;2026-07-20;19.45;CHF;DBIT;PMNT-IDDT-ESDD;Viseca Card Services SA;;;Lastschrift Viseca Card Services SA Monatsrechnung 06/2026;
LENA-001738;CH4400700110001234567;2026-07-20;2026-07-20;13.95;CHF;DBIT;PMNT-CCRD-POSD;Spotify AB;;;Einkauf Spotify P2F4A1 Stockholm Karte xxxx 4821;5815
LENA-001739;CH4400700110001234567;2026-07-21;2026-07-21;180.00;CHF;DBIT;PMNT-CCRD-CWDL;;;;Bargeldbezug Bancomat UBS Stauffacher Karte xxxx 4821;6011
LENA-001740;CH4400700110001234567;2026-07-21;2026-07-21;115.75;CHF;DBIT;PMNT-ICDT-ESCT;;;;TWINT *Sende an Jonas Frei;
LENA-001741;CH4400700110001234567;2026-07-21;2026-07-21;32.15;CHF;DBIT;PMNT-CCRD-POSD;Tibits;;;Einkauf Tibits Zürich Karte xxxx 4821;5812
LENA-001742;CH4400700110001234567;2026-07-22;2026-07-22;103.45;CHF;DBIT;PMNT-IDDT-ESDD;ewz Elektrizitätswerk der Stadt Zürich;;;LSV Stromrechnung;
LENA-001743;CH4400700110001234567;2026-07-24;2026-07-24;120.00;CHF;DBIT;PMNT-CCRD-CWDL;;;;Bargeldbezug Postomat Zürich Wiedikon Karte xxxx 4821;6011
LENA-001744;CH4400700110001234567;2026-07-24;2026-07-24;106.60;CHF;DBIT;PMNT-CCRD-POSD;Starbucks;;;Einkauf Starbucks Zürich Karte xxxx 4821;5812
LENA-001745;CH4400700110001234567;2026-07-27;2026-07-27;500.00;CHF;DBIT;PMNT-ICDT-BOOK;;CH7100700110009876543;;Übertrag auf Sparkonto;
LENA-001746;CH4400700110001234567;2026-07-27;2026-07-27;186.90;CHF;DBIT;PMNT-CCRD-POSD;Migros;;;Einkauf Migros Winterthur Karte xxxx 4821;5411
LENA-001747;CH4400700110001234567;2026-07-27;2026-07-27;49.60;CHF;DBIT;PMNT-ICDT-ESCT;;;;TWINT *Sende an Jonas Frei;
LENA-001748;CH4400700110001234567;2026-07-27;2026-07-27;31.35;CHF;DBIT;PMNT-CCRD-POSD;Lidl;;;Einkauf Lidl Zürich HB Karte xxxx 4821;5411
LENA-001749;CH4400700110001234567;2026-07-27;2026-07-27;17.45;CHF;DBIT;PMNT-CCRD-POSD;;;;TWINT *Bäckerei Hug;
LENA-001750;CH4400700110001234567;2026-07-27;2026-07-27;7030.00;CHF;CRDT;PMNT-RCDT-SALA;Limmat Data Solutions AG;CH9300762011623852957;;Gutschrift Lohn Juli 2026;
LENA-001751;CH7100700110009876543;2026-07-27;2026-07-27;500.00;CHF;CRDT;PMNT-RCDT-BOOK;;CH4400700110001234567;;Übertrag auf Sparkonto;
LENA-001752;CH4400700110001234567;2026-07-28;2026-07-28;1020.00;CHF;DBIT;PMNT-ICDT-STDO;Steueramt der Stadt Zürich;;;Dauerauftrag Steuern Ratenzahlung;
LENA-001753;CH4400700110001234567;2026-07-28;2026-07-28;18.30;CHF;DBIT;PMNT-ICDT-ESCT;;;;TWINT *Sende an Luca Bernasconi;
LENA-001754;CH4400700110001234567;2026-07-28;2026-07-28;3.00;CHF;DBIT;ACMT-MDOP-CHRG;;;;Preis für Kontoführung;
LENA-001755;CH4400700110001234567;2026-08-03;2026-08-03;1890.00;CHF;DBIT;PMNT-ICDT-STDO;Immobilien Verwaltung Seefeld AG;;;Dauerauftrag Miete Wohnung Josefstrasse 12;
LENA-001756;CH4400700110001234567;2026-08-03;2026-08-03;150.00;CHF;DBIT;PMNT-ICDT-STDO;Immobilien Verwaltung Seefeld AG;;;Dauerauftrag Einstellplatz Nr. 17;
LENA-001757;CH4400700110001234567;2026-08-03;2026-08-03;131.05;CHF;DBIT;PMNT-ICDT-DMCT;Physiotherapie Kreis 4;;Honorarrechnung;Zahlung Rechnung Physiotherapie Kreis 4;
LENA-001758;CH4400700110001234567;2026-08-03;2026-08-03;89.00;CHF;DBIT;PMNT-IDDT-ESDD;Update Fitness AG;;;LSV Update Fitness Abo;
LENA-001759;CH4400700110001234567;2026-08-03;2026-08-03;86.45;CHF;DBIT;PMNT-CCRD-POSD;Games Workshop Zürich;;;Einkauf Games Workshop Zürich Zürich Karte xxxx 4821;5945
LENA-001760;CH4400700110001234567;2026-08-03;2026-08-03;59.85;CHF;DBIT;PMNT-CCRD-POSD;Decathlon;;;Einkauf Decathlon Zürich Karte xxxx 4821;5651
LENA-001761;CH4400700110001234567;2026-08-03;2026-08-03;41.00;CHF;DBIT;PMNT-CCRD-POSD;Restaurant Hiltl;;;Einkauf Restaurant Hiltl Zürich Karte xxxx 4821;5812
LENA-001762;CH4400700110001234567;2026-08-04;2026-08-04;30.45;CHF;DBIT;PMNT-CCRD-POSD;ZVV Ticketautomat;;;Einkauf ZVV Ticketautomat Zürich Karte xxxx 4821;4111
LENA-001763;CH4400700110001234567;2026-08-05;2026-08-05;432.40;CHF;DBIT;PMNT-IDDT-ESDD;Helsana Versicherungen AG;;;LSV Prämie Grundversicherung 08/2026;
LENA-001764;CH4400700110001234567;2026-08-05;2026-08-05;78.35;CHF;DBIT;PMNT-CCRD-POSD;Coop Pronto Tankstelle;;;Einkauf Coop Pronto Tankstelle Zürich Karte xxxx 4821;5541
LENA-001765;CH4400700110001234567;2026-08-07;2026-08-07;17.65;CHF;DBIT;PMNT-CCRD-POSD;Amavita Apotheke;;;Einkauf Amavita Apotheke Zürich Karte xxxx 4821;5912
LENA-001766;CH4400700110001234567;2026-08-07;2026-08-07;9.75;CHF;DBIT;PMNT-CCRD-POSD;Parkingpay;;;Einkauf Parkingpay Zürich Karte xxxx 4821;
LENA-001767;CH4400700110001234567;2026-08-10;2026-08-10;49.90;CHF;DBIT;PMNT-IDDT-ESDD;Sunrise GmbH;;;LSV Sunrise Mobile Abo;
LENA-001768;CH4400700110001234567;2026-08-10;2026-08-10;43.95;CHF;DBIT;PMNT-CCRD-POSD;Starbucks;;;Einkauf Starbucks Zürich Karte xxxx 4821;5812
LENA-001769;CH4400700110001234567;2026-08-10;2026-08-10;34.20;CHF;DBIT;PMNT-CCRD-POSD;Denner;;;Einkauf Denner Zürich Karte xxxx 4821;5411
LENA-001770;CH4400700110001234567;2026-08-10;2026-08-10;12.20;CHF;DBIT;PMNT-CCRD-POSD;;;;TWINT *Bäckerei Hug;
LENA-001771;CH4400700110001234567;2026-08-11;2026-08-11;115.15;CHF;DBIT;PMNT-CCRD-POSD;Lidl;;;Einkauf Lidl Zürich Karte xxxx 4821;5411
LENA-001772;CH4400700110001234567;2026-08-12;2026-08-12;109.50;CHF;DBIT;PMNT-CCRD-POSD;Galaxus;;;Einkauf Galaxus Zürich Karte xxxx 4821;5651
LENA-001773;CH4400700110001234567;2026-08-12;2026-08-12;80.20;CHF;DBIT;PMNT-CCRD-POSD;Aldi Suisse;;;Einkauf Aldi Suisse Winterthur Karte xxxx 4821;5411
LENA-001774;CH4400700110001234567;2026-08-12;2026-08-12;57.25;CHF;DBIT;PMNT-CCRD-POSD;Denner;;;Einkauf Denner Zürich Karte xxxx 4821;5411
LENA-001775;CH4400700110001234567;2026-08-12;2026-08-12;35.30;CHF;DBIT;PMNT-CCRD-POSD;Sushi Mania;;;Einkauf Sushi Mania Zürich Karte xxxx 4821;5812
LENA-001776;CH4400700110001234567;2026-08-12;2026-08-12;20.90;CHF;DBIT;PMNT-CCRD-POSD;Netflix International B.V.;;;Einkauf NETFLIX.COM Karte xxxx 4821;4899
LENA-001777;CH4400700110001234567;2026-08-13;2026-08-13;52.85;CHF;DBIT;PMNT-CCRD-POSD;Migros;;;Einkauf Migros Zürich Karte xxxx 4821;5411
LENA-001778;CH4400700110001234567;2026-08-13;2026-08-13;41.45;CHF;DBIT;PMNT-CCRD-POSD;Lidl;;;Einkauf Lidl Zürich HB Karte xxxx 4821;5411
LENA-001779;CH4400700110001234567;2026-08-14;2026-08-14;87.15;CHF;DBIT;PMNT-CCRD-POSD;Coop;;;Einkauf Coop Zürich HB Karte xxxx 4821;5411
LENA-001780;CH4400700110001234567;2026-08-14;2026-08-14;30.05;CHF;DBIT;PMNT-CCRD-POSD;Tibits;;;Einkauf Tibits Zürich Karte xxxx 4821;5812
LENA-001781;CH4400700110001234567;2026-08-14;2026-08-14;16.00;CHF;DBIT;PMNT-ICDT-ESCT;;;;TWINT *Sende an Jonas Frei;
LENA-001782;CH4400700110001234567;2026-08-17;2026-08-17;459.00;CHF;DBIT;PMNT-IDDT-ESDD;AMAG Leasing AG;;;Lastschrift Leasingvertrag 4410-2231 Rate;
LENA-001783;CH4400700110001234567;2026-08-18;2026-08-18;34.25;CHF;DBIT;PMNT-CCRD-POSD;Lidl;;;Einkauf Lidl Winterthur Karte xxxx 4821;5411
LENA-001784;CH4400700110001234567;2026-08-18;2026-08-18;13.95;CHF;DBIT;PMNT-CCRD-POSD;Spotify AB;;;Einkauf Spotify P2F4A1 Stockholm Karte xxxx 4821;5815
LENA-001785;CH4400700110001234567;2026-08-20;2026-08-20;2338.95;CHF;DBIT;PMNT-IDDT-ESDD;Viseca Card Services SA;;;Lastschrift Viseca Card Services SA Monatsrechnung 07/2026;
LENA-001786;CH4400700110001234567;2026-08-20;2026-08-20;99.10;CHF;DBIT;PMNT-CCRD-POSD;Aldi Suisse;;;Einkauf Aldi Suisse Zürich HB Karte xxxx 4821;5411
LENA-001787;CH4400700110001234567;2026-08-24;2026-08-24;126.95;CHF;DBIT;PMNT-CCRD-POSD;Fantasywelt Zürich;;;Einkauf Fantasywelt Zürich Zürich Karte xxxx 4821;5945
LENA-001788;CH4400700110001234567;2026-08-24;2026-08-24;100.90;CHF;DBIT;PMNT-CCRD-POSD;Socar Tankstelle;;;Einkauf Socar Tankstelle Zürich Karte xxxx 4821;5541
LENA-001789;CH4400700110001234567;2026-08-24;2026-08-24;78.20;CHF;DBIT;PMNT-CCRD-POSD;Fantasywelt Zürich;;;Einkauf Fantasywelt Zürich Zürich Karte xxxx 4821;5945
LENA-001790;CH4400700110001234567;2026-08-24;2026-08-24;37.30;CHF;DBIT;PMNT-CCRD-POSD;Holy Cow Gourmet Burger;;;Einkauf Holy Cow Gourmet Burger Zürich Karte xxxx 4821;5812
LENA-001791;CH4400700110001234567;2026-08-24;2026-08-24;35.35;CHF;DBIT;PMNT-CCRD-POSD;Holy Cow Gourmet Burger;;;Einkauf Holy Cow Gourmet Burger Zürich Karte xxxx 4821;5812
LENA-001792;CH4400700110001234567;2026-08-24;2026-08-24;30.60;CHF;DBIT;PMNT-CCRD-POSD;Sushi Mania;;;Einkauf Sushi Mania Zürich Karte xxxx 4821;5812
LENA-001793;CH4400700110001234567;2026-08-24;2026-08-24;11.15;CHF;DBIT;PMNT-CCRD-POSD;;;;TWINT *Bäckerei Hug;
LENA-001794;CH4400700110001234567;2026-08-25;2026-08-25;68.45;CHF;DBIT;PMNT-CCRD-POSD;Zeughauskeller;;;Einkauf Zeughauskeller Zürich Karte xxxx 4821;5812
LENA-001795;CH4400700110001234567;2026-08-25;2026-08-25;7030.00;CHF;CRDT;PMNT-RCDT-SALA;Limmat Data Solutions AG;CH9300762011623852957;;Gutschrift Lohn August 2026;
LENA-001796;CH4400700110001234567;2026-08-26;2026-08-26;500.00;CHF;DBIT;PMNT-ICDT-BOOK;;CH7100700110009876543;;Übertrag auf Sparkonto;
LENA-001797;CH7100700110009876543;2026-08-26;2026-08-26;500.00;CHF;CRDT;PMNT-RCDT-BOOK;;CH4400700110001234567;;Übertrag auf Sparkonto;
LENA-001798;CH4400700110001234567;2026-08-28;2026-08-28;1020.00;CHF;DBIT;PMNT-ICDT-STDO;Steueramt der Stadt Zürich;;;Dauerauftrag Steuern Ratenzahlung;
LENA-001799;CH4400700110001234567;2026-08-28;2026-08-28;18.10;CHF;DBIT;PMNT-CCRD-POSD;Coop;;;Einkauf Coop Zürich HB Karte xxxx 4821;5411
LENA-001800;CH4400700110001234567;2026-08-28;2026-08-28;3.00;CHF;DBIT;ACMT-MDOP-CHRG;;;;Preis für Kontoführung;
LENA-001322;CH4400700110001234567;2025-10-20;2025-10-20;70.90;CHF;DBIT;PMNT-IDDT-ESDD;Viseca Card Services SA;;;Lastschrift Viseca Card Services SA Monatsrechnung 09/2025;
LENA-001126;CH4400700110001234567;2025-06-27;2025-06-27;19.25;CHF;DBIT;PMNT-ICDT-ESCT;;;;TWINT *Sende an Jonas Frei;
